_id,subject,topic,tag,task,duration,status,user,createdAt,finishedAt,__v
68261e89135f2cb0d06b0e54,Web Development,my-blog-pomo,,,140,done,682328e4b838d475ecd54f91,2024-08-19T14:15:34.000Z,2024-08-18T22:00:00.000Z,0
68261e89135f2cb0d06b0e56,Reading,"HTML, CSS, JS",,,35,done,682328e4b838d475ecd54f91,2024-08-16T05:41:36.000Z,2024-08-15T22:00:00.000Z,0
68261e89135f2cb0d06b0e55,Web Development,my-blog-pomo,,,120,done,682328e4b838d475ecd54f91,2024-08-19T06:57:53.000Z,2024-08-18T22:00:00.000Z,0
68261e89135f2cb0d06b0e59,Web Development,my-blog-pomo,,,120,done,682328e4b838d475ecd54f91,2024-08-13T16:03:53.000Z,2024-08-12T22:00:00.000Z,0
68261e89135f2cb0d06b0e5a,Web Development,my-blog-pomo,,,150,done,682328e4b838d475ecd54f91,2024-08-13T13:08:25.000Z,2024-08-12T22:00:00.000Z,0
68261e89135f2cb0d06b0e5b,Web Development,my-blog,,,120,done,682328e4b838d475ecd54f91,2024-08-10T03:13:59.000Z,2024-08-09T22:00:00.000Z,0
68261e89135f2cb0d06b0e5c,Web Development,my-blog,,,180,done,682328e4b838d475ecd54f91,2024-08-09T22:21:05.000Z,2024-08-09T22:00:00.000Z,0
68261e89135f2cb0d06b0e5d,Web Development,mosque,,,150,done,682328e4b838d475ecd54f91,2024-08-08T01:15:31.000Z,2024-08-07T22:00:00.000Z,0
68261e89135f2cb0d06b0e5e,Web Development,Mosque,,,200,done,682328e4b838d475ecd54f91,2024-08-07T19:42:15.000Z,2024-08-06T22:00:00.000Z,0
68261e89135f2cb0d06b0e5f,Web Development,webshop,,,70,done,682328e4b838d475ecd54f91,2024-08-07T15:11:46.000Z,2024-08-06T22:00:00.000Z,0
68261e89135f2cb0d06b0e60,Web Development,webshop,,,120,done,682328e4b838d475ecd54f91,2024-08-07T12:31:14.000Z,2024-08-06T22:00:00.000Z,0
68261e89135f2cb0d06b0e61,Web Development,webshop,,,60,done,682328e4b838d475ecd54f91,2024-08-07T10:26:04.000Z,2024-08-06T22:00:00.000Z,0
68261e89135f2cb0d06b0e62,Web Development,webshop,,,120,done,682328e4b838d475ecd54f91,2024-08-07T08:34:47.000Z,2024-08-06T22:00:00.000Z,0
68261e89135f2cb0d06b0e63,Web Development,webshop,,,60,done,682328e4b838d475ecd54f91,2024-08-06T08:37:56.000Z,2024-08-05T22:00:00.000Z,0
68261e89135f2cb0d06b0e64,Web Development,webshop,,,70,done,682328e4b838d475ecd54f91,2024-08-05T21:36:24.000Z,2024-08-04T22:00:00.000Z,0
68261e89135f2cb0d06b0e65,Web Development,webshop,,,100,done,682328e4b838d475ecd54f91,2024-08-05T19:29:21.000Z,2024-08-04T22:00:00.000Z,0
68261e89135f2cb0d06b0e66,Web Development,webshop,,,60,done,682328e4b838d475ecd54f91,2024-08-05T17:41:42.000Z,2024-08-04T22:00:00.000Z,0
68261e89135f2cb0d06b0e67,Web Development,webshop,,,200,done,682328e4b838d475ecd54f91,2024-08-05T05:06:58.000Z,2024-08-04T22:00:00.000Z,0
68261e89135f2cb0d06b0e68,Web Development,webshop,,,25,done,682328e4b838d475ecd54f91,2024-08-04T20:27:13.000Z,2024-08-03T22:00:00.000Z,0
68261e89135f2cb0d06b0e69,Web Development,webshop,,,100,done,682328e4b838d475ecd54f91,2024-08-04T19:56:15.000Z,2024-08-03T22:00:00.000Z,0
68261e89135f2cb0d06b0e6a,Web Development,webshop,,,90,done,682328e4b838d475ecd54f91,2024-08-04T17:56:08.000Z,2024-08-03T22:00:00.000Z,0
68261e89135f2cb0d06b0e6b,Web Development,webshop,,,100,done,682328e4b838d475ecd54f91,2024-08-04T16:13:42.000Z,2024-08-03T22:00:00.000Z,0
68261e89135f2cb0d06b0e6c,Web Development,webshop,,,60,done,682328e4b838d475ecd54f91,2024-08-04T16:13:20.000Z,2024-08-03T22:00:00.000Z,0
68261e89135f2cb0d06b0e57,Web Development,my-blog-pomo,,,150,done,682328e4b838d475ecd54f91,2024-08-15T05:32:45.000Z,2024-08-14T22:00:00.000Z,0
68261e89135f2cb0d06b0e58,Web Development,my-blog-pomo,,,150,done,682328e4b838d475ecd54f91,2024-08-14T07:52:44.000Z,2024-08-13T22:00:00.000Z,0
68261e89135f2cb0d06b0e6f,Web Development,my-blog,,,150,done,682328e4b838d475ecd54f91,2024-08-01T18:23:27.000Z,2024-07-31T22:00:00.000Z,0
68261e89135f2cb0d06b0e70,Web Development,my-blog,,,180,done,682328e4b838d475ecd54f91,2024-07-31T07:47:04.000Z,2024-07-30T22:00:00.000Z,0
68261e89135f2cb0d06b0e71,Web Development,my-blog,,,60,done,682328e4b838d475ecd54f91,2024-07-30T16:59:30.000Z,2024-07-29T22:00:00.000Z,0
68261e89135f2cb0d06b0e72,Web Development,my-blog,,,330,done,682328e4b838d475ecd54f91,2024-07-30T16:12:35.000Z,2024-07-29T22:00:00.000Z,0
68261e89135f2cb0d06b0e73,Web Development,my-blog,,,60,done,682328e4b838d475ecd54f91,2024-07-29T03:26:14.000Z,2024-07-28T22:00:00.000Z,0
68261e89135f2cb0d06b0e74,Web Development,my-blog,,,120,done,682328e4b838d475ecd54f91,2024-07-28T08:14:19.000Z,2024-07-27T22:00:00.000Z,0
68261e89135f2cb0d06b0e75,Web Development,my-blog,,,120,done,682328e4b838d475ecd54f91,2024-07-27T07:57:26.000Z,2024-07-26T22:00:00.000Z,0
68261e89135f2cb0d06b0e76,Web Development,my-blog,,,60,done,682328e4b838d475ecd54f91,2024-07-27T02:06:12.000Z,2024-07-26T22:00:00.000Z,0
68261e89135f2cb0d06b0e77,Web Development,my-blog,,,60,done,682328e4b838d475ecd54f91,2024-07-26T08:48:07.000Z,2024-07-25T22:00:00.000Z,0
68261e89135f2cb0d06b0e78,Web Development,my-blog,,,60,done,682328e4b838d475ecd54f91,2024-07-26T07:13:12.000Z,2024-07-25T22:00:00.000Z,0
68261e89135f2cb0d06b0e79,Web Development,my-blog,,,110,done,682328e4b838d475ecd54f91,2024-07-25T09:05:35.000Z,2024-07-24T22:00:00.000Z,0
68261e89135f2cb0d06b0e7a,Web Development,my-blog,,,70,done,682328e4b838d475ecd54f91,2024-07-24T14:41:23.000Z,2024-07-23T22:00:00.000Z,0
68261e89135f2cb0d06b0e7b,Web Development,my-blog,,,120,done,682328e4b838d475ecd54f91,2024-07-24T07:26:53.000Z,2024-07-23T22:00:00.000Z,0
68261e89135f2cb0d06b0e7c,Web Development,webshop,,,120,done,682328e4b838d475ecd54f91,2024-07-23T15:48:07.000Z,2024-07-22T22:00:00.000Z,0
68261e89135f2cb0d06b0e7d,Web Development,webshop,,,100,done,682328e4b838d475ecd54f91,2024-07-23T13:18:35.000Z,2024-07-22T22:00:00.000Z,0
68261e89135f2cb0d06b0e7e,Web Development,webshop,,,155,done,682328e4b838d475ecd54f91,2024-07-23T08:38:05.000Z,2024-07-22T22:00:00.000Z,0
68261e89135f2cb0d06b0e7f,Web Development,webshop,,,50,done,682328e4b838d475ecd54f91,2024-07-23T05:33:45.000Z,2024-07-22T22:00:00.000Z,0
68261e89135f2cb0d06b0e80,Web Development,webshop,,,90,done,682328e4b838d475ecd54f91,2024-07-23T04:36:12.000Z,2024-07-22T22:00:00.000Z,0
68261e89135f2cb0d06b0e81,Web Development,my-blog,,,180,done,682328e4b838d475ecd54f91,2024-07-22T09:03:40.000Z,2024-07-21T22:00:00.000Z,0
68261e89135f2cb0d06b0e82,Web Development,my-blog,,,75,done,682328e4b838d475ecd54f91,2024-07-22T06:28:35.000Z,2024-07-21T22:00:00.000Z,0
68261e89135f2cb0d06b0e83,Web Development,my-blog,,,240,done,682328e4b838d475ecd54f91,2024-07-21T19:16:48.000Z,2024-07-20T22:00:00.000Z,0
68261e89135f2cb0d06b0e84,Web Development,my-blog,,,120,done,682328e4b838d475ecd54f91,2024-07-21T15:36:35.000Z,2024-07-20T22:00:00.000Z,0
68261e89135f2cb0d06b0e85,Web Development,booking,,,150,done,682328e4b838d475ecd54f91,2024-07-21T07:59:39.000Z,2024-07-20T22:00:00.000Z,0
68261e89135f2cb0d06b0e86,Web Development,booking,,,90,done,682328e4b838d475ecd54f91,2024-07-20T19:22:30.000Z,2024-07-19T22:00:00.000Z,0
68261e89135f2cb0d06b0e87,Web Development,booking,,,75,done,682328e4b838d475ecd54f91,2024-07-20T17:27:04.000Z,2024-07-19T22:00:00.000Z,0
68261e89135f2cb0d06b0e88,Web Development,booking,,,120,done,682328e4b838d475ecd54f91,2024-07-20T16:06:58.000Z,2024-07-19T22:00:00.000Z,0
68261e89135f2cb0d06b0e6d,Web Development,webshop,,,150,done,682328e4b838d475ecd54f91,2024-08-04T09:07:38.000Z,2024-08-03T22:00:00.000Z,0
68261e89135f2cb0d06b0e6e,Web Development,webshop,,,180,done,682328e4b838d475ecd54f91,2024-08-02T07:33:23.000Z,2024-08-01T22:00:00.000Z,0
68261e89135f2cb0d06b0e8b,Web Development,webshop,,,150,done,682328e4b838d475ecd54f91,2024-07-19T08:52:19.000Z,2024-07-18T22:00:00.000Z,0
68261e89135f2cb0d06b0e8c,Web Development,Webshop,,,250,done,682328e4b838d475ecd54f91,2024-07-18T12:55:26.000Z,2024-07-17T22:00:00.000Z,0
68261e89135f2cb0d06b0e8d,Web Development,Webshop,,,85,done,682328e4b838d475ecd54f91,2024-07-18T12:55:11.000Z,2024-07-17T22:00:00.000Z,0
68261e89135f2cb0d06b0e8e,Web Development,Webshop,,,135,done,682328e4b838d475ecd54f91,2024-07-18T07:03:08.000Z,2024-07-17T22:00:00.000Z,0
68261e89135f2cb0d06b0e8f,Web Development,my-blog,,,130,done,682328e4b838d475ecd54f91,2024-07-15T19:02:20.000Z,2024-07-14T22:00:00.000Z,0
68261e89135f2cb0d06b0e90,Web Development,my-blog,,,110,done,682328e4b838d475ecd54f91,2024-07-15T15:53:28.000Z,2024-07-14T22:00:00.000Z,0
68261e89135f2cb0d06b0e91,Web Development,my-blog,,,165,done,682328e4b838d475ecd54f91,2024-07-15T08:44:21.000Z,2024-07-14T22:00:00.000Z,0
68261e89135f2cb0d06b0e92,Web Development,my-blog,,,90,done,682328e4b838d475ecd54f91,2024-07-15T06:00:54.000Z,2024-07-14T22:00:00.000Z,0
68261e89135f2cb0d06b0e93,Web Development,my-blog,,,90,done,682328e4b838d475ecd54f91,2024-07-13T01:41:53.000Z,2024-07-12T22:00:00.000Z,0
68261e89135f2cb0d06b0e94,Web Development,my-blog,,,120,done,682328e4b838d475ecd54f91,2024-07-11T09:40:54.000Z,2024-07-10T22:00:00.000Z,0
68261e89135f2cb0d06b0e95,Web Development,my-blog,,,100,done,682328e4b838d475ecd54f91,2024-07-11T06:21:59.000Z,2024-07-10T22:00:00.000Z,0
68261e89135f2cb0d06b0e96,Web Development,my-blog,,,90,done,682328e4b838d475ecd54f91,2024-07-10T08:49:26.000Z,2024-07-09T22:00:00.000Z,0
68261e89135f2cb0d06b0e97,Web Development,my-blog,,,65,done,682328e4b838d475ecd54f91,2024-07-08T07:43:48.000Z,2024-07-07T22:00:00.000Z,0
68261e89135f2cb0d06b0e98,Web Development,my-blog,,,70,done,682328e4b838d475ecd54f91,2024-07-08T06:34:28.000Z,2024-07-07T22:00:00.000Z,0
68261e89135f2cb0d06b0e99,Web Development,my-blog,,,120,done,682328e4b838d475ecd54f91,2024-07-08T04:07:56.000Z,2024-07-07T22:00:00.000Z,0
68261e89135f2cb0d06b0e9a,Web Development,my-blog,,,85,done,682328e4b838d475ecd54f91,2024-07-07T14:25:45.000Z,2024-07-06T22:00:00.000Z,0
68261e89135f2cb0d06b0e9b,Web Development,my-blog,,,110,done,682328e4b838d475ecd54f91,2024-07-07T11:54:30.000Z,2024-07-06T22:00:00.000Z,0
68261e89135f2cb0d06b0e9c,Web Development,my-blog,,,80,done,682328e4b838d475ecd54f91,2024-07-07T10:21:25.000Z,2024-07-06T22:00:00.000Z,0
68261e89135f2cb0d06b0e9d,Reading,"Muslim, Actually",,,150,done,682328e4b838d475ecd54f91,2024-07-06T09:26:20.000Z,2024-07-05T22:00:00.000Z,0
68261e89135f2cb0d06b0e9e,Reading,"Muslim, Actually",,,120,done,682328e4b838d475ecd54f91,2024-06-21T18:20:22.000Z,2024-06-20T22:00:00.000Z,0
68261e89135f2cb0d06b0e9f,Web Development,my-blog,,,30,done,682328e4b838d475ecd54f91,2024-06-21T17:25:17.000Z,2024-06-20T22:00:00.000Z,0
68261e89135f2cb0d06b0ea0,Web Development,my-blog,,,45,done,682328e4b838d475ecd54f91,2024-06-21T16:52:29.000Z,2024-06-20T22:00:00.000Z,0
68261e89135f2cb0d06b0ea1,Web Development,my-blog,,,75,done,682328e4b838d475ecd54f91,2024-06-21T15:19:34.000Z,2024-06-20T22:00:00.000Z,0
68261e89135f2cb0d06b0ea2,Web Development,my-blog,,,80,done,682328e4b838d475ecd54f91,2024-06-21T13:40:31.000Z,2024-06-20T22:00:00.000Z,0
68261e89135f2cb0d06b0ea3,Web Development,my-blog,,,85,done,682328e4b838d475ecd54f91,2024-06-20T11:34:39.000Z,2024-06-19T22:00:00.000Z,0
68261e89135f2cb0d06b0ea4,Web Development,my-blog,,,95,done,682328e4b838d475ecd54f91,2024-06-20T10:18:26.000Z,2024-06-19T22:00:00.000Z,0
68261e89135f2cb0d06b0ea5,Web Development,blog,,,180,done,682328e4b838d475ecd54f91,2024-06-07T04:46:06.000Z,2024-06-06T22:00:00.000Z,0
68261e89135f2cb0d06b0ea6,Web Development,blog,,,160,done,682328e4b838d475ecd54f91,2024-06-05T19:20:53.000Z,2024-06-04T22:00:00.000Z,0
68261e89135f2cb0d06b0ea7,Web Development,blogging,,,90,done,682328e4b838d475ecd54f91,2024-06-02T17:45:43.000Z,2024-06-01T22:00:00.000Z,0
68261e89135f2cb0d06b0ea8,Web Development,my-blog,,,90,done,682328e4b838d475ecd54f91,2024-06-02T10:06:56.000Z,2024-06-01T22:00:00.000Z,0
68261e89135f2cb0d06b0ea9,Web Development,blogging,,,60,done,682328e4b838d475ecd54f91,2024-06-01T08:00:58.000Z,2024-05-31T22:00:00.000Z,0
68261e89135f2cb0d06b0eaa,Web Development,blogging,,,120,done,682328e4b838d475ecd54f91,2024-06-01T07:11:22.000Z,2024-05-31T22:00:00.000Z,0
68261e89135f2cb0d06b0eab,Web Development,my-blog,,,30,done,682328e4b838d475ecd54f91,2024-05-31T19:59:32.000Z,2024-05-30T22:00:00.000Z,0
68261e89135f2cb0d06b0e89,Web Development,booking,,,120,done,682328e4b838d475ecd54f91,2024-07-20T14:19:16.000Z,2024-07-19T22:00:00.000Z,0
68261e89135f2cb0d06b0e8a,Web Development,booking,,,70,done,682328e4b838d475ecd54f91,2024-07-20T11:43:00.000Z,2024-07-19T22:00:00.000Z,0
68261e89135f2cb0d06b0eae,Software Engineering - SAnD,Exam Preparation,,,38,done,682328e4b838d475ecd54f91,2024-05-28T15:45:50.000Z,2024-05-27T22:00:00.000Z,0
68261e89135f2cb0d06b0eaf,Software Engineering - SAnD,Exam Preparation,,,40,done,682328e4b838d475ecd54f91,2024-05-28T14:42:14.000Z,2024-05-27T22:00:00.000Z,0
68261e89135f2cb0d06b0eb0,Software Engineering - SAnD,Exam Preparation,,,51,done,682328e4b838d475ecd54f91,2024-05-28T13:03:02.000Z,2024-05-27T22:00:00.000Z,0
68261e89135f2cb0d06b0eb1,Software Engineering - SAnD,Exam Preparation,,,40,done,682328e4b838d475ecd54f91,2024-05-28T11:37:52.000Z,2024-05-27T22:00:00.000Z,0
68261e89135f2cb0d06b0eb2,Software Engineering - SAnD,Exam Preparation,,,45,done,682328e4b838d475ecd54f91,2024-05-28T10:54:12.000Z,2024-05-27T22:00:00.000Z,0
68261e89135f2cb0d06b0eb3,Software Engineering - SAnD,Exam Preparation,,,45,done,682328e4b838d475ecd54f91,2024-05-28T09:04:39.000Z,2024-05-27T22:00:00.000Z,0
68261e89135f2cb0d06b0eb4,Software Engineering - SAnD,Exam Preparation,,,56,done,682328e4b838d475ecd54f91,2024-05-28T08:02:53.000Z,2024-05-27T22:00:00.000Z,0
68261e89135f2cb0d06b0eb5,Software Engineering - SAnD,Exam Preparation,,,25,done,682328e4b838d475ecd54f91,2024-05-28T04:30:10.000Z,2024-05-27T22:00:00.000Z,0
68261e89135f2cb0d06b0eb6,Software Engineering - SAnD,Exam Preparation,,,35,done,682328e4b838d475ecd54f91,2024-05-28T03:19:49.000Z,2024-05-27T22:00:00.000Z,0
68261e89135f2cb0d06b0eb7,Software Engineering - SAnD,Exam Preparation,,,40,done,682328e4b838d475ecd54f91,2024-05-28T02:29:45.000Z,2024-05-27T22:00:00.000Z,0
68261e89135f2cb0d06b0eb8,Software Engineering - SAnD,Exam Preparation,,,40,done,682328e4b838d475ecd54f91,2024-05-28T01:36:13.000Z,2024-05-27T22:00:00.000Z,0
68261e89135f2cb0d06b0eb9,Software Engineering - SAnD,Exam Preparation,,,50,done,682328e4b838d475ecd54f91,2024-05-27T16:52:43.000Z,2024-05-26T22:00:00.000Z,0
68261e89135f2cb0d06b0eba,Software Engineering - SAnD,Exam Preparation,,,45,done,682328e4b838d475ecd54f91,2024-05-27T15:44:43.000Z,2024-05-26T22:00:00.000Z,0
68261e89135f2cb0d06b0ebb,Software Engineering - SAnD,Exam Preparation,,,25,done,682328e4b838d475ecd54f91,2024-05-27T12:42:47.000Z,2024-05-26T22:00:00.000Z,0
68261e89135f2cb0d06b0ebc,Software Engineering - SAnD,Exam Preparation,,,6,done,682328e4b838d475ecd54f91,2024-05-27T12:17:45.000Z,2024-05-26T22:00:00.000Z,0
68261e89135f2cb0d06b0ebd,Software Engineering - SAnD,Exam Preparation,,,67,done,682328e4b838d475ecd54f91,2024-05-26T12:31:44.000Z,2024-05-25T22:00:00.000Z,0
68261e89135f2cb0d06b0ebe,Software Engineering - SAnD,Exam Preparation,,,94,done,682328e4b838d475ecd54f91,2024-05-26T10:54:18.000Z,2024-05-25T22:00:00.000Z,0
68261e89135f2cb0d06b0ebf,Software Engineering - SAnD,Exam Preparation,,,65,done,682328e4b838d475ecd54f91,2024-05-24T17:06:45.000Z,2024-05-23T22:00:00.000Z,0
68261e89135f2cb0d06b0ec0,Software Engineering - SAnD,Exam Preparation,,,55,done,682328e4b838d475ecd54f91,2024-05-24T15:01:00.000Z,2024-05-23T22:00:00.000Z,0
68261e89135f2cb0d06b0ec1,Software Engineering - SAnD,Exam Preparation,,,43,done,682328e4b838d475ecd54f91,2024-05-24T13:25:54.000Z,2024-05-23T22:00:00.000Z,0
68261e89135f2cb0d06b0ec2,Software Engineering - SAnD,Exam Preparation,,,62,done,682328e4b838d475ecd54f91,2024-05-24T12:31:27.000Z,2024-05-23T22:00:00.000Z,0
68261e89135f2cb0d06b0ec3,Software Engineering - SAnD,Exam Preparation,,,65,done,682328e4b838d475ecd54f91,2024-05-24T11:05:21.000Z,2024-05-23T22:00:00.000Z,0
68261e89135f2cb0d06b0ec4,Software Engineering - SAnD,Exam Preparation,,,55,done,682328e4b838d475ecd54f91,2024-05-23T17:45:51.000Z,2024-05-22T22:00:00.000Z,0
68261e89135f2cb0d06b0ec5,Software Engineering - SAnD,Exam Preparation ,,,30,done,682328e4b838d475ecd54f91,2024-05-22T17:54:26.000Z,2024-05-21T22:00:00.000Z,0
68261e89135f2cb0d06b0ec6,Software Engineering - SAnD,Exam Preparation ,,,35,done,682328e4b838d475ecd54f91,2024-05-22T17:11:08.000Z,2024-05-21T22:00:00.000Z,0
68261e89135f2cb0d06b0ec7,Software Engineering - SAnD,Exam Preparation ,,,35,done,682328e4b838d475ecd54f91,2024-05-22T16:22:57.000Z,2024-05-21T22:00:00.000Z,0
68261e89135f2cb0d06b0ec8,Software Engineering - SAnD,Exam Preparation ,,,50,done,682328e4b838d475ecd54f91,2024-05-22T14:25:15.000Z,2024-05-21T22:00:00.000Z,0
68261e89135f2cb0d06b0ec9,Software Engineering - SAnD,Exam Preparation ,,,55,done,682328e4b838d475ecd54f91,2024-05-22T12:56:02.000Z,2024-05-21T22:00:00.000Z,0
68261e89135f2cb0d06b0eca,Software Engineering - SAnD,Exam Preparation ,,,35,done,682328e4b838d475ecd54f91,2024-05-22T11:46:21.000Z,2024-05-21T22:00:00.000Z,0
68261e89135f2cb0d06b0ecb,Software Engineering - SAnD,Exam Preparation ,,,50,done,682328e4b838d475ecd54f91,2024-05-22T10:53:29.000Z,2024-05-21T22:00:00.000Z,0
68261e89135f2cb0d06b0ecc,Software Engineering - SAnD,A3,,,300,done,682328e4b838d475ecd54f91,2024-05-21T14:55:01.000Z,2024-05-20T22:00:00.000Z,0
68261e89135f2cb0d06b0ecd,Software Engineering - SAnD,A3,,,85,done,682328e4b838d475ecd54f91,2024-05-20T18:07:20.000Z,2024-05-19T22:00:00.000Z,0
68261e89135f2cb0d06b0ece,Software Engineering - SAnD,A3,,,204,done,682328e4b838d475ecd54f91,2024-05-20T14:34:06.000Z,2024-05-19T22:00:00.000Z,0
68261e89135f2cb0d06b0ecf,Software Engineering - SAnD,A3,,,100,done,682328e4b838d475ecd54f91,2024-05-20T11:10:20.000Z,2024-05-19T22:00:00.000Z,0
68261e89135f2cb0d06b0ed0,Software Engineering - SAnD,A3,,,90,done,682328e4b838d475ecd54f91,2024-05-20T08:14:38.000Z,2024-05-19T22:00:00.000Z,0
68261e89135f2cb0d06b0ed1,Software Engineering - MP2,meeting,,,45,done,682328e4b838d475ecd54f91,2024-05-20T08:14:16.000Z,2024-05-19T22:00:00.000Z,0
68261e89135f2cb0d06b0ed2,Software Engineering - MP2,Individual report,,,320,done,682328e4b838d475ecd54f91,2024-05-19T18:14:24.000Z,2024-05-18T22:00:00.000Z,0
68261e89135f2cb0d06b0ed3,Software Engineering - MP2,Individual report,,,120,done,682328e4b838d475ecd54f91,2024-05-17T19:44:35.000Z,2024-05-16T22:00:00.000Z,0
68261e89135f2cb0d06b0ed4,Software Engineering - MP2,Individual report,,,100,done,682328e4b838d475ecd54f91,2024-05-17T08:29:14.000Z,2024-05-16T22:00:00.000Z,0
68261e89135f2cb0d06b0eac,Software Engineering - SAnD,Exam Preparation,,,80,done,682328e4b838d475ecd54f91,2024-05-28T19:00:35.000Z,2024-05-27T22:00:00.000Z,0
68261e89135f2cb0d06b0ead,Software Engineering - SAnD,Exam Preparation,,,40,done,682328e4b838d475ecd54f91,2024-05-28T17:26:26.000Z,2024-05-27T22:00:00.000Z,0
68261e89135f2cb0d06b0ed7,Software Engineering - MP2,Finialize the damn project!,,,270,done,682328e4b838d475ecd54f91,2024-05-16T13:00:21.000Z,2024-05-15T22:00:00.000Z,0
68261e89135f2cb0d06b0ed8,Software Engineering - MP2,Documentation,,,140,done,682328e4b838d475ecd54f91,2024-05-15T16:57:38.000Z,2024-05-14T22:00:00.000Z,0
68261e89135f2cb0d06b0ed9,Software Engineering - MP2,Documentation,,,50,done,682328e4b838d475ecd54f91,2024-05-15T14:28:12.000Z,2024-05-14T22:00:00.000Z,0
68261e89135f2cb0d06b0eda,Software Engineering - MP2,Finalizing the project,,,90,done,682328e4b838d475ecd54f91,2024-05-14T22:03:48.000Z,2024-05-14T22:00:00.000Z,0
68261e89135f2cb0d06b0edb,Software Engineering - MP2,Finalizing the project,,,60,done,682328e4b838d475ecd54f91,2024-05-14T20:38:05.000Z,2024-05-13T22:00:00.000Z,0
68261e89135f2cb0d06b0edc,Software Engineering - MP2,Finalizing the project,,,90,done,682328e4b838d475ecd54f91,2024-05-14T19:24:03.000Z,2024-05-13T22:00:00.000Z,0
68261e89135f2cb0d06b0edd,Software Engineering - MP2,Finalizing the project,,,280,done,682328e4b838d475ecd54f91,2024-05-14T16:44:02.000Z,2024-05-13T22:00:00.000Z,0
68261e89135f2cb0d06b0ede,Software Engineering - MP2,Finalizing the project,,,60,done,682328e4b838d475ecd54f91,2024-05-14T11:50:58.000Z,2024-05-13T22:00:00.000Z,0
68261e89135f2cb0d06b0edf,Software Engineering - MP2,Finalizing the project,,,240,done,682328e4b838d475ecd54f91,2024-05-14T10:00:33.000Z,2024-05-13T22:00:00.000Z,0
68261e89135f2cb0d06b0ee0,Software Engineering - MP2,Group Meeting,,,60,done,682328e4b838d475ecd54f91,2024-05-14T10:00:25.000Z,2024-05-13T22:00:00.000Z,0
68261e89135f2cb0d06b0ee1,Software Engineering - SAnD,A3,,,75,done,682328e4b838d475ecd54f91,2024-05-12T18:33:34.000Z,2024-05-11T22:00:00.000Z,0
68261e89135f2cb0d06b0ee2,Software Engineering - SAnD,A3,,,50,done,682328e4b838d475ecd54f91,2024-05-12T17:31:59.000Z,2024-05-11T22:00:00.000Z,0
68261e89135f2cb0d06b0ee3,Software Engineering - SAnD,A3,,,50,done,682328e4b838d475ecd54f91,2024-05-12T10:04:57.000Z,2024-05-11T22:00:00.000Z,0
68261e89135f2cb0d06b0ee4,Software Engineering - SAnD,A3,,,25,done,682328e4b838d475ecd54f91,2024-05-12T09:08:25.000Z,2024-05-11T22:00:00.000Z,0
68261e89135f2cb0d06b0ee5,Software Engineering - SAnD,A3,,,45,done,682328e4b838d475ecd54f91,2024-05-12T08:14:23.000Z,2024-05-11T22:00:00.000Z,0
68261e89135f2cb0d06b0ee6,Software Engineering - MP2,Coding issue 17,,,50,done,682328e4b838d475ecd54f91,2024-05-11T18:19:55.000Z,2024-05-10T22:00:00.000Z,0
68261e89135f2cb0d06b0ee7,Software Engineering - MP2,Coding issue 17,,,121,done,682328e4b838d475ecd54f91,2024-05-11T16:54:38.000Z,2024-05-10T22:00:00.000Z,0
68261e89135f2cb0d06b0ee8,Software Engineering - MP2,Coding issue 17,,,60,done,682328e4b838d475ecd54f91,2024-05-11T14:53:26.000Z,2024-05-10T22:00:00.000Z,0
68261e89135f2cb0d06b0ee9,Software Engineering - MP2,Coding issue 17,,,120,done,682328e4b838d475ecd54f91,2024-05-10T16:09:00.000Z,2024-05-09T22:00:00.000Z,0
68261e89135f2cb0d06b0eea,Software Engineering - MP2,Coding issue 17,,,25,done,682328e4b838d475ecd54f91,2024-05-10T05:56:41.000Z,2024-05-09T22:00:00.000Z,0
68261e89135f2cb0d06b0eeb,Software Engineering - MP2,Coding issue 17,,,90,done,682328e4b838d475ecd54f91,2024-05-10T05:24:10.000Z,2024-05-09T22:00:00.000Z,0
68261e89135f2cb0d06b0eec,Software Engineering - MP2,Coding issue 17,,,280,done,682328e4b838d475ecd54f91,2024-05-10T03:34:07.000Z,2024-05-09T22:00:00.000Z,0
68261e89135f2cb0d06b0eed,Software Engineering - MP2,Coding issue 17,,,180,done,682328e4b838d475ecd54f91,2024-05-08T16:21:20.000Z,2024-05-07T22:00:00.000Z,0
68261e89135f2cb0d06b0eee,Software Engineering - MP2,Coding issue 17,,,60,done,682328e4b838d475ecd54f91,2024-05-08T04:46:10.000Z,2024-05-07T22:00:00.000Z,0
68261e89135f2cb0d06b0eef,Software Engineering - MP2,Group Work,,,105,done,682328e4b838d475ecd54f91,2024-05-07T14:13:58.000Z,2024-05-06T22:00:00.000Z,0
68261e89135f2cb0d06b0ef0,Software Engineering - MP2,Group Work,,,120,done,682328e4b838d475ecd54f91,2024-05-07T12:33:11.000Z,2024-05-06T22:00:00.000Z,0
68261e89135f2cb0d06b0ef1,Software Engineering - MP2,Group Work,,,210,done,682328e4b838d475ecd54f91,2024-05-07T09:42:21.000Z,2024-05-06T22:00:00.000Z,0
68261e89135f2cb0d06b0ef2,Reading,Head First Java,,,50,done,682328e4b838d475ecd54f91,2024-05-06T19:05:11.000Z,2024-05-05T22:00:00.000Z,0
68261e89135f2cb0d06b0ef3,Software Engineering - MP2,Group Meeting,,,105,done,682328e4b838d475ecd54f91,2024-05-06T13:17:46.000Z,2024-05-05T22:00:00.000Z,0
68261e89135f2cb0d06b0ef4,Software Engineering - MP2,Coding issue 17,,,150,done,682328e4b838d475ecd54f91,2024-05-05T12:59:27.000Z,2024-05-04T22:00:00.000Z,0
68261e89135f2cb0d06b0ef5,Software Engineering - MP2,Coding issue 17,,,60,done,682328e4b838d475ecd54f91,2024-05-03T16:17:45.000Z,2024-05-02T22:00:00.000Z,0
68261e89135f2cb0d06b0ef6,Software Engineering - MP2,Coding issue 17,,,80,done,682328e4b838d475ecd54f91,2024-05-03T14:36:03.000Z,2024-05-02T22:00:00.000Z,0
68261e89135f2cb0d06b0ef7,Software Engineering - MP2,Coding issue 17,,,105,done,682328e4b838d475ecd54f91,2024-05-03T13:12:21.000Z,2024-05-02T22:00:00.000Z,0
68261e89135f2cb0d06b0ef8,Reading,Head First Java,,,70,done,682328e4b838d475ecd54f91,2024-05-03T08:25:53.000Z,2024-05-02T22:00:00.000Z,0
68261e89135f2cb0d06b0ef9,Software Engineering - MP2,Coding issue 17,,,50,done,682328e4b838d475ecd54f91,2024-05-03T08:15:19.000Z,2024-05-02T22:00:00.000Z,0
68261e89135f2cb0d06b0efa,Reading,Head First Java,,,30,done,682328e4b838d475ecd54f91,2024-05-02T18:48:29.000Z,2024-05-01T22:00:00.000Z,0
68261e89135f2cb0d06b0efb,Reading,Head First Java,,,100,done,682328e4b838d475ecd54f91,2024-05-02T18:22:50.000Z,2024-05-01T22:00:00.000Z,0
68261e89135f2cb0d06b0efc,Software Engineering - MP2,Code review,,,30,done,682328e4b838d475ecd54f91,2024-05-02T13:50:18.000Z,2024-05-01T22:00:00.000Z,0
68261e89135f2cb0d06b0efd,Software Engineering - MP2,Group Work,,,40,done,682328e4b838d475ecd54f91,2024-05-01T16:10:21.000Z,2024-04-30T22:00:00.000Z,0
68261e89135f2cb0d06b0efe,Software Engineering - MP2,Group Work,,,45,done,682328e4b838d475ecd54f91,2024-05-01T15:24:45.000Z,2024-04-30T22:00:00.000Z,0
68261e89135f2cb0d06b0eff,Software Engineering - MP2,Group Work,,,70,done,682328e4b838d475ecd54f91,2024-05-01T14:41:33.000Z,2024-04-30T22:00:00.000Z,0
68261e89135f2cb0d06b0f00,Software Engineering - MP2,Group Work,,,65,done,682328e4b838d475ecd54f91,2024-05-01T08:21:22.000Z,2024-04-30T22:00:00.000Z,0
68261e89135f2cb0d06b0f01,Software Engineering - MP2,work,,,35,done,682328e4b838d475ecd54f91,2024-05-01T07:16:23.000Z,2024-04-30T22:00:00.000Z,0
68261e89135f2cb0d06b0f02,Software Engineering - MP2,work,,,35,done,682328e4b838d475ecd54f91,2024-05-01T06:32:32.000Z,2024-04-30T22:00:00.000Z,0
68261e89135f2cb0d06b0f03,Software Engineering - MP2,work,,,40,done,682328e4b838d475ecd54f91,2024-04-30T16:58:24.000Z,2024-04-29T22:00:00.000Z,0
68261e89135f2cb0d06b0f04,Software Engineering - MP2,Group Work,,,45,done,682328e4b838d475ecd54f91,2024-04-30T12:17:53.000Z,2024-04-29T22:00:00.000Z,0
68261e89135f2cb0d06b0f05,Software Engineering - MP2,Group Work,,,120,done,682328e4b838d475ecd54f91,2024-04-30T11:33:10.000Z,2024-04-29T22:00:00.000Z,0
68261e89135f2cb0d06b0f06,Software Engineering - MP2,Group Work,,,130,done,682328e4b838d475ecd54f91,2024-04-30T08:00:34.000Z,2024-04-29T22:00:00.000Z,0
68261e89135f2cb0d06b0f07,Software Engineering - MP2,Group Work,,,180,done,682328e4b838d475ecd54f91,2024-04-29T18:22:48.000Z,2024-04-28T22:00:00.000Z,0
68261e89135f2cb0d06b0f08,Software Engineering - MP2,Group Work,,,90,done,682328e4b838d475ecd54f91,2024-04-29T11:51:44.000Z,2024-04-28T22:00:00.000Z,0
68261e89135f2cb0d06b0f09,Software Engineering - MP2,Group Work,,,77,done,682328e4b838d475ecd54f91,2024-04-25T14:00:40.000Z,2024-04-24T22:00:00.000Z,0
68261e89135f2cb0d06b0ed5,Software Engineering - MP2,Finialize the damn project!,,,60,done,682328e4b838d475ecd54f91,2024-05-16T18:43:38.000Z,2024-05-15T22:00:00.000Z,0
68261e89135f2cb0d06b0ed6,Software Engineering - MP2,Finialize the damn project!,,,210,done,682328e4b838d475ecd54f91,2024-05-16T17:04:26.000Z,2024-05-15T22:00:00.000Z,0
68261e89135f2cb0d06b0f0c,Software Engineering - MP2,Group Work,,,45,done,682328e4b838d475ecd54f91,2024-04-25T05:14:47.000Z,2024-04-24T22:00:00.000Z,0
68261e89135f2cb0d06b0f0d,Software Engineering - SAnD,Group Work,,,86,done,682328e4b838d475ecd54f91,2024-04-24T13:00:51.000Z,2024-04-23T22:00:00.000Z,0
68261e89135f2cb0d06b0f0e,Software Engineering - SAnD,Group Work,,,65,done,682328e4b838d475ecd54f91,2024-04-24T11:34:47.000Z,2024-04-23T22:00:00.000Z,0
68261e89135f2cb0d06b0f0f,Software Engineering - SAnD,Group Work,,,135,done,682328e4b838d475ecd54f91,2024-04-24T08:08:26.000Z,2024-04-23T22:00:00.000Z,0
68261e89135f2cb0d06b0f10,Software Engineering - MP2,Merging,,,420,done,682328e4b838d475ecd54f91,2024-04-21T20:29:17.000Z,2024-04-20T22:00:00.000Z,0
68261e89135f2cb0d06b0f11,Software Engineering - MP2,Merging,,,140,done,682328e4b838d475ecd54f91,2024-04-21T18:24:43.000Z,2024-04-20T22:00:00.000Z,0
68261e89135f2cb0d06b0f12,Software Engineering - MP2,Merging,,,79,done,682328e4b838d475ecd54f91,2024-04-21T15:07:51.000Z,2024-04-20T22:00:00.000Z,0
68261e89135f2cb0d06b0f13,Software Engineering - MP2,Merging,,,210,done,682328e4b838d475ecd54f91,2024-04-21T13:24:22.000Z,2024-04-20T22:00:00.000Z,0
68261e89135f2cb0d06b0f14,Software Engineering - SAnD,Activity diagrams,,,35,done,682328e4b838d475ecd54f91,2024-04-21T08:09:45.000Z,2024-04-20T22:00:00.000Z,0
68261e89135f2cb0d06b0f15,Software Engineering - SAnD,Activity diagrams,,,60,done,682328e4b838d475ecd54f91,2024-04-21T07:34:43.000Z,2024-04-20T22:00:00.000Z,0
68261e89135f2cb0d06b0f16,Software Engineering - SAnD,Group Work,,,100,done,682328e4b838d475ecd54f91,2024-04-19T13:10:01.000Z,2024-04-18T22:00:00.000Z,0
68261e89135f2cb0d06b0f17,Software Engineering - SAnD,Group Work,,,222,done,682328e4b838d475ecd54f91,2024-04-19T11:21:35.000Z,2024-04-18T22:00:00.000Z,0
68261e89135f2cb0d06b0f18,Software Engineering - MP2,Group Work,,,200,done,682328e4b838d475ecd54f91,2024-04-18T17:30:52.000Z,2024-04-17T22:00:00.000Z,0
68261e89135f2cb0d06b0f19,Software Engineering - MP2,Group Work,,,181,done,682328e4b838d475ecd54f91,2024-04-18T12:01:31.000Z,2024-04-17T22:00:00.000Z,0
68261e89135f2cb0d06b0f1a,Software Engineering - MP2,Group Work,,,37,done,682328e4b838d475ecd54f91,2024-04-18T08:36:37.000Z,2024-04-17T22:00:00.000Z,0
68261e89135f2cb0d06b0f1b,Software Engineering - MP2,Group Work,,,203,done,682328e4b838d475ecd54f91,2024-04-18T08:00:57.000Z,2024-04-17T22:00:00.000Z,0
68261e89135f2cb0d06b0f1c,Software Engineering - MP2,Group Work,,,180,done,682328e4b838d475ecd54f91,2024-04-17T17:30:25.000Z,2024-04-16T22:00:00.000Z,0
68261e89135f2cb0d06b0f1d,Software Engineering - MP2,Group Work,,,185,done,682328e4b838d475ecd54f91,2024-04-17T12:00:56.000Z,2024-04-16T22:00:00.000Z,0
68261e89135f2cb0d06b0f1e,Software Engineering - MP2,Group Work,,,210,done,682328e4b838d475ecd54f91,2024-04-17T07:00:42.000Z,2024-04-16T22:00:00.000Z,0
68261e89135f2cb0d06b0f1f,Software Engineering - SAnD,Group work,,,180,done,682328e4b838d475ecd54f91,2024-04-16T12:20:11.000Z,2024-04-15T22:00:00.000Z,0
68261e89135f2cb0d06b0f20,Software Engineering - SAnD,Group work,,,74,done,682328e4b838d475ecd54f91,2024-04-16T07:59:06.000Z,2024-04-15T22:00:00.000Z,0
68261e89135f2cb0d06b0f21,Software Engineering - SAnD,Group work,,,115,done,682328e4b838d475ecd54f91,2024-04-16T06:22:23.000Z,2024-04-15T22:00:00.000Z,0
68261e89135f2cb0d06b0f22,Software Engineering - SAnD,Preparation,,,25,done,682328e4b838d475ecd54f91,2024-04-16T04:26:22.000Z,2024-04-15T22:00:00.000Z,0
68261e89135f2cb0d06b0f23,Software Engineering - MP2,application,,,110,done,682328e4b838d475ecd54f91,2024-04-15T17:18:58.000Z,2024-04-14T22:00:00.000Z,0
68261e89135f2cb0d06b0f24,Software Engineering - MP2,Group Meeting,,,90,done,682328e4b838d475ecd54f91,2024-04-15T15:47:31.000Z,2024-04-14T22:00:00.000Z,0
68261e89135f2cb0d06b0f25,Software Engineering - MP2,Group work,,,90,done,682328e4b838d475ecd54f91,2024-04-14T15:42:09.000Z,2024-04-13T22:00:00.000Z,0
68261e89135f2cb0d06b0f26,Software Engineering - MP2,Group work,,,116,done,682328e4b838d475ecd54f91,2024-04-14T15:01:39.000Z,2024-04-13T22:00:00.000Z,0
68261e89135f2cb0d06b0f27,Software Engineering - MP2,Group work,,,60,done,682328e4b838d475ecd54f91,2024-04-14T12:11:24.000Z,2024-04-13T22:00:00.000Z,0
68261e89135f2cb0d06b0f28,Software Engineering - MP2,Group work,,,145,done,682328e4b838d475ecd54f91,2024-04-14T10:58:49.000Z,2024-04-13T22:00:00.000Z,0
68261e89135f2cb0d06b0f29,Software Engineering - MP2,Group Work,,,25,done,682328e4b838d475ecd54f91,2024-04-12T13:55:41.000Z,2024-04-11T22:00:00.000Z,0
68261e89135f2cb0d06b0f2a,Software Engineering - MP2,Group Work,,,106,done,682328e4b838d475ecd54f91,2024-04-12T13:30:52.000Z,2024-04-11T22:00:00.000Z,0
68261e89135f2cb0d06b0f2b,Software Engineering - MP2,Group Work,,,47,done,682328e4b838d475ecd54f91,2024-04-12T10:23:13.000Z,2024-04-11T22:00:00.000Z,0
68261e89135f2cb0d06b0f2c,Software Engineering - MP2,Group Work,,,96,done,682328e4b838d475ecd54f91,2024-04-12T09:36:51.000Z,2024-04-11T22:00:00.000Z,0
68261e89135f2cb0d06b0f2d,Software Engineering - MP2,Group Work,,,106,done,682328e4b838d475ecd54f91,2024-04-12T08:00:56.000Z,2024-04-11T22:00:00.000Z,0
68261e89135f2cb0d06b0f2e,Software Engineering - MP2,Group Work,,,115,done,682328e4b838d475ecd54f91,2024-04-12T06:14:39.000Z,2024-04-11T22:00:00.000Z,0
68261e89135f2cb0d06b0f2f,Software Engineering - MP2,Group Work,,,165,done,682328e4b838d475ecd54f91,2024-04-11T07:52:31.000Z,2024-04-10T22:00:00.000Z,0
68261e89135f2cb0d06b0f30,Software Engineering - MP2,Meeting,,,75,done,682328e4b838d475ecd54f91,2024-04-10T07:59:35.000Z,2024-04-09T22:00:00.000Z,0
68261e89135f2cb0d06b0f31,Reading,رحيق مختوم,,,60,done,682328e4b838d475ecd54f91,2024-04-10T07:59:03.000Z,2024-04-09T22:00:00.000Z,0
68261e89135f2cb0d06b0f32,Software Engineering - MP2,Group Meeting,,,45,done,682328e4b838d475ecd54f91,2024-04-09T15:48:00.000Z,2024-04-08T22:00:00.000Z,0
68261e89135f2cb0d06b0f33,Software Engineering - MP2,Group Meeting,,,240,done,682328e4b838d475ecd54f91,2024-04-09T15:04:32.000Z,2024-04-08T22:00:00.000Z,0
68261e89135f2cb0d06b0f34,Reading,رحيق مختوم,,,65,done,682328e4b838d475ecd54f91,2024-04-09T15:04:07.000Z,2024-04-08T22:00:00.000Z,0
68261e89135f2cb0d06b0f35,Software Engineering - MP2,Group Meeting,,,45,done,682328e4b838d475ecd54f91,2024-04-07T15:08:16.000Z,2024-04-06T22:00:00.000Z,0
68261e89135f2cb0d06b0f36,Software Engineering - MP2,Group Meeting,,,95,done,682328e4b838d475ecd54f91,2024-04-07T14:19:13.000Z,2024-04-06T22:00:00.000Z,0
68261e89135f2cb0d06b0f37,Software Engineering - MP2,Group Meeting,,,45,done,682328e4b838d475ecd54f91,2024-04-07T12:31:52.000Z,2024-04-06T22:00:00.000Z,0
68261e89135f2cb0d06b0f38,Software Engineering - MP2,Group Meeting,,,100,done,682328e4b838d475ecd54f91,2024-04-07T11:45:31.000Z,2024-04-06T22:00:00.000Z,0
68261e89135f2cb0d06b0f39,Reading,رحيق مختوم,,,45,done,682328e4b838d475ecd54f91,2024-04-07T00:24:05.000Z,2024-04-06T22:00:00.000Z,0
68261e89135f2cb0d06b0f3a,Reading,رحيق مختوم,,,75,done,682328e4b838d475ecd54f91,2024-04-06T21:45:25.000Z,2024-04-05T22:00:00.000Z,0
68261e89135f2cb0d06b0f3b,Reading,رحيق مختوم,,,35,done,682328e4b838d475ecd54f91,2024-04-06T19:30:15.000Z,2024-04-05T22:00:00.000Z,0
68261e89135f2cb0d06b0f3c,Reading,رحيق مختوم,,,40,done,682328e4b838d475ecd54f91,2024-04-05T22:52:41.000Z,2024-04-05T22:00:00.000Z,0
68261e89135f2cb0d06b0f3d,Reading,رحيق مختوم,,,50,done,682328e4b838d475ecd54f91,2024-04-05T22:02:39.000Z,2024-04-05T22:00:00.000Z,0
68261e89135f2cb0d06b0f3e,Reading,رحيق مختوم,,,35,done,682328e4b838d475ecd54f91,2024-04-05T21:06:55.000Z,2024-04-04T22:00:00.000Z,0
68261e89135f2cb0d06b0f3f,Reading,رحيق مختوم,,,25,done,682328e4b838d475ecd54f91,2024-04-05T19:46:34.000Z,2024-04-04T22:00:00.000Z,0
68261e89135f2cb0d06b0f40,Software Engineering - MP2,Group Meeting,,,65,done,682328e4b838d475ecd54f91,2024-04-05T14:45:35.000Z,2024-04-04T22:00:00.000Z,0
68261e89135f2cb0d06b0f41,Software Engineering - MP2,Group Meeting,,,240,done,682328e4b838d475ecd54f91,2024-04-05T14:00:18.000Z,2024-04-04T22:00:00.000Z,0
68261e89135f2cb0d06b0f42,Software Engineering - MP2,Group Meeting,,,60,done,682328e4b838d475ecd54f91,2024-04-05T08:27:57.000Z,2024-04-04T22:00:00.000Z,0
68261e89135f2cb0d06b0f43,Software Engineering - MP2,Group Meeting,,,70,done,682328e4b838d475ecd54f91,2024-04-05T07:47:54.000Z,2024-04-04T22:00:00.000Z,0
68261e89135f2cb0d06b0f44,Reading,رحيق مختوم,,,125,done,682328e4b838d475ecd54f91,2024-04-04T22:34:48.000Z,2024-04-04T22:00:00.000Z,0
68261e89135f2cb0d06b0f45,Reading,How to Think Like a Philosopher,,,35,done,682328e4b838d475ecd54f91,2024-04-04T17:54:01.000Z,2024-04-03T22:00:00.000Z,0
68261e89135f2cb0d06b0f46,Reading,How to Think Like a Philosopher,,,45,done,682328e4b838d475ecd54f91,2024-04-03T20:12:18.000Z,2024-04-02T22:00:00.000Z,0
68261e89135f2cb0d06b0f47,Reading,How to Think Like a Philosopher,,,40,done,682328e4b838d475ecd54f91,2024-04-03T18:09:17.000Z,2024-04-02T22:00:00.000Z,0
68261e89135f2cb0d06b0f48,Software Engineering - SAnD,Group Meeting,,,93,done,682328e4b838d475ecd54f91,2024-04-03T18:09:00.000Z,2024-04-02T22:00:00.000Z,0
68261e89135f2cb0d06b0f0a,Software Engineering - MP2,Group Work,,,160,done,682328e4b838d475ecd54f91,2024-04-25T12:25:03.000Z,2024-04-24T22:00:00.000Z,0
68261e89135f2cb0d06b0f0b,Software Engineering - MP2,Group Meeting - planning,,,185,done,682328e4b838d475ecd54f91,2024-04-25T08:00:58.000Z,2024-04-24T22:00:00.000Z,0
68261e89135f2cb0d06b0f4b,Software Engineering - SAnD,Group MEeting,,,150,done,682328e4b838d475ecd54f91,2024-04-02T15:40:16.000Z,2024-04-01T22:00:00.000Z,0
68261e89135f2cb0d06b0f4c,Software Engineering - SAnD,Group MEeting,,,180,done,682328e4b838d475ecd54f91,2024-04-02T08:16:06.000Z,2024-04-01T22:00:00.000Z,0
68261e89135f2cb0d06b0f4d,Software Engineering - SAnD,Group Meeting,,,192,done,682328e4b838d475ecd54f91,2024-04-01T15:40:32.000Z,2024-03-31T22:00:00.000Z,0
68261e89135f2cb0d06b0f4e,Software Engineering - SAnD,Design Model,,,14,done,682328e4b838d475ecd54f91,2024-03-31T22:43:33.000Z,2024-03-31T22:00:00.000Z,0
68261e89135f2cb0d06b0f4f,Software Engineering - SAnD,Design Model,,,35,done,682328e4b838d475ecd54f91,2024-03-31T22:07:24.000Z,2024-03-31T22:00:00.000Z,0
68261e89135f2cb0d06b0f50,Software Engineering - SAnD,Design Model,,,58,done,682328e4b838d475ecd54f91,2024-03-31T21:18:15.000Z,2024-03-30T23:00:00.000Z,0
68261e89135f2cb0d06b0f51,Software Engineering - SAnD,Design Model,,,35,done,682328e4b838d475ecd54f91,2024-03-31T19:02:10.000Z,2024-03-30T23:00:00.000Z,0
68261e89135f2cb0d06b0f52,Reading,How to Think Like a Philosopher,,,45,done,682328e4b838d475ecd54f91,2024-03-31T01:05:42.000Z,2024-03-30T23:00:00.000Z,0
68261e89135f2cb0d06b0f53,Reading,How to Think Like a Philosopher,,,65,done,682328e4b838d475ecd54f91,2024-03-30T20:30:27.000Z,2024-03-29T23:00:00.000Z,0
68261e89135f2cb0d06b0f54,Software Engineering - SAnD,Design Model,,,25,done,682328e4b838d475ecd54f91,2024-03-28T13:40:05.000Z,2024-03-27T23:00:00.000Z,0
68261e89135f2cb0d06b0f55,Software Engineering - SAnD,Design Model,,,195,done,682328e4b838d475ecd54f91,2024-03-28T12:32:00.000Z,2024-03-27T23:00:00.000Z,0
68261e89135f2cb0d06b0f56,Software Engineering - SAnD,Design Model,,,45,done,682328e4b838d475ecd54f91,2024-03-28T08:40:27.000Z,2024-03-27T23:00:00.000Z,0
68261e89135f2cb0d06b0f57,Software Engineering - SAnD,Design model,,,80,done,682328e4b838d475ecd54f91,2024-03-27T14:03:50.000Z,2024-03-26T23:00:00.000Z,0
68261e89135f2cb0d06b0f58,Software Engineering - MP2,Ideas discussing - deadline,,,125,done,682328e4b838d475ecd54f91,2024-03-27T12:15:56.000Z,2024-03-26T23:00:00.000Z,0
68261e89135f2cb0d06b0f59,Software Engineering - SAnD,Design Patterns and Guidelines Lecture,,,40,done,682328e4b838d475ecd54f91,2024-03-27T06:14:46.000Z,2024-03-26T23:00:00.000Z,0
68261e89135f2cb0d06b0f5a,Software Engineering - MP2,Project ideas,,,30,done,682328e4b838d475ecd54f91,2024-03-27T05:53:08.000Z,2024-03-26T23:00:00.000Z,0
68261e89135f2cb0d06b0f5b,Software Engineering - SAnD,Lecture - Domain Model,,,60,done,682328e4b838d475ecd54f91,2024-03-26T16:18:32.000Z,2024-03-25T23:00:00.000Z,0
68261e89135f2cb0d06b0f5c,Software Engineering - SAnD,Group meeting,,,200,done,682328e4b838d475ecd54f91,2024-03-26T14:21:09.000Z,2024-03-25T23:00:00.000Z,0
68261e89135f2cb0d06b0f5d,Web Development,my-blog,,,35,done,682328e4b838d475ecd54f91,2024-03-25T20:11:25.000Z,2024-03-24T23:00:00.000Z,0
68261e89135f2cb0d06b0f5e,Web Development,my-blog,,,45,done,682328e4b838d475ecd54f91,2024-03-25T19:25:59.000Z,2024-03-24T23:00:00.000Z,0
68261e89135f2cb0d06b0f5f,Software Engineering - SAnD,Group work A1,,,37,done,682328e4b838d475ecd54f91,2024-03-24T12:55:14.000Z,2024-03-23T23:00:00.000Z,0
68261e89135f2cb0d06b0f60,Software Engineering - SAnD,Group work A1,,,70,done,682328e4b838d475ecd54f91,2024-03-24T12:18:53.000Z,2024-03-23T23:00:00.000Z,0
68261e89135f2cb0d06b0f61,Software Engineering - SAnD,Lectures,,,30,done,682328e4b838d475ecd54f91,2024-03-23T21:59:29.000Z,2024-03-22T23:00:00.000Z,0
68261e89135f2cb0d06b0f62,Software Engineering - SAnD,Lectures,,,65,done,682328e4b838d475ecd54f91,2024-03-23T21:12:04.000Z,2024-03-22T23:00:00.000Z,0
68261e89135f2cb0d06b0f63,Software Engineering - MP2,Group meeting,,,70,done,682328e4b838d475ecd54f91,2024-03-22T14:30:09.000Z,2024-03-21T23:00:00.000Z,0
68261e89135f2cb0d06b0f64,Software Engineering - MP2,Group meeting,,,17,done,682328e4b838d475ecd54f91,2024-03-22T13:09:18.000Z,2024-03-21T23:00:00.000Z,0
68261e89135f2cb0d06b0f65,Software Engineering - SAnD,Supervision,,,58,done,682328e4b838d475ecd54f91,2024-03-22T12:57:52.000Z,2024-03-21T23:00:00.000Z,0
68261e89135f2cb0d06b0f66,Software Engineering - SAnD,Supervision,,,55,done,682328e4b838d475ecd54f91,2024-03-22T12:00:14.000Z,2024-03-21T23:00:00.000Z,0
68261e89135f2cb0d06b0f67,Software Engineering - MP2,MQTT,,,12,done,682328e4b838d475ecd54f91,2024-03-21T15:37:15.000Z,2024-03-20T23:00:00.000Z,0
68261e89135f2cb0d06b0f68,Software Engineering - MP2,MQTT,,,40,done,682328e4b838d475ecd54f91,2024-03-21T15:15:02.000Z,2024-03-20T23:00:00.000Z,0
68261e89135f2cb0d06b0f69,Software Engineering - MP2,MQTT,,,35,done,682328e4b838d475ecd54f91,2024-03-21T11:16:39.000Z,2024-03-20T23:00:00.000Z,0
68261e89135f2cb0d06b0f6a,Software Engineering - MP2,Arduino,,,35,done,682328e4b838d475ecd54f91,2024-03-21T06:05:19.000Z,2024-03-20T23:00:00.000Z,0
68261e89135f2cb0d06b0f6b,Software Engineering - MP2,Arduino,,,20,done,682328e4b838d475ecd54f91,2024-03-20T21:26:36.000Z,2024-03-19T23:00:00.000Z,0
68261e89135f2cb0d06b0f6c,Software Engineering - MP2,Arduino,,,36,done,682328e4b838d475ecd54f91,2024-03-20T20:19:24.000Z,2024-03-19T23:00:00.000Z,0
68261e89135f2cb0d06b0f6d,Software Engineering - MP2,Arduino,,,40,done,682328e4b838d475ecd54f91,2024-03-20T19:23:14.000Z,2024-03-19T23:00:00.000Z,0
68261e89135f2cb0d06b0f6e,Software Engineering - MP2,Arduino,,,35,done,682328e4b838d475ecd54f91,2024-03-20T18:36:47.000Z,2024-03-19T23:00:00.000Z,0
68261e89135f2cb0d06b0f6f,Software Engineering - MP2,Arduino,,,40,done,682328e4b838d475ecd54f91,2024-03-20T16:07:27.000Z,2024-03-19T23:00:00.000Z,0
68261e89135f2cb0d06b0f70,Software Engineering - MP2,group meeting,,,30,done,682328e4b838d475ecd54f91,2024-03-20T14:37:10.000Z,2024-03-19T23:00:00.000Z,0
68261e89135f2cb0d06b0f71,Software Engineering - MP2,group meeting,,,95,done,682328e4b838d475ecd54f91,2024-03-20T14:07:31.000Z,2024-03-19T23:00:00.000Z,0
68261e89135f2cb0d06b0f72,Software Engineering - MP2,Group meeting,,,225,done,682328e4b838d475ecd54f91,2024-03-19T13:36:23.000Z,2024-03-18T23:00:00.000Z,0
68261e89135f2cb0d06b0f73,Software Engineering - MP2,Arduino tutorial,,,35,done,682328e4b838d475ecd54f91,2024-03-18T22:26:57.000Z,2024-03-17T23:00:00.000Z,0
68261e89135f2cb0d06b0f74,Software Engineering - DS,Lab4 Group Work,,,150,done,682328e4b838d475ecd54f91,2024-03-15T15:47:25.000Z,2024-03-14T23:00:00.000Z,0
68261e89135f2cb0d06b0f75,Software Engineering - DS,Lab4 Group Work,,,280,done,682328e4b838d475ecd54f91,2024-03-15T13:26:00.000Z,2024-03-14T23:00:00.000Z,0
68261e89135f2cb0d06b0f76,Software Engineering - DS,Lab4,,,35,done,682328e4b838d475ecd54f91,2024-03-13T14:36:10.000Z,2024-03-12T23:00:00.000Z,0
68261e89135f2cb0d06b0f77,Software Engineering - DM,Exam Preparation,,,9,done,682328e4b838d475ecd54f91,2024-03-10T15:59:19.000Z,2024-03-09T23:00:00.000Z,0
68261e89135f2cb0d06b0f78,Software Engineering - DS,Exam Preparation,,,35,done,682328e4b838d475ecd54f91,2024-03-10T15:33:02.000Z,2024-03-09T23:00:00.000Z,0
68261e89135f2cb0d06b0f79,Software Engineering - DS,Exam Preparation,,,58,done,682328e4b838d475ecd54f91,2024-03-10T14:47:53.000Z,2024-03-09T23:00:00.000Z,0
68261e89135f2cb0d06b0f7a,Software Engineering - DS,Exam Preparation,,,35,done,682328e4b838d475ecd54f91,2024-03-10T12:35:04.000Z,2024-03-09T23:00:00.000Z,0
68261e89135f2cb0d06b0f7b,Software Engineering - DS,Exam Preparation,,,35,done,682328e4b838d475ecd54f91,2024-03-10T10:46:49.000Z,2024-03-09T23:00:00.000Z,0
68261e89135f2cb0d06b0f7c,Software Engineering - DS,Exam Preparation,,,37,done,682328e4b838d475ecd54f91,2024-03-10T09:56:31.000Z,2024-03-09T23:00:00.000Z,0
68261e89135f2cb0d06b0f7d,Software Engineering - DS,Exam Preparation,,,45,done,682328e4b838d475ecd54f91,2024-03-10T09:03:06.000Z,2024-03-09T23:00:00.000Z,0
68261e89135f2cb0d06b0f7e,Software Engineering - DS,Exam Preparation,,,35,done,682328e4b838d475ecd54f91,2024-03-10T08:11:39.000Z,2024-03-09T23:00:00.000Z,0
68261e89135f2cb0d06b0f7f,Software Engineering - DM,Exam Preparation,,,14,done,682328e4b838d475ecd54f91,2024-03-09T21:28:52.000Z,2024-03-08T23:00:00.000Z,0
68261e89135f2cb0d06b0f80,Software Engineering - DM,Exam Preparation,,,35,done,682328e4b838d475ecd54f91,2024-03-09T20:20:49.000Z,2024-03-08T23:00:00.000Z,0
68261e89135f2cb0d06b0f81,Software Engineering - DM,Exam Preparation,,,35,done,682328e4b838d475ecd54f91,2024-03-09T19:34:47.000Z,2024-03-08T23:00:00.000Z,0
68261e89135f2cb0d06b0f82,Software Engineering - DM,Exam Preparation,,,35,done,682328e4b838d475ecd54f91,2024-03-09T18:49:46.000Z,2024-03-08T23:00:00.000Z,0
68261e89135f2cb0d06b0f83,Software Engineering - DM,Exam Preparation,,,59,done,682328e4b838d475ecd54f91,2024-03-09T17:33:52.000Z,2024-03-08T23:00:00.000Z,0
68261e89135f2cb0d06b0f84,Software Engineering - DM,Exam Preparation,,,37,done,682328e4b838d475ecd54f91,2024-03-09T15:37:41.000Z,2024-03-08T23:00:00.000Z,0
68261e89135f2cb0d06b0f85,Software Engineering - DM,Exam Preparation,,,44,done,682328e4b838d475ecd54f91,2024-03-09T14:52:36.000Z,2024-03-08T23:00:00.000Z,0
68261e89135f2cb0d06b0f86,Software Engineering - DM,Exam Preparation ,,,25,done,682328e4b838d475ecd54f91,2024-03-08T20:26:25.000Z,2024-03-07T23:00:00.000Z,0
68261e89135f2cb0d06b0f87,Software Engineering - DM,Exam Preparation ,,,40,done,682328e4b838d475ecd54f91,2024-03-08T19:39:18.000Z,2024-03-07T23:00:00.000Z,0
68261e89135f2cb0d06b0f88,Software Engineering - DM,Exam Preparation ,,,32,done,682328e4b838d475ecd54f91,2024-03-08T19:01:56.000Z,2024-03-07T23:00:00.000Z,0
68261e89135f2cb0d06b0f89,Software Engineering - DM,Exam Preparation ,,,25,done,682328e4b838d475ecd54f91,2024-03-08T17:46:09.000Z,2024-03-07T23:00:00.000Z,0
68261e89135f2cb0d06b0f8a,Software Engineering - DM,Exam Preparation ,,,25,done,682328e4b838d475ecd54f91,2024-03-08T17:10:48.000Z,2024-03-07T23:00:00.000Z,0
68261e89135f2cb0d06b0f8b,Software Engineering - DM,Exam Preparation ,,,30,done,682328e4b838d475ecd54f91,2024-03-08T13:07:34.000Z,2024-03-07T23:00:00.000Z,0
68261e89135f2cb0d06b0f8c,Software Engineering - DM,Exam Preparation ,,,25,done,682328e4b838d475ecd54f91,2024-03-08T12:37:31.000Z,2024-03-07T23:00:00.000Z,0
68261e89135f2cb0d06b0f8d,Software Engineering - DM,Exam Preparation ,,,25,done,682328e4b838d475ecd54f91,2024-03-08T11:59:41.000Z,2024-03-07T23:00:00.000Z,0
68261e89135f2cb0d06b0f8e,Software Engineering - DM,Exam Preparation ,,,30,done,682328e4b838d475ecd54f91,2024-03-08T09:45:47.000Z,2024-03-07T23:00:00.000Z,0
68261e89135f2cb0d06b0f8f,Software Engineering - DM,Exam Preparation ,,,25,done,682328e4b838d475ecd54f91,2024-03-08T09:05:40.000Z,2024-03-07T23:00:00.000Z,0
68261e89135f2cb0d06b0f90,Software Engineering - DM,Exam Preparation ,,,25,done,682328e4b838d475ecd54f91,2024-03-08T08:30:29.000Z,2024-03-07T23:00:00.000Z,0
68261e89135f2cb0d06b0f91,Software Engineering - DM,Exam Preparation ,,,29,done,682328e4b838d475ecd54f91,2024-03-07T20:29:41.000Z,2024-03-06T23:00:00.000Z,0
68261e89135f2cb0d06b0f92,Software Engineering - DM,Exam Preparation ,,,25,done,682328e4b838d475ecd54f91,2024-03-07T19:48:19.000Z,2024-03-06T23:00:00.000Z,0
68261e89135f2cb0d06b0f49,Software Engineering - SAnD,Group Meeting,,,177,done,682328e4b838d475ecd54f91,2024-04-03T10:26:07.000Z,2024-04-02T22:00:00.000Z,0
68261e89135f2cb0d06b0f4a,Reading,How to Think Like a Philosopher,,,45,done,682328e4b838d475ecd54f91,2024-04-02T20:56:32.000Z,2024-04-01T22:00:00.000Z,0
68261e89135f2cb0d06b0f95,Software Engineering - DM,Exam Preparation ,,,25,done,682328e4b838d475ecd54f91,2024-03-07T17:40:28.000Z,2024-03-06T23:00:00.000Z,0
68261e89135f2cb0d06b0f96,Software Engineering - DM,A4 GW,,,45,done,682328e4b838d475ecd54f91,2024-03-07T14:39:17.000Z,2024-03-06T23:00:00.000Z,0
68261e89135f2cb0d06b0f97,Software Engineering - DM,A4 GW,,,96,done,682328e4b838d475ecd54f91,2024-03-07T12:38:26.000Z,2024-03-06T23:00:00.000Z,0
68261e89135f2cb0d06b0f98,Software Engineering - DS,Lab4 GW,,,60,done,682328e4b838d475ecd54f91,2024-03-07T09:52:46.000Z,2024-03-06T23:00:00.000Z,0
68261e89135f2cb0d06b0f99,Software Engineering - DM,Assignemnt 4,,,240,done,682328e4b838d475ecd54f91,2024-03-06T20:00:21.000Z,2024-03-05T23:00:00.000Z,0
68261e89135f2cb0d06b0f9a,Software Engineering - DS,LAB4 group work,,,26,done,682328e4b838d475ecd54f91,2024-03-06T16:48:11.000Z,2024-03-05T23:00:00.000Z,0
68261e89135f2cb0d06b0f9b,Software Engineering - DS,LAB4 group work,,,90,done,682328e4b838d475ecd54f91,2024-03-06T14:24:20.000Z,2024-03-05T23:00:00.000Z,0
68261e89135f2cb0d06b0f9c,Software Engineering - DS,LAB4 ,,,25,done,682328e4b838d475ecd54f91,2024-03-06T12:53:33.000Z,2024-03-05T23:00:00.000Z,0
68261e89135f2cb0d06b0f9d,Software Engineering - DS,LAB4 ,,,40,done,682328e4b838d475ecd54f91,2024-03-06T09:49:07.000Z,2024-03-05T23:00:00.000Z,0
68261e89135f2cb0d06b0f9e,Software Engineering - DS,LAB4 ,,,40,done,682328e4b838d475ecd54f91,2024-03-06T08:51:58.000Z,2024-03-05T23:00:00.000Z,0
68261e89135f2cb0d06b0f9f,Software Engineering - DS,LAB4 ,,,25,done,682328e4b838d475ecd54f91,2024-03-06T07:57:15.000Z,2024-03-05T23:00:00.000Z,0
68261e89135f2cb0d06b0fa0,Software Engineering - DS,LAB4 ,,,25,done,682328e4b838d475ecd54f91,2024-03-05T19:48:31.000Z,2024-03-04T23:00:00.000Z,0
68261e89135f2cb0d06b0fa1,Software Engineering - DM,Assignment 3 group work,,,105,done,682328e4b838d475ecd54f91,2024-03-05T19:12:50.000Z,2024-03-04T23:00:00.000Z,0
68261e89135f2cb0d06b0fa2,Software Engineering - DS,LAB4 ,,,48,done,682328e4b838d475ecd54f91,2024-03-05T17:29:48.000Z,2024-03-04T23:00:00.000Z,0
68261e89135f2cb0d06b0fa3,Software Engineering - DM,Assignment 3,,,50,done,682328e4b838d475ecd54f91,2024-03-05T16:19:05.000Z,2024-03-04T23:00:00.000Z,0
68261e89135f2cb0d06b0fa4,Software Engineering - DM,Assignment 3,,,160,done,682328e4b838d475ecd54f91,2024-03-05T11:30:21.000Z,2024-03-04T23:00:00.000Z,0
68261e89135f2cb0d06b0fa5,Software Engineering - DS,LAB4 ,,,25,done,682328e4b838d475ecd54f91,2024-03-05T05:32:07.000Z,2024-03-04T23:00:00.000Z,0
68261e89135f2cb0d06b0fa6,Software Engineering - DM,Assignment 4,,,17,done,682328e4b838d475ecd54f91,2024-03-05T04:58:29.000Z,2024-03-04T23:00:00.000Z,0
68261e89135f2cb0d06b0fa7,Software Engineering - DM,Assignment 4,,,30,done,682328e4b838d475ecd54f91,2024-03-05T04:25:27.000Z,2024-03-04T23:00:00.000Z,0
68261e89135f2cb0d06b0fa8,Software Engineering - DM,Assignment 4,,,50,done,682328e4b838d475ecd54f91,2024-03-05T02:53:57.000Z,2024-03-04T23:00:00.000Z,0
68261e89135f2cb0d06b0fa9,Software Engineering - DM,Assignment 4,,,25,done,682328e4b838d475ecd54f91,2024-03-04T18:55:17.000Z,2024-03-03T23:00:00.000Z,0
68261e89135f2cb0d06b0faa,Software Engineering - DM,Assignment 4,,,25,done,682328e4b838d475ecd54f91,2024-03-04T16:40:40.000Z,2024-03-03T23:00:00.000Z,0
68261e89135f2cb0d06b0fab,Software Engineering - DS,LAB4 Group Work,,,60,done,682328e4b838d475ecd54f91,2024-03-04T13:29:03.000Z,2024-03-03T23:00:00.000Z,0
68261e89135f2cb0d06b0fac,Software Engineering - DM,Assignment 4,,,41,done,682328e4b838d475ecd54f91,2024-03-03T19:39:40.000Z,2024-03-02T23:00:00.000Z,0
68261e89135f2cb0d06b0fad,Software Engineering - DM,Assignment 4,,,53,done,682328e4b838d475ecd54f91,2024-03-03T18:10:42.000Z,2024-03-02T23:00:00.000Z,0
68261e89135f2cb0d06b0fae,Software Engineering - DM,Assignment 4,,,25,done,682328e4b838d475ecd54f91,2024-03-03T17:08:01.000Z,2024-03-02T23:00:00.000Z,0
68261e89135f2cb0d06b0faf,Software Engineering - DM,Lecture 7 & 8,,,70,done,682328e4b838d475ecd54f91,2024-03-03T12:03:18.000Z,2024-03-02T23:00:00.000Z,0
68261e89135f2cb0d06b0fb0,Software Engineering - DS,Lab3,,,100,done,682328e4b838d475ecd54f91,2024-03-02T19:14:18.000Z,2024-03-01T23:00:00.000Z,0
68261e89135f2cb0d06b0fb1,Software Engineering - DM,Reading,,,30,done,682328e4b838d475ecd54f91,2024-03-01T14:53:39.000Z,2024-02-29T23:00:00.000Z,0
68261e89135f2cb0d06b0fb2,Software Engineering - DM,Lecture 7,,,30,done,682328e4b838d475ecd54f91,2024-03-01T14:53:23.000Z,2024-02-29T23:00:00.000Z,0
68261e8a135f2cb0d06b0fb3,Software Engineering - DM,Reading,,,35,done,682328e4b838d475ecd54f91,2024-02-29T20:20:27.000Z,2024-02-28T23:00:00.000Z,0
68261e8a135f2cb0d06b0fb4,Software Engineering - DM,Reading,,,25,done,682328e4b838d475ecd54f91,2024-02-29T19:36:28.000Z,2024-02-28T23:00:00.000Z,0
68261e8a135f2cb0d06b0fb5,Software Engineering - DM,Reading,,,25,done,682328e4b838d475ecd54f91,2024-02-29T19:01:28.000Z,2024-02-28T23:00:00.000Z,0
68261e8a135f2cb0d06b0fb6,Software Engineering - DS,Lab3,,,40,done,682328e4b838d475ecd54f91,2024-02-29T16:10:02.000Z,2024-02-28T23:00:00.000Z,0
68261e8a135f2cb0d06b0fb7,Software Engineering - DS,Lab3,,,45,done,682328e4b838d475ecd54f91,2024-02-29T16:06:25.000Z,2024-02-28T23:00:00.000Z,0
68261e8a135f2cb0d06b0fb8,Software Engineering - DS,Lab3,,,60,done,682328e4b838d475ecd54f91,2024-02-29T12:07:35.000Z,2024-02-28T23:00:00.000Z,0
68261e8a135f2cb0d06b0fb9,Software Engineering - DS,Lab3 Group Work,,,136,done,682328e4b838d475ecd54f91,2024-02-28T14:20:36.000Z,2024-02-27T23:00:00.000Z,0
68261e8a135f2cb0d06b0fba,Software Engineering - DS,Lab3 Group Work,,,200,done,682328e4b838d475ecd54f91,2024-02-28T11:36:47.000Z,2024-02-27T23:00:00.000Z,0
68261e8a135f2cb0d06b0fbb,Software Engineering - DM,Past Papers,,,6,done,682328e4b838d475ecd54f91,2024-02-27T19:53:39.000Z,2024-02-26T23:00:00.000Z,0
68261e8a135f2cb0d06b0fbc,Software Engineering - DM,Past Papers,,,25,done,682328e4b838d475ecd54f91,2024-02-27T19:26:58.000Z,2024-02-26T23:00:00.000Z,0
68261e8a135f2cb0d06b0fbd,Software Engineering - DM,Past Papers,,,25,done,682328e4b838d475ecd54f91,2024-02-27T18:50:00.000Z,2024-02-26T23:00:00.000Z,0
68261e8a135f2cb0d06b0fbe,Software Engineering - DM,Past Papers,,,40,done,682328e4b838d475ecd54f91,2024-02-27T18:13:12.000Z,2024-02-26T23:00:00.000Z,0
68261e8a135f2cb0d06b0fbf,Reading,How to Think Like a Philosopher,,,50,done,682328e4b838d475ecd54f91,2024-02-27T17:33:10.000Z,2024-02-26T23:00:00.000Z,0
68261e8a135f2cb0d06b0fc0,Software Engineering - DM,NoSQL,,,50,done,682328e4b838d475ecd54f91,2024-02-27T06:57:35.000Z,2024-02-26T23:00:00.000Z,0
68261e8a135f2cb0d06b0fc1,Software Engineering - DS,Lab3  Group Work,,,60,done,682328e4b838d475ecd54f91,2024-02-26T15:59:49.000Z,2024-02-25T23:00:00.000Z,0
68261e8a135f2cb0d06b0fc2,Software Engineering - DS,Lab3  Group Work,,,198,done,682328e4b838d475ecd54f91,2024-02-26T14:35:07.000Z,2024-02-25T23:00:00.000Z,0
68261e8a135f2cb0d06b0fc3,Software Engineering - DS,Past Papers,,,27,done,682328e4b838d475ecd54f91,2024-02-26T10:03:08.000Z,2024-02-25T23:00:00.000Z,0
68261e8a135f2cb0d06b0fc4,Software Engineering - DS,Past Papers,,,22,done,682328e4b838d475ecd54f91,2024-02-26T09:04:43.000Z,2024-02-25T23:00:00.000Z,0
68261e8a135f2cb0d06b0fc5,Software Engineering - DS,Past Papers,,,50,done,682328e4b838d475ecd54f91,2024-02-26T07:47:32.000Z,2024-02-25T23:00:00.000Z,0
68261e8a135f2cb0d06b0fc6,Software Engineering - DS,Past Papers,,,45,done,682328e4b838d475ecd54f91,2024-02-25T10:32:43.000Z,2024-02-24T23:00:00.000Z,0
68261e8a135f2cb0d06b0fc7,Software Engineering - DS,Past Papers,,,45,done,682328e4b838d475ecd54f91,2024-02-25T08:53:09.000Z,2024-02-24T23:00:00.000Z,0
68261e8a135f2cb0d06b0fc8,Software Engineering - DS,Past Papers,,,40,done,682328e4b838d475ecd54f91,2024-02-25T07:51:47.000Z,2024-02-24T23:00:00.000Z,0
68261e8a135f2cb0d06b0fc9,Software Engineering - DS,Past Papers,,,35,done,682328e4b838d475ecd54f91,2024-02-25T07:09:32.000Z,2024-02-24T23:00:00.000Z,0
68261e8a135f2cb0d06b0fca,Software Engineering - DS,Past Papers,,,50,done,682328e4b838d475ecd54f91,2024-02-25T06:22:23.000Z,2024-02-24T23:00:00.000Z,0
68261e8a135f2cb0d06b0fcb,Software Engineering - DS,Past Papers,,,40,done,682328e4b838d475ecd54f91,2024-02-24T10:18:45.000Z,2024-02-23T23:00:00.000Z,0
68261e8a135f2cb0d06b0fcc,Software Engineering - DS,Past Papers,,,35,done,682328e4b838d475ecd54f91,2024-02-24T09:36:41.000Z,2024-02-23T23:00:00.000Z,0
68261e8a135f2cb0d06b0fcd,Software Engineering - DS,Past Papers,,,25,done,682328e4b838d475ecd54f91,2024-02-24T08:51:38.000Z,2024-02-23T23:00:00.000Z,0
68261e8a135f2cb0d06b0fce,Software Engineering - DS,Past Papers,,,35,done,682328e4b838d475ecd54f91,2024-02-24T08:14:34.000Z,2024-02-23T23:00:00.000Z,0
68261e8a135f2cb0d06b0fcf,Software Engineering - DS,Past Papers,,,46,done,682328e4b838d475ecd54f91,2024-02-24T07:22:27.000Z,2024-02-23T23:00:00.000Z,0
68261e8a135f2cb0d06b0fd0,Software Engineering - DS,Past Exams,,,40,done,682328e4b838d475ecd54f91,2024-02-23T19:33:51.000Z,2024-02-22T23:00:00.000Z,0
68261e8a135f2cb0d06b0fd1,Software Engineering - DS,Past Exams,,,35,done,682328e4b838d475ecd54f91,2024-02-23T18:56:30.000Z,2024-02-22T23:00:00.000Z,0
68261e8a135f2cb0d06b0fd2,Software Engineering - DS,Past Exams,,,35,done,682328e4b838d475ecd54f91,2024-02-23T18:09:31.000Z,2024-02-22T23:00:00.000Z,0
68261e8a135f2cb0d06b0fd3,Software Engineering - DM,Assignment 3 Group Work,,,80,done,682328e4b838d475ecd54f91,2024-02-23T14:22:37.000Z,2024-02-22T23:00:00.000Z,0
68261e8a135f2cb0d06b0fd4,Software Engineering - DM,Assignment 3,,,70,done,682328e4b838d475ecd54f91,2024-02-23T09:53:12.000Z,2024-02-22T23:00:00.000Z,0
68261e8a135f2cb0d06b0fd5,Software Engineering - DM,Assignment 3,,,105,done,682328e4b838d475ecd54f91,2024-02-22T21:16:24.000Z,2024-02-21T23:00:00.000Z,0
68261e8a135f2cb0d06b0fd6,Software Engineering - DM,Assignment 3,,,28,done,682328e4b838d475ecd54f91,2024-02-22T19:37:32.000Z,2024-02-21T23:00:00.000Z,0
68261e8a135f2cb0d06b0fd7,Software Engineering - DM,Assignment 3,,,55,done,682328e4b838d475ecd54f91,2024-02-22T18:50:04.000Z,2024-02-21T23:00:00.000Z,0
68261e8a135f2cb0d06b0fd8,Software Engineering - DM,Assignment 3,,,60,done,682328e4b838d475ecd54f91,2024-02-22T13:56:48.000Z,2024-02-21T23:00:00.000Z,0
68261e8a135f2cb0d06b0fd9,Software Engineering - DM,Assignment 3,,,105,done,682328e4b838d475ecd54f91,2024-02-22T09:54:44.000Z,2024-02-21T23:00:00.000Z,0
68261e8a135f2cb0d06b0fda,Software Engineering - DM,Assignment 3,,,27,done,682328e4b838d475ecd54f91,2024-02-22T07:00:55.000Z,2024-02-21T23:00:00.000Z,0
68261e8a135f2cb0d06b0fdb,Software Engineering - DM,Assignment 3,,,60,done,682328e4b838d475ecd54f91,2024-02-21T20:36:31.000Z,2024-02-20T23:00:00.000Z,0
68261e8a135f2cb0d06b0fdc,Software Engineering - DM,Assignment 3,,,50,done,682328e4b838d475ecd54f91,2024-02-21T19:27:14.000Z,2024-02-20T23:00:00.000Z,0
68261e8a135f2cb0d06b0fdd,Software Engineering - DM,Assignment 3,,,43,done,682328e4b838d475ecd54f91,2024-02-21T18:44:43.000Z,2024-02-20T23:00:00.000Z,0
68261e8a135f2cb0d06b0fde,Software Engineering - DM,Assignment 3 group work,,,147,done,682328e4b838d475ecd54f91,2024-02-21T15:59:18.000Z,2024-02-20T23:00:00.000Z,0
68261e8a135f2cb0d06b0fdf,Software Engineering - DS,Lab 3 group work,,,88,done,682328e4b838d475ecd54f91,2024-02-21T12:50:55.000Z,2024-02-20T23:00:00.000Z,0
68261e8a135f2cb0d06b0fe0,Software Engineering - DS,Lab 3 group work,,,20,done,682328e4b838d475ecd54f91,2024-02-21T10:49:42.000Z,2024-02-20T23:00:00.000Z,0
68261e8a135f2cb0d06b0fe1,Software Engineering - DS,Lab 3 group work,,,145,done,682328e4b838d475ecd54f91,2024-02-21T10:20:28.000Z,2024-02-20T23:00:00.000Z,0
68261e8a135f2cb0d06b0fe2,Software Engineering - DM,Assignment 3,,,50,done,682328e4b838d475ecd54f91,2024-02-21T07:20:15.000Z,2024-02-20T23:00:00.000Z,0
68261e8a135f2cb0d06b0fe3,Software Engineering - DM,Assignment 3,,,61,done,682328e4b838d475ecd54f91,2024-02-20T19:21:58.000Z,2024-02-19T23:00:00.000Z,0
68261e8a135f2cb0d06b0fe4,Software Engineering - DM,Assignment 3,,,55,done,682328e4b838d475ecd54f91,2024-02-20T18:05:16.000Z,2024-02-19T23:00:00.000Z,0
68261e8a135f2cb0d06b0fe5,Software Engineering - DM,Assignment 3,,,40,done,682328e4b838d475ecd54f91,2024-02-20T14:10:43.000Z,2024-02-19T23:00:00.000Z,0
68261e8a135f2cb0d06b0fe6,Software Engineering - DM,Reading,,,25,done,682328e4b838d475ecd54f91,2024-02-20T07:18:17.000Z,2024-02-19T23:00:00.000Z,0
68261e8a135f2cb0d06b0fe7,Software Engineering - DS,Lab  2 Group work - submission,,,260,done,682328e4b838d475ecd54f91,2024-02-19T16:00:47.000Z,2024-02-18T23:00:00.000Z,0
68261e8a135f2cb0d06b0fe8,Software Engineering - DM,Assignment 3,,,20,done,682328e4b838d475ecd54f91,2024-02-19T10:23:15.000Z,2024-02-18T23:00:00.000Z,0
68261e8a135f2cb0d06b0fe9,Software Engineering - DM,Assignment 3,,,25,done,682328e4b838d475ecd54f91,2024-02-19T10:05:01.000Z,2024-02-18T23:00:00.000Z,0
68261e8a135f2cb0d06b0fea,Software Engineering - DM,SQL videos,,,53,done,682328e4b838d475ecd54f91,2024-02-18T18:55:50.000Z,2024-02-17T23:00:00.000Z,0
68261e8a135f2cb0d06b0feb,Software Engineering - DS,Notes,,,25,done,682328e4b838d475ecd54f91,2024-02-18T11:45:05.000Z,2024-02-17T23:00:00.000Z,0
68261e89135f2cb0d06b0f93,Software Engineering - DM,Exam Preparation ,,,25,done,682328e4b838d475ecd54f91,2024-03-07T19:10:58.000Z,2024-03-06T23:00:00.000Z,0
68261e89135f2cb0d06b0f94,Software Engineering - DM,Exam Preparation ,,,25,done,682328e4b838d475ecd54f91,2024-03-07T18:28:26.000Z,2024-03-06T23:00:00.000Z,0
68261e8a135f2cb0d06b0fee,Software Engineering - DS,Notes,,,25,done,682328e4b838d475ecd54f91,2024-02-18T08:49:52.000Z,2024-02-17T23:00:00.000Z,0
68261e8a135f2cb0d06b0fef,Software Engineering - DS,Notes,,,25,done,682328e4b838d475ecd54f91,2024-02-18T08:07:23.000Z,2024-02-17T23:00:00.000Z,0
68261e8a135f2cb0d06b0ff0,Software Engineering - DS,Notes,,,19,done,682328e4b838d475ecd54f91,2024-02-18T03:04:49.000Z,2024-02-17T23:00:00.000Z,0
68261e8a135f2cb0d06b0ff1,Software Engineering - DS,Notes,,,35,done,682328e4b838d475ecd54f91,2024-02-18T02:00:14.000Z,2024-02-17T23:00:00.000Z,0
68261e8a135f2cb0d06b0ff2,Software Engineering - DS,Notes,,,30,done,682328e4b838d475ecd54f91,2024-02-18T01:19:29.000Z,2024-02-17T23:00:00.000Z,0
68261e8a135f2cb0d06b0ff3,Software Engineering - DS,Notes,,,48,done,682328e4b838d475ecd54f91,2024-02-18T00:33:04.000Z,2024-02-17T23:00:00.000Z,0
68261e8a135f2cb0d06b0ff4,Software Engineering - DS,Notes,,,17,done,682328e4b838d475ecd54f91,2024-02-17T19:04:24.000Z,2024-02-16T23:00:00.000Z,0
68261e8a135f2cb0d06b0ff5,Software Engineering - DS,Notes,,,50,done,682328e4b838d475ecd54f91,2024-02-17T18:33:49.000Z,2024-02-16T23:00:00.000Z,0
68261e8a135f2cb0d06b0ff6,Software Engineering - DS,Notes,,,50,done,682328e4b838d475ecd54f91,2024-02-16T15:32:26.000Z,2024-02-15T23:00:00.000Z,0
68261e8a135f2cb0d06b0ff7,Software Engineering - DS,Notes,,,25,done,682328e4b838d475ecd54f91,2024-02-16T14:57:52.000Z,2024-02-15T23:00:00.000Z,0
68261e8a135f2cb0d06b0ff8,Software Engineering - DS,Notes,,,24,done,682328e4b838d475ecd54f91,2024-02-16T07:01:05.000Z,2024-02-15T23:00:00.000Z,0
68261e8a135f2cb0d06b0ff9,Software Engineering - DS,Notes,,,25,done,682328e4b838d475ecd54f91,2024-02-16T06:26:53.000Z,2024-02-15T23:00:00.000Z,0
68261e8a135f2cb0d06b0ffa,Software Engineering - DS,Notes,,,25,done,682328e4b838d475ecd54f91,2024-02-15T17:43:28.000Z,2024-02-14T23:00:00.000Z,0
68261e8a135f2cb0d06b0ffb,Software Engineering - DS,Lab2 Group Work,,,88,done,682328e4b838d475ecd54f91,2024-02-15T12:25:41.000Z,2024-02-14T23:00:00.000Z,0
68261e8a135f2cb0d06b0ffc,Software Engineering - DS,Lab2 Group Work,,,150,done,682328e4b838d475ecd54f91,2024-02-14T11:05:39.000Z,2024-02-13T23:00:00.000Z,0
68261e8a135f2cb0d06b0ffd,Software Engineering - DS,Notes,,,23,done,682328e4b838d475ecd54f91,2024-02-14T06:44:28.000Z,2024-02-13T23:00:00.000Z,0
68261e8a135f2cb0d06b0ffe,Software Engineering - DS,Notes,,,25,done,682328e4b838d475ecd54f91,2024-02-14T03:55:38.000Z,2024-02-13T23:00:00.000Z,0
68261e8a135f2cb0d06b0fff,Software Engineering - DS,Notes,,,30,done,682328e4b838d475ecd54f91,2024-02-14T03:19:54.000Z,2024-02-13T23:00:00.000Z,0
68261e8a135f2cb0d06b1000,Software Engineering - DS,Notes,,,25,done,682328e4b838d475ecd54f91,2024-02-14T01:42:11.000Z,2024-02-13T23:00:00.000Z,0
68261e8a135f2cb0d06b1001,Software Engineering - DS,Notes,,,30,done,682328e4b838d475ecd54f91,2024-02-14T01:01:19.000Z,2024-02-13T23:00:00.000Z,0
68261e8a135f2cb0d06b1002,Software Engineering - DS,Notes,,,35,done,682328e4b838d475ecd54f91,2024-02-13T15:19:05.000Z,2024-02-12T23:00:00.000Z,0
68261e8a135f2cb0d06b1003,Software Engineering - DS,Notes,,,45,done,682328e4b838d475ecd54f91,2024-02-13T14:34:49.000Z,2024-02-12T23:00:00.000Z,0
68261e8a135f2cb0d06b1004,Software Engineering - DS,Lab2 ,,,32,done,682328e4b838d475ecd54f91,2024-02-13T00:48:44.000Z,2024-02-12T23:00:00.000Z,0
68261e8a135f2cb0d06b1005,Software Engineering - DS,Lab2 ,,,43,done,682328e4b838d475ecd54f91,2024-02-12T23:57:59.000Z,2024-02-12T23:00:00.000Z,0
68261e8a135f2cb0d06b1006,Software Engineering - DS,Lab2 ,,,25,done,682328e4b838d475ecd54f91,2024-02-12T23:09:08.000Z,2024-02-12T23:00:00.000Z,0
68261e8a135f2cb0d06b1007,Software Engineering - DS,Lab2 Group Work,,,165,done,682328e4b838d475ecd54f91,2024-02-12T13:53:58.000Z,2024-02-11T23:00:00.000Z,0
68261e8a135f2cb0d06b1008,Software Engineering - DS,Exercises 1: Searching and Sorting,,,31,done,682328e4b838d475ecd54f91,2024-02-12T08:09:17.000Z,2024-02-11T23:00:00.000Z,0
68261e8a135f2cb0d06b1009,Software Engineering - DM,Reading CH.3,,,35,done,682328e4b838d475ecd54f91,2024-02-11T18:36:33.000Z,2024-02-10T23:00:00.000Z,0
68261e8a135f2cb0d06b100a,Software Engineering - DS,Lab2 Group work,,,225,done,682328e4b838d475ecd54f91,2024-02-11T18:30:18.000Z,2024-02-10T23:00:00.000Z,0
68261e8a135f2cb0d06b100b,Software Engineering - DM,postgres practice,,,25,done,682328e4b838d475ecd54f91,2024-02-10T19:08:53.000Z,2024-02-09T23:00:00.000Z,0
68261e8a135f2cb0d06b100c,Software Engineering - DM,postgres practice,,,30,done,682328e4b838d475ecd54f91,2024-02-10T18:40:39.000Z,2024-02-09T23:00:00.000Z,0
68261e8a135f2cb0d06b100d,Software Engineering - DM,Reading ,,,30,done,682328e4b838d475ecd54f91,2024-02-10T17:45:07.000Z,2024-02-09T23:00:00.000Z,0
68261e8a135f2cb0d06b100e,Software Engineering - DM,Reading ,,,30,done,682328e4b838d475ecd54f91,2024-02-10T17:01:56.000Z,2024-02-09T23:00:00.000Z,0
68261e8a135f2cb0d06b100f,Software Engineering - DM,Reading ,,,35,done,682328e4b838d475ecd54f91,2024-02-10T16:12:58.000Z,2024-02-09T23:00:00.000Z,0
68261e8a135f2cb0d06b1010,Software Engineering - DM,Reading ,,,25,done,682328e4b838d475ecd54f91,2024-02-10T08:38:42.000Z,2024-02-09T23:00:00.000Z,0
68261e8a135f2cb0d06b1011,Software Engineering - DM,Reading ,,,25,done,682328e4b838d475ecd54f91,2024-02-10T07:59:48.000Z,2024-02-09T23:00:00.000Z,0
68261e8a135f2cb0d06b1012,Software Engineering - DM,Reading ,,,25,done,682328e4b838d475ecd54f91,2024-02-10T07:23:29.000Z,2024-02-09T23:00:00.000Z,0
68261e8a135f2cb0d06b1013,Software Engineering - DM,Reading ,,,11,done,682328e4b838d475ecd54f91,2024-02-09T19:20:12.000Z,2024-02-08T23:00:00.000Z,0
68261e8a135f2cb0d06b1014,Software Engineering - DM,Reading ,,,45,done,682328e4b838d475ecd54f91,2024-02-09T19:01:50.000Z,2024-02-08T23:00:00.000Z,0
68261e8a135f2cb0d06b1015,Software Engineering - DM,Reading ,,,25,done,682328e4b838d475ecd54f91,2024-02-09T18:07:43.000Z,2024-02-08T23:00:00.000Z,0
68261e8a135f2cb0d06b1016,Software Engineering - DM,Reading ,,,25,done,682328e4b838d475ecd54f91,2024-02-09T17:30:34.000Z,2024-02-08T23:00:00.000Z,0
68261e8a135f2cb0d06b1017,Software Engineering - DM,Reading ,,,30,done,682328e4b838d475ecd54f91,2024-02-09T12:16:14.000Z,2024-02-08T23:00:00.000Z,0
68261e8a135f2cb0d06b1018,Software Engineering - DM,Reading ,,,30,done,682328e4b838d475ecd54f91,2024-02-09T09:44:50.000Z,2024-02-08T23:00:00.000Z,0
68261e8a135f2cb0d06b1019,Software Engineering - DM,Assignment 2,,,35,done,682328e4b838d475ecd54f91,2024-02-09T08:38:04.000Z,2024-02-08T23:00:00.000Z,0
68261e8a135f2cb0d06b101a,Software Engineering - DM,Assignment 2,,,210,done,682328e4b838d475ecd54f91,2024-02-08T20:39:25.000Z,2024-02-07T23:00:00.000Z,0
68261e8a135f2cb0d06b101b,Software Engineering - DS,Lab2 Group Work,,,90,done,682328e4b838d475ecd54f91,2024-02-08T10:02:17.000Z,2024-02-07T23:00:00.000Z,0
68261e8a135f2cb0d06b101c,Software Engineering - DM,Assignment 2,,,35,done,682328e4b838d475ecd54f91,2024-02-07T19:40:08.000Z,2024-02-06T23:00:00.000Z,0
68261e8a135f2cb0d06b101d,Software Engineering - DM,Assignment 2,,,15,done,682328e4b838d475ecd54f91,2024-02-07T18:52:03.000Z,2024-02-06T23:00:00.000Z,0
68261e8a135f2cb0d06b101e,Software Engineering - DM,Assignment 2,,,120,done,682328e4b838d475ecd54f91,2024-02-07T12:30:50.000Z,2024-02-06T23:00:00.000Z,0
68261e8a135f2cb0d06b101f,Software Engineering - DM,Assignment 2,,,35,done,682328e4b838d475ecd54f91,2024-02-07T09:52:42.000Z,2024-02-06T23:00:00.000Z,0
68261e8a135f2cb0d06b1020,Software Engineering - DM,Assignment 2,,,35,done,682328e4b838d475ecd54f91,2024-02-07T09:01:29.000Z,2024-02-06T23:00:00.000Z,0
68261e8a135f2cb0d06b1021,Software Engineering - DM,Assignment 2,,,40,done,682328e4b838d475ecd54f91,2024-02-07T08:16:15.000Z,2024-02-06T23:00:00.000Z,0
68261e8a135f2cb0d06b1022,Software Engineering - DM,Assignment 2,,,2,done,682328e4b838d475ecd54f91,2024-02-06T21:30:58.000Z,2024-02-05T23:00:00.000Z,0
68261e8a135f2cb0d06b1023,Software Engineering - DM,Assignment 2,,,35,done,682328e4b838d475ecd54f91,2024-02-06T21:06:46.000Z,2024-02-05T23:00:00.000Z,0
68261e8a135f2cb0d06b1024,Software Engineering - DM,Assignment 2,,,25,done,682328e4b838d475ecd54f91,2024-02-06T20:25:56.000Z,2024-02-05T23:00:00.000Z,0
68261e8a135f2cb0d06b1025,Software Engineering - DS,Exercises 1: Searching and Sorting,,,31,done,682328e4b838d475ecd54f91,2024-02-04T07:30:21.000Z,2024-02-03T23:00:00.000Z,0
68261e8a135f2cb0d06b1026,Software Engineering - DS,Quick Sort Group Work,,,183,done,682328e4b838d475ecd54f91,2024-02-03T14:06:41.000Z,2024-02-02T23:00:00.000Z,0
68261e8a135f2cb0d06b1027,Software Engineering - DS,Quick Sort Brainstorming,,,30,done,682328e4b838d475ecd54f91,2024-02-03T10:01:19.000Z,2024-02-02T23:00:00.000Z,0
68261e8a135f2cb0d06b1028,Software Engineering - DS,Quick Sort Brainstorming,,,50,done,682328e4b838d475ecd54f91,2024-02-03T09:10:17.000Z,2024-02-02T23:00:00.000Z,0
68261e8a135f2cb0d06b1029,Software Engineering - DM,Assignment 2 Group Work,,,95,done,682328e4b838d475ecd54f91,2024-02-02T17:58:15.000Z,2024-02-01T23:00:00.000Z,0
68261e8a135f2cb0d06b102a,Software Engineering - DM,Lecture 5 & 6,,,55,done,682328e4b838d475ecd54f91,2024-02-02T14:41:50.000Z,2024-02-01T23:00:00.000Z,0
68261e8a135f2cb0d06b102b,Software Engineering - DM,Lecture 4 & 5,,,50,done,682328e4b838d475ecd54f91,2024-02-02T07:43:17.000Z,2024-02-01T23:00:00.000Z,0
68261e8a135f2cb0d06b102c,Software Engineering - DS,Lab 2 Group Work,,,60,done,682328e4b838d475ecd54f91,2024-02-01T19:49:34.000Z,2024-01-31T23:00:00.000Z,0
68261e8a135f2cb0d06b102d,Software Engineering - DS,Lab 2 Group Work,,,130,done,682328e4b838d475ecd54f91,2024-02-01T09:30:47.000Z,2024-01-31T23:00:00.000Z,0
68261e8a135f2cb0d06b102e,Software Engineering - DM,Lecture 4,,,25,done,682328e4b838d475ecd54f91,2024-01-31T20:15:38.000Z,2024-01-30T23:00:00.000Z,0
68261e8a135f2cb0d06b102f,Software Engineering - DM,Lecture 4,,,25,done,682328e4b838d475ecd54f91,2024-01-31T19:37:13.000Z,2024-01-30T23:00:00.000Z,0
68261e8a135f2cb0d06b1030,Software Engineering - DM,Lecture 4,,,26,done,682328e4b838d475ecd54f91,2024-01-31T18:56:20.000Z,2024-01-30T23:00:00.000Z,0
68261e8a135f2cb0d06b1031,Software Engineering - DM,Lecture 4,,,26,done,682328e4b838d475ecd54f91,2024-01-31T18:13:43.000Z,2024-01-30T23:00:00.000Z,0
68261e8a135f2cb0d06b1032,Software Engineering - DS,Lab 2 Group Work,,,330,done,682328e4b838d475ecd54f91,2024-01-31T08:00:34.000Z,2024-01-30T23:00:00.000Z,0
68261e8a135f2cb0d06b1033,Software Engineering - DS,Lab2,,,35,done,682328e4b838d475ecd54f91,2024-01-30T15:57:49.000Z,2024-01-29T23:00:00.000Z,0
68261e8a135f2cb0d06b1034,Reading,How to think like a philosopher,,,80,done,682328e4b838d475ecd54f91,2024-01-30T15:22:05.000Z,2024-01-29T23:00:00.000Z,0
68261e8a135f2cb0d06b1035,Software Engineering - DS,Lab2,,,16,done,682328e4b838d475ecd54f91,2024-01-29T19:41:47.000Z,2024-01-28T23:00:00.000Z,0
68261e8a135f2cb0d06b1036,Software Engineering - DS,Lab2,,,25,done,682328e4b838d475ecd54f91,2024-01-29T18:34:29.000Z,2024-01-28T23:00:00.000Z,0
68261e8a135f2cb0d06b1037,Software Engineering - DS,Lab2,,,17,done,682328e4b838d475ecd54f91,2024-01-29T14:03:29.000Z,2024-01-28T23:00:00.000Z,0
68261e8a135f2cb0d06b1038,Software Engineering - DS,Lab2,,,25,done,682328e4b838d475ecd54f91,2024-01-29T13:29:48.000Z,2024-01-28T23:00:00.000Z,0
68261e8a135f2cb0d06b1039,Software Engineering - DS,Lab2,,,33,done,682328e4b838d475ecd54f91,2024-01-29T12:15:50.000Z,2024-01-28T23:00:00.000Z,0
68261e8a135f2cb0d06b103a,Software Engineering - DM,Lecture 4,,,35,done,682328e4b838d475ecd54f91,2024-01-29T10:21:36.000Z,2024-01-28T23:00:00.000Z,0
68261e8a135f2cb0d06b103b,Software Engineering - DM,Lecture 4,,,30,done,682328e4b838d475ecd54f91,2024-01-29T09:28:18.000Z,2024-01-28T23:00:00.000Z,0
68261e8a135f2cb0d06b103c,Software Engineering - DM,Lecture 4,,,30,done,682328e4b838d475ecd54f91,2024-01-29T08:43:55.000Z,2024-01-28T23:00:00.000Z,0
68261e8a135f2cb0d06b103d,Software Engineering - DS,Reading,,,20,done,682328e4b838d475ecd54f91,2024-01-27T17:12:28.000Z,2024-01-26T23:00:00.000Z,0
68261e8a135f2cb0d06b103e,Software Engineering - DS,Reading,,,35,done,682328e4b838d475ecd54f91,2024-01-27T16:34:21.000Z,2024-01-26T23:00:00.000Z,0
68261e8a135f2cb0d06b103f,Software Engineering - DS,Reading,,,30,done,682328e4b838d475ecd54f91,2024-01-27T15:08:56.000Z,2024-01-26T23:00:00.000Z,0
68261e8a135f2cb0d06b1040,Software Engineering - DS,Reading,,,35,done,682328e4b838d475ecd54f91,2024-01-27T14:02:55.000Z,2024-01-26T23:00:00.000Z,0
68261e8a135f2cb0d06b1041,Software Engineering - DS,Linked Lists,,,30,done,682328e4b838d475ecd54f91,2024-01-26T19:43:24.000Z,2024-01-25T23:00:00.000Z,0
68261e8a135f2cb0d06b1042,Software Engineering - DM,Assignment 1,,,120,done,682328e4b838d475ecd54f91,2024-01-26T18:55:46.000Z,2024-01-25T23:00:00.000Z,0
68261e8a135f2cb0d06b1043,Software Engineering - DM,Assignment 1,,,12,done,682328e4b838d475ecd54f91,2024-01-25T19:56:35.000Z,2024-01-24T23:00:00.000Z,0
68261e8a135f2cb0d06b1044,Software Engineering - DM,Assignment 1,,,25,done,682328e4b838d475ecd54f91,2024-01-25T19:27:56.000Z,2024-01-24T23:00:00.000Z,0
68261e8a135f2cb0d06b1045,Software Engineering - DM,Assignment 1,,,35,done,682328e4b838d475ecd54f91,2024-01-25T18:34:11.000Z,2024-01-24T23:00:00.000Z,0
68261e8a135f2cb0d06b1046,Software Engineering - DM,Reading,,,35,done,682328e4b838d475ecd54f91,2024-01-25T07:39:45.000Z,2024-01-24T23:00:00.000Z,0
68261e8a135f2cb0d06b1047,Software Engineering - DM,Assignment 1 - Team meeting,,,121,done,682328e4b838d475ecd54f91,2024-01-24T18:33:16.000Z,2024-01-23T23:00:00.000Z,0
68261e8a135f2cb0d06b1048,Software Engineering - DM,reading,,,20,done,682328e4b838d475ecd54f91,2024-01-24T15:38:15.000Z,2024-01-23T23:00:00.000Z,0
68261e8a135f2cb0d06b1049,Software Engineering - DS,Lab 1,,,85,done,682328e4b838d475ecd54f91,2024-01-24T12:38:48.000Z,2024-01-23T23:00:00.000Z,0
68261e8a135f2cb0d06b104a,Software Engineering - DS,Lab 1,,,45,done,682328e4b838d475ecd54f91,2024-01-24T09:26:34.000Z,2024-01-23T23:00:00.000Z,0
68261e8a135f2cb0d06b104b,Software Engineering - DS,Lab 1,,,25,done,682328e4b838d475ecd54f91,2024-01-24T08:03:21.000Z,2024-01-23T23:00:00.000Z,0
68261e8a135f2cb0d06b0fec,Software Engineering - DS,Notes,,,30,done,682328e4b838d475ecd54f91,2024-02-18T11:01:16.000Z,2024-02-17T23:00:00.000Z,0
68261e8a135f2cb0d06b0fed,Software Engineering - DS,Notes,,,32,done,682328e4b838d475ecd54f91,2024-02-18T09:27:06.000Z,2024-02-17T23:00:00.000Z,0
68261e8a135f2cb0d06b104e,Software Engineering - DS,Lab1,,,34,done,682328e4b838d475ecd54f91,2024-01-23T19:27:10.000Z,2024-01-22T23:00:00.000Z,0
68261e8a135f2cb0d06b104f,Software Engineering - DM,Notes,,,30,done,682328e4b838d475ecd54f91,2024-01-23T18:01:54.000Z,2024-01-22T23:00:00.000Z,0
68261e8a135f2cb0d06b1050,Software Engineering - DM,Notes,,,25,done,682328e4b838d475ecd54f91,2024-01-23T17:24:52.000Z,2024-01-22T23:00:00.000Z,0
68261e8a135f2cb0d06b1051,Software Engineering - DS,Reading,,,25,done,682328e4b838d475ecd54f91,2024-01-23T06:36:27.000Z,2024-01-22T23:00:00.000Z,0
68261e8a135f2cb0d06b1052,Software Engineering - DS,Reading,,,30,done,682328e4b838d475ecd54f91,2024-01-22T20:22:09.000Z,2024-01-21T23:00:00.000Z,0
68261e8a135f2cb0d06b1053,Software Engineering - DS,Reading,,,25,done,682328e4b838d475ecd54f91,2024-01-22T13:53:16.000Z,2024-01-21T23:00:00.000Z,0
68261e8a135f2cb0d06b1054,Software Engineering - DS,Sorting Algorithms Coding,,,25,done,682328e4b838d475ecd54f91,2024-01-22T12:59:50.000Z,2024-01-21T23:00:00.000Z,0
68261e8a135f2cb0d06b1055,Software Engineering - DS,Sorting Algorithms Coding,,,34,done,682328e4b838d475ecd54f91,2024-01-22T10:19:37.000Z,2024-01-21T23:00:00.000Z,0
68261e8a135f2cb0d06b1056,Software Engineering - DS,Sorting Algorithms Coding,,,25,done,682328e4b838d475ecd54f91,2024-01-22T09:21:43.000Z,2024-01-21T23:00:00.000Z,0
68261e8a135f2cb0d06b1057,Software Engineering - DS,Sorting Algorithms Coding,,,40,done,682328e4b838d475ecd54f91,2024-01-22T08:48:40.000Z,2024-01-21T23:00:00.000Z,0
68261e8a135f2cb0d06b1058,Software Engineering - DS,Sorting Algorithms Coding,,,43,done,682328e4b838d475ecd54f91,2024-01-22T07:58:52.000Z,2024-01-21T23:00:00.000Z,0
68261e8a135f2cb0d06b1059,Software Engineering - DS,Sorting Algorithms Coding,,,40,done,682328e4b838d475ecd54f91,2024-01-22T07:00:00.000Z,2024-01-21T23:00:00.000Z,0
68261e8a135f2cb0d06b105a,Software Engineering - DS,Sorting Algorithms Coding,,,55,done,682328e4b838d475ecd54f91,2024-01-22T05:58:02.000Z,2024-01-21T23:00:00.000Z,0
68261e8a135f2cb0d06b105b,Software Engineering - DS,Watching videos,,,8,done,682328e4b838d475ecd54f91,2024-01-22T04:58:47.000Z,2024-01-21T23:00:00.000Z,0
68261e8a135f2cb0d06b105c,Software Engineering - DS,Watching videos,,,30,done,682328e4b838d475ecd54f91,2024-01-21T17:12:46.000Z,2024-01-20T23:00:00.000Z,0
68261e8a135f2cb0d06b105d,Software Engineering - DM,Assignment 1,,,25,done,682328e4b838d475ecd54f91,2024-01-21T15:53:54.000Z,2024-01-20T23:00:00.000Z,0
68261e8a135f2cb0d06b105e,Software Engineering - DM,Assignment 1,,,75,done,682328e4b838d475ecd54f91,2024-01-21T14:57:14.000Z,2024-01-20T23:00:00.000Z,0
68261e8a135f2cb0d06b105f,Software Engineering - DM,General study,,,25,done,682328e4b838d475ecd54f91,2024-01-20T22:09:58.000Z,2024-01-19T23:00:00.000Z,0
68261e8a135f2cb0d06b1060,Software Engineering - DM,General study,,,25,done,682328e4b838d475ecd54f91,2024-01-20T21:15:42.000Z,2024-01-19T23:00:00.000Z,0
68261e8a135f2cb0d06b1061,Software Engineering - DM,General study,,,25,done,682328e4b838d475ecd54f91,2024-01-20T20:34:48.000Z,2024-01-19T23:00:00.000Z,0
68261e8a135f2cb0d06b1062,Software Engineering - DM,General study,,,25,done,682328e4b838d475ecd54f91,2024-01-20T19:52:41.000Z,2024-01-19T23:00:00.000Z,0
68261e8a135f2cb0d06b1063,Software Engineering - DM,General study,,,40,done,682328e4b838d475ecd54f91,2024-01-20T19:06:57.000Z,2024-01-19T23:00:00.000Z,0
68261e8a135f2cb0d06b1064,Software Engineering - DM,General study,,,30,done,682328e4b838d475ecd54f91,2024-01-20T12:54:05.000Z,2024-01-19T23:00:00.000Z,0
68261e8a135f2cb0d06b1065,Software Engineering - DM,General study,,,30,done,682328e4b838d475ecd54f91,2024-01-20T11:14:32.000Z,2024-01-19T23:00:00.000Z,0
68261e8a135f2cb0d06b1066,Software Engineering - DM,General study,,,35,done,682328e4b838d475ecd54f91,2024-01-20T10:16:05.000Z,2024-01-19T23:00:00.000Z,0
68261e8a135f2cb0d06b1067,Software Engineering - DS,Lab 1,,,60,done,682328e4b838d475ecd54f91,2024-01-20T09:50:22.000Z,2024-01-19T23:00:00.000Z,0
68261e8a135f2cb0d06b1068,Software Engineering - DS,Lab1,,,40,done,682328e4b838d475ecd54f91,2024-01-18T19:01:10.000Z,2024-01-17T23:00:00.000Z,0
68261e8a135f2cb0d06b1069,Software Engineering - DS,Lab1,,,26,done,682328e4b838d475ecd54f91,2024-01-18T18:19:46.000Z,2024-01-17T23:00:00.000Z,0
68261e8a135f2cb0d06b106a,Software Engineering - DS,Lab1,,,35,done,682328e4b838d475ecd54f91,2024-01-18T17:36:08.000Z,2024-01-17T23:00:00.000Z,0
68261e8a135f2cb0d06b106b,Software Engineering - DS,Lab1,,,25,done,682328e4b838d475ecd54f91,2024-01-18T16:56:44.000Z,2024-01-17T23:00:00.000Z,0
68261e8a135f2cb0d06b106c,Software Engineering - DS,Lab1,,,70,done,682328e4b838d475ecd54f91,2024-01-18T14:37:26.000Z,2024-01-17T23:00:00.000Z,0
68261e8a135f2cb0d06b106d,Software Engineering - DS,Lab1,,,70,done,682328e4b838d475ecd54f91,2024-01-18T12:58:00.000Z,2024-01-17T23:00:00.000Z,0
68261e8a135f2cb0d06b106e,Software Engineering - DS,Lab1,,,30,done,682328e4b838d475ecd54f91,2024-01-18T11:06:48.000Z,2024-01-17T23:00:00.000Z,0
68261e8a135f2cb0d06b106f,Software Engineering - DS,Lab1,,,25,done,682328e4b838d475ecd54f91,2024-01-18T10:17:38.000Z,2024-01-17T23:00:00.000Z,0
68261e8a135f2cb0d06b1070,Software Engineering - DS,Lab 1,,,10,done,682328e4b838d475ecd54f91,2024-01-17T20:24:47.000Z,2024-01-16T23:00:00.000Z,0
68261e8a135f2cb0d06b1071,Software Engineering - DS,Lab 1,,,25,done,682328e4b838d475ecd54f91,2024-01-17T20:00:53.000Z,2024-01-16T23:00:00.000Z,0
68261e8a135f2cb0d06b1072,Reading,How to Think Like a Philosopher,,,25,done,682328e4b838d475ecd54f91,2024-01-17T19:25:26.000Z,2024-01-16T23:00:00.000Z,0
68261e8a135f2cb0d06b1073,Software Engineering - DS,Lab 1,,,35,done,682328e4b838d475ecd54f91,2024-01-17T18:33:32.000Z,2024-01-16T23:00:00.000Z,0
68261e8a135f2cb0d06b1074,Software Engineering - MP,Presentation meeting,,,80,done,682328e4b838d475ecd54f91,2024-01-10T17:11:35.000Z,2024-01-09T23:00:00.000Z,0
68261e8a135f2cb0d06b1075,Software Engineering - RE,exam prep,,,35,done,682328e4b838d475ecd54f91,2024-01-10T01:24:42.000Z,2024-01-09T23:00:00.000Z,0
68261e8a135f2cb0d06b1076,Software Engineering - RE,exam prep,,,25,done,682328e4b838d475ecd54f91,2024-01-08T13:35:01.000Z,2024-01-07T23:00:00.000Z,0
68261e8a135f2cb0d06b1077,Software Engineering - MP,Presentation meeting ,,,40,done,682328e4b838d475ecd54f91,2024-01-08T10:38:35.000Z,2024-01-07T23:00:00.000Z,0
68261e8a135f2cb0d06b1078,Software Engineering - RE,exam prep,,,10,done,682328e4b838d475ecd54f91,2024-01-08T09:59:08.000Z,2024-01-07T23:00:00.000Z,0
68261e8a135f2cb0d06b1079,Software Engineering - RE,exam prep,,,40,done,682328e4b838d475ecd54f91,2024-01-08T09:24:53.000Z,2024-01-07T23:00:00.000Z,0
68261e8a135f2cb0d06b107a,Software Engineering - RE,exam prep,,,30,done,682328e4b838d475ecd54f91,2024-01-08T08:11:53.000Z,2024-01-07T23:00:00.000Z,0
68261e8a135f2cb0d06b107b,Software Engineering - RE,exam prep,,,60,done,682328e4b838d475ecd54f91,2024-01-07T13:27:09.000Z,2024-01-06T23:00:00.000Z,0
68261e8a135f2cb0d06b107c,Software Engineering - RE,exam prep,,,95,done,682328e4b838d475ecd54f91,2024-01-07T12:11:23.000Z,2024-01-06T23:00:00.000Z,0
68261e8a135f2cb0d06b107d,Software Engineering - RE,exam prep,,,33,done,682328e4b838d475ecd54f91,2024-01-07T01:06:54.000Z,2024-01-06T23:00:00.000Z,0
68261e8a135f2cb0d06b107e,Software Engineering - RE,exam prep,,,40,done,682328e4b838d475ecd54f91,2024-01-07T00:20:15.000Z,2024-01-06T23:00:00.000Z,0
68261e8a135f2cb0d06b107f,Software Engineering - RE,exam prep,,,38,done,682328e4b838d475ecd54f91,2024-01-06T23:07:39.000Z,2024-01-06T23:00:00.000Z,0
68261e8a135f2cb0d06b1080,Software Engineering - RE,exam prep,,,51,done,682328e4b838d475ecd54f91,2024-01-06T22:16:09.000Z,2024-01-05T23:00:00.000Z,0
68261e8a135f2cb0d06b1081,Software Engineering - RE,exam prep,,,60,done,682328e4b838d475ecd54f91,2024-01-06T21:01:57.000Z,2024-01-05T23:00:00.000Z,0
68261e8a135f2cb0d06b1082,Software Engineering - RE,exam prep,,,35,done,682328e4b838d475ecd54f91,2024-01-06T19:44:10.000Z,2024-01-05T23:00:00.000Z,0
68261e8a135f2cb0d06b1083,Software Engineering - RE,exam prep,,,30,done,682328e4b838d475ecd54f91,2024-01-06T19:00:48.000Z,2024-01-05T23:00:00.000Z,0
68261e8a135f2cb0d06b1084,Software Engineering - RE,exam prep,,,30,done,682328e4b838d475ecd54f91,2024-01-06T18:15:26.000Z,2024-01-05T23:00:00.000Z,0
68261e8a135f2cb0d06b1085,Software Engineering - MP,PMER +IRR ,,,90,done,682328e4b838d475ecd54f91,2024-01-05T17:12:30.000Z,2024-01-04T23:00:00.000Z,0
68261e8a135f2cb0d06b1086,Software Engineering - MP,PMER +IRR ,,,20,done,682328e4b838d475ecd54f91,2024-01-04T19:15:10.000Z,2024-01-03T23:00:00.000Z,0
68261e8a135f2cb0d06b1087,Software Engineering - MP,PMER +IRR ,,,15,done,682328e4b838d475ecd54f91,2024-01-04T15:56:57.000Z,2024-01-03T23:00:00.000Z,0
68261e8a135f2cb0d06b1088,Software Engineering - MP,PMER,,,30,done,682328e4b838d475ecd54f91,2024-01-04T14:51:37.000Z,2024-01-03T23:00:00.000Z,0
68261e8a135f2cb0d06b1089,Software Engineering - MP,PMER,,,60,done,682328e4b838d475ecd54f91,2024-01-04T14:12:22.000Z,2024-01-03T23:00:00.000Z,0
68261e8a135f2cb0d06b108a,Software Engineering - MP,PMER,,,15,done,682328e4b838d475ecd54f91,2024-01-04T13:28:10.000Z,2024-01-03T23:00:00.000Z,0
68261e8a135f2cb0d06b108b,Software Engineering - MP,PMER,,,40,done,682328e4b838d475ecd54f91,2024-01-04T12:59:06.000Z,2024-01-03T23:00:00.000Z,0
68261e8a135f2cb0d06b108c,Software Engineering - OOP,past exams,,,20,done,682328e4b838d475ecd54f91,2024-01-03T23:31:38.000Z,2024-01-03T23:00:00.000Z,0
68261e8a135f2cb0d06b108d,Software Engineering - OOP,past exams,,,57,done,682328e4b838d475ecd54f91,2024-01-03T22:30:43.000Z,2024-01-02T23:00:00.000Z,0
68261e8a135f2cb0d06b108e,Software Engineering - OOP,past exams,,,56,done,682328e4b838d475ecd54f91,2024-01-03T21:24:19.000Z,2024-01-02T23:00:00.000Z,0
68261e8a135f2cb0d06b108f,Software Engineering - OOP,past exams,,,40,done,682328e4b838d475ecd54f91,2024-01-03T20:21:27.000Z,2024-01-02T23:00:00.000Z,0
68261e8a135f2cb0d06b1090,Software Engineering - OOP,past exams,,,45,done,682328e4b838d475ecd54f91,2024-01-03T18:18:10.000Z,2024-01-02T23:00:00.000Z,0
68261e8a135f2cb0d06b1091,Software Engineering - OOP,Reading ,,,42,done,682328e4b838d475ecd54f91,2024-01-03T17:22:30.000Z,2024-01-02T23:00:00.000Z,0
68261e8a135f2cb0d06b1092,Software Engineering - OOP,Reading ,,,45,done,682328e4b838d475ecd54f91,2024-01-03T08:52:12.000Z,2024-01-02T23:00:00.000Z,0
68261e8a135f2cb0d06b1093,Software Engineering - OOP,Reading ,,,52,done,682328e4b838d475ecd54f91,2024-01-03T07:32:21.000Z,2024-01-02T23:00:00.000Z,0
68261e8a135f2cb0d06b1094,Software Engineering - OOP,Reading ,,,35,done,682328e4b838d475ecd54f91,2024-01-03T03:50:10.000Z,2024-01-02T23:00:00.000Z,0
68261e8a135f2cb0d06b1095,Software Engineering - OOP,Reading ,,,37,done,682328e4b838d475ecd54f91,2024-01-03T03:03:17.000Z,2024-01-02T23:00:00.000Z,0
68261e8a135f2cb0d06b1096,Software Engineering - OOP,Reading ,,,46,done,682328e4b838d475ecd54f91,2024-01-03T02:08:44.000Z,2024-01-02T23:00:00.000Z,0
68261e8a135f2cb0d06b1097,Software Engineering - OOP,Reading ,,,35,done,682328e4b838d475ecd54f91,2024-01-03T01:10:33.000Z,2024-01-02T23:00:00.000Z,0
68261e8a135f2cb0d06b1098,Software Engineering - OOP,Reading ,,,43,done,682328e4b838d475ecd54f91,2023-12-31T07:31:33.000Z,2023-12-30T23:00:00.000Z,0
68261e8a135f2cb0d06b1099,Software Engineering - OOP,Reading ,,,25,done,682328e4b838d475ecd54f91,2023-12-31T06:33:33.000Z,2023-12-30T23:00:00.000Z,0
68261e8a135f2cb0d06b109a,Software Engineering - OOP,Reading ,,,30,done,682328e4b838d475ecd54f91,2023-12-31T05:55:32.000Z,2023-12-30T23:00:00.000Z,0
68261e8a135f2cb0d06b109b,Software Engineering - OOP,Reading ,,,40,done,682328e4b838d475ecd54f91,2023-12-31T04:18:53.000Z,2023-12-30T23:00:00.000Z,0
68261e8a135f2cb0d06b109c,Software Engineering - OOP,Reading ,,,45,done,682328e4b838d475ecd54f91,2023-12-31T03:32:05.000Z,2023-12-30T23:00:00.000Z,0
68261e8a135f2cb0d06b109d,Software Engineering - RE,exam prep,,,25,done,682328e4b838d475ecd54f91,2023-12-31T02:24:44.000Z,2023-12-30T23:00:00.000Z,0
68261e8a135f2cb0d06b109e,Software Engineering - RE,exam prep,,,59,done,682328e4b838d475ecd54f91,2023-12-31T01:35:51.000Z,2023-12-30T23:00:00.000Z,0
68261e8a135f2cb0d06b109f,Software Engineering - RE,exam prep,,,25,done,682328e4b838d475ecd54f91,2023-12-30T23:54:24.000Z,2023-12-30T23:00:00.000Z,0
68261e8a135f2cb0d06b10a0,Software Engineering - RE,exam prep,,,37,done,682328e4b838d475ecd54f91,2023-12-30T23:07:58.000Z,2023-12-30T23:00:00.000Z,0
68261e8a135f2cb0d06b10a1,Software Engineering - RE,exam prep,,,25,done,682328e4b838d475ecd54f91,2023-12-30T22:20:07.000Z,2023-12-29T23:00:00.000Z,0
68261e8a135f2cb0d06b10a2,Software Engineering - RE,exam prep,,,33,done,682328e4b838d475ecd54f91,2023-12-30T21:35:10.000Z,2023-12-29T23:00:00.000Z,0
68261e8a135f2cb0d06b10a3,Software Engineering - RE,exam prep,,,29,done,682328e4b838d475ecd54f91,2023-12-30T20:50:44.000Z,2023-12-29T23:00:00.000Z,0
68261e8a135f2cb0d06b10a4,Software Engineering - RE,exam prep,,,25,done,682328e4b838d475ecd54f91,2023-12-29T21:06:49.000Z,2023-12-28T23:00:00.000Z,0
68261e8a135f2cb0d06b10a5,Software Engineering - RE,exam prep,,,10,done,682328e4b838d475ecd54f91,2023-12-29T20:14:39.000Z,2023-12-28T23:00:00.000Z,0
68261e8a135f2cb0d06b10a6,Software Engineering - RE,exam prep,,,27,done,682328e4b838d475ecd54f91,2023-12-29T19:03:53.000Z,2023-12-28T23:00:00.000Z,0
68261e8a135f2cb0d06b10a7,Software Engineering - RE,exam prep,,,33,done,682328e4b838d475ecd54f91,2023-12-29T17:56:07.000Z,2023-12-28T23:00:00.000Z,0
68261e8a135f2cb0d06b10a8,Software Engineering - RE,exam prep,,,30,done,682328e4b838d475ecd54f91,2023-12-29T17:18:08.000Z,2023-12-28T23:00:00.000Z,0
68261e8a135f2cb0d06b10a9,Software Engineering - RE,exam prep,,,50,done,682328e4b838d475ecd54f91,2023-12-29T16:42:43.000Z,2023-12-28T23:00:00.000Z,0
68261e8a135f2cb0d06b10aa,Software Engineering - RE,exam prep,,,45,done,682328e4b838d475ecd54f91,2023-12-24T18:52:56.000Z,2023-12-23T23:00:00.000Z,0
68261e8a135f2cb0d06b10ab,Software Engineering - MP,Merge conflicts,,,105,done,682328e4b838d475ecd54f91,2023-12-22T12:46:35.000Z,2023-12-21T23:00:00.000Z,0
68261e8a135f2cb0d06b10ac,Software Engineering - MP,Merge conflicts,,,30,done,682328e4b838d475ecd54f91,2023-12-22T00:22:52.000Z,2023-12-21T23:00:00.000Z,0
68261e8a135f2cb0d06b10ad,Software Engineering - RE,Study for exams ,,,25,done,682328e4b838d475ecd54f91,2023-12-21T23:35:19.000Z,2023-12-21T23:00:00.000Z,0
68261e8a135f2cb0d06b10ae,Software Engineering - RE,Study for exams ,,,30,done,682328e4b838d475ecd54f91,2023-12-21T22:51:52.000Z,2023-12-20T23:00:00.000Z,0
68261e8a135f2cb0d06b10af,Software Engineering - RE,Study for exams ,,,25,done,682328e4b838d475ecd54f91,2023-12-21T22:04:08.000Z,2023-12-20T23:00:00.000Z,0
68261e8a135f2cb0d06b10b0,Software Engineering - RE,Study for exams ,,,30,done,682328e4b838d475ecd54f91,2023-12-21T21:26:31.000Z,2023-12-20T23:00:00.000Z,0
68261e8a135f2cb0d06b10b1,Software Engineering - RE,Study for exams ,,,25,done,682328e4b838d475ecd54f91,2023-12-21T20:09:22.000Z,2023-12-20T23:00:00.000Z,0
68261e8a135f2cb0d06b10b2,Software Engineering - RE,Study for exams ,,,45,done,682328e4b838d475ecd54f91,2023-12-21T19:25:33.000Z,2023-12-20T23:00:00.000Z,0
68261e8a135f2cb0d06b10b3,Software Engineering - RE,study for the exams,,,37,done,682328e4b838d475ecd54f91,2023-12-20T19:13:49.000Z,2023-12-19T23:00:00.000Z,0
68261e8a135f2cb0d06b10b4,Software Engineering - RE,study for the exams,,,16,done,682328e4b838d475ecd54f91,2023-12-20T18:13:44.000Z,2023-12-19T23:00:00.000Z,0
68261e8a135f2cb0d06b10b5,Software Engineering - RE,study for the exams,,,25,done,682328e4b838d475ecd54f91,2023-12-20T17:58:09.000Z,2023-12-19T23:00:00.000Z,0
68261e8a135f2cb0d06b10b6,Software Engineering - MP,Merge meeting,,,180,done,682328e4b838d475ecd54f91,2023-12-20T14:44:57.000Z,2023-12-19T23:00:00.000Z,0
68261e8a135f2cb0d06b10b7,Software Engineering - RE,study for the exams,,,40,done,682328e4b838d475ecd54f91,2023-12-19T18:00:25.000Z,2023-12-18T23:00:00.000Z,0
68261e8a135f2cb0d06b104c,Software Engineering - DM,Notes,,,25,done,682328e4b838d475ecd54f91,2024-01-23T20:56:57.000Z,2024-01-22T23:00:00.000Z,0
68261e8a135f2cb0d06b104d,Software Engineering - DM,Notes,,,25,done,682328e4b838d475ecd54f91,2024-01-23T20:11:45.000Z,2024-01-22T23:00:00.000Z,0
68261e8a135f2cb0d06b10ba,Software Engineering - RE,study for the exams,,,25,done,682328e4b838d475ecd54f91,2023-12-19T15:54:24.000Z,2023-12-18T23:00:00.000Z,0
68261e8a135f2cb0d06b10bb,Software Engineering - RE,study for the exams,,,25,done,682328e4b838d475ecd54f91,2023-12-19T15:08:30.000Z,2023-12-18T23:00:00.000Z,0
68261e8a135f2cb0d06b10bc,Software Engineering - RE,study for the exams,,,25,done,682328e4b838d475ecd54f91,2023-12-19T14:30:59.000Z,2023-12-18T23:00:00.000Z,0
68261e8a135f2cb0d06b10bd,Software Engineering - RE,study for the exams,,,28,done,682328e4b838d475ecd54f91,2023-12-19T13:46:47.000Z,2023-12-18T23:00:00.000Z,0
68261e8a135f2cb0d06b10be,Software Engineering - RE,study for the exams,,,42,done,682328e4b838d475ecd54f91,2023-12-19T13:03:08.000Z,2023-12-18T23:00:00.000Z,0
68261e8a135f2cb0d06b10bf,Software Engineering - MP,meeting,,,35,done,682328e4b838d475ecd54f91,2023-12-19T11:20:47.000Z,2023-12-18T23:00:00.000Z,0
68261e8a135f2cb0d06b10c0,Software Engineering - RE,Preparation to study for the exams,,,21,done,682328e4b838d475ecd54f91,2023-12-16T16:26:16.000Z,2023-12-15T23:00:00.000Z,0
68261e8a135f2cb0d06b10c1,Software Engineering - RE,Final Meeting ,,,120,done,682328e4b838d475ecd54f91,2023-12-15T20:27:37.000Z,2023-12-14T23:00:00.000Z,0
68261e8a135f2cb0d06b10c2,Software Engineering - RE,Final Meeting ,,,90,done,682328e4b838d475ecd54f91,2023-12-15T18:38:24.000Z,2023-12-14T23:00:00.000Z,0
68261e8a135f2cb0d06b10c3,Software Engineering - RE,Final Meeting ,,,99,done,682328e4b838d475ecd54f91,2023-12-15T17:09:46.000Z,2023-12-14T23:00:00.000Z,0
68261e8a135f2cb0d06b10c4,Software Engineering - RE,Final Meeting ,,,20,done,682328e4b838d475ecd54f91,2023-12-15T15:30:45.000Z,2023-12-14T23:00:00.000Z,0
68261e8a135f2cb0d06b10c5,Software Engineering - MP,Merging: meeting with Sam,,,60,done,682328e4b838d475ecd54f91,2023-12-15T14:49:47.000Z,2023-12-14T23:00:00.000Z,0
68261e8a135f2cb0d06b10c6,Software Engineering - MP,Merging: meeting with Sam,,,25,done,682328e4b838d475ecd54f91,2023-12-15T14:04:14.000Z,2023-12-14T23:00:00.000Z,0
68261e8a135f2cb0d06b10c7,Software Engineering - MP,Merging: meeting with Sam,,,42,done,682328e4b838d475ecd54f91,2023-12-15T12:58:25.000Z,2023-12-14T23:00:00.000Z,0
68261e8a135f2cb0d06b10c8,Software Engineering - MP,Meeting ,,,56,done,682328e4b838d475ecd54f91,2023-12-15T12:12:59.000Z,2023-12-14T23:00:00.000Z,0
68261e8a135f2cb0d06b10c9,Software Engineering - MP,Meeting ,,,15,done,682328e4b838d475ecd54f91,2023-12-15T11:15:58.000Z,2023-12-14T23:00:00.000Z,0
68261e8a135f2cb0d06b10ca,Reading,how think like a philosopher,,,50,done,682328e4b838d475ecd54f91,2023-12-15T09:23:30.000Z,2023-12-14T23:00:00.000Z,0
68261e8a135f2cb0d06b10cb,Software Engineering - RE,meeting,,,120,done,682328e4b838d475ecd54f91,2023-12-14T21:59:08.000Z,2023-12-13T23:00:00.000Z,0
68261e8a135f2cb0d06b10cc,Software Engineering - RE,meeting,,,92,done,682328e4b838d475ecd54f91,2023-12-14T20:00:42.000Z,2023-12-13T23:00:00.000Z,0
68261e8a135f2cb0d06b10cd,Software Engineering - RE,meeting,,,25,done,682328e4b838d475ecd54f91,2023-12-14T18:28:27.000Z,2023-12-13T23:00:00.000Z,0
68261e8a135f2cb0d06b10ce,Software Engineering - MP,Grid colors,,,20,done,682328e4b838d475ecd54f91,2023-12-14T09:27:09.000Z,2023-12-13T23:00:00.000Z,0
68261e8a135f2cb0d06b10cf,Software Engineering - MP,MERGING,,,20,done,682328e4b838d475ecd54f91,2023-12-14T09:05:49.000Z,2023-12-13T23:00:00.000Z,0
68261e8a135f2cb0d06b10d0,Software Engineering - MP,Expanding requirements,,,25,done,682328e4b838d475ecd54f91,2023-12-14T08:44:09.000Z,2023-12-13T23:00:00.000Z,0
68261e8a135f2cb0d06b10d1,Software Engineering - MP,Merge Conflicts with Samuel and Danis,,,60,done,682328e4b838d475ecd54f91,2023-12-13T18:51:59.000Z,2023-12-12T23:00:00.000Z,0
68261e8a135f2cb0d06b10d2,Software Engineering - MP,Merge Conflicts with Samuel and Danis,,,25,done,682328e4b838d475ecd54f91,2023-12-13T18:03:38.000Z,2023-12-12T23:00:00.000Z,0
68261e8a135f2cb0d06b10d3,Software Engineering - MP,Merge Conflicts with Samuel and Danis,,,30,done,682328e4b838d475ecd54f91,2023-12-13T16:39:17.000Z,2023-12-12T23:00:00.000Z,0
68261e8a135f2cb0d06b10d4,Software Engineering - MP,Merge Conflicts with Samuel and Danis,,,40,done,682328e4b838d475ecd54f91,2023-12-13T16:24:47.000Z,2023-12-12T23:00:00.000Z,0
68261e8a135f2cb0d06b10d5,Software Engineering - RE,Video planning and shooting,,,210,done,682328e4b838d475ecd54f91,2023-12-13T16:24:00.000Z,2023-12-12T23:00:00.000Z,0
68261e8a135f2cb0d06b10d6,Software Engineering - RE,SItemap reflection,,,40,done,682328e4b838d475ecd54f91,2023-12-13T06:38:56.000Z,2023-12-12T23:00:00.000Z,0
68261e8a135f2cb0d06b10d7,Software Engineering - RE,Group meeting,,,110,done,682328e4b838d475ecd54f91,2023-12-12T17:30:17.000Z,2023-12-11T23:00:00.000Z,0
68261e8a135f2cb0d06b10d8,Software Engineering - RE,Requirements A3,,,16,done,682328e4b838d475ecd54f91,2023-12-12T09:45:41.000Z,2023-12-11T23:00:00.000Z,0
68261e8a135f2cb0d06b10d9,Software Engineering - MP,Group meeting and fixing PMR Risks,,,120,done,682328e4b838d475ecd54f91,2023-12-12T07:31:35.000Z,2023-12-11T23:00:00.000Z,0
68261e8a135f2cb0d06b10da,Software Engineering - RE,Meeting,,,125,done,682328e4b838d475ecd54f91,2023-12-11T19:58:11.000Z,2023-12-10T23:00:00.000Z,0
68261e8a135f2cb0d06b10db,Software Engineering - RE,Editing Site Map,,,15,done,682328e4b838d475ecd54f91,2023-12-11T16:45:05.000Z,2023-12-10T23:00:00.000Z,0
68261e8a135f2cb0d06b10dc,Software Engineering - MP,Fixing the PMR according to meeting feedback ,,,45,done,682328e4b838d475ecd54f91,2023-12-11T16:03:49.000Z,2023-12-10T23:00:00.000Z,0
68261e8a135f2cb0d06b10dd,Software Engineering - MP,TA Meeting,,,70,done,682328e4b838d475ecd54f91,2023-12-11T12:45:58.000Z,2023-12-10T23:00:00.000Z,0
68261e8a135f2cb0d06b10de,Software Engineering - RE,User Testing Me and Raghav,,,170,done,682328e4b838d475ecd54f91,2023-12-11T12:43:50.000Z,2023-12-10T23:00:00.000Z,0
68261e8a135f2cb0d06b10df,Software Engineering - RE,Editing Site Map,,,33,done,682328e4b838d475ecd54f91,2023-12-11T06:38:27.000Z,2023-12-10T23:00:00.000Z,0
68261e8a135f2cb0d06b10e0,Software Engineering - RE,Editing Site Map,,,27,done,682328e4b838d475ecd54f91,2023-12-11T04:21:03.000Z,2023-12-10T23:00:00.000Z,0
68261e8a135f2cb0d06b10e1,Software Engineering - RE,Meeting with Mahmoud,,,105,done,682328e4b838d475ecd54f91,2023-12-10T19:53:21.000Z,2023-12-09T23:00:00.000Z,0
68261e8a135f2cb0d06b10e2,Software Engineering - RE,meeting with Raghav,,,5,done,682328e4b838d475ecd54f91,2023-12-10T18:35:57.000Z,2023-12-09T23:00:00.000Z,0
68261e8a135f2cb0d06b10e3,Software Engineering - RE,meeting with Raghav,,,85,done,682328e4b838d475ecd54f91,2023-12-10T18:27:24.000Z,2023-12-09T23:00:00.000Z,0
68261e8a135f2cb0d06b10e4,Software Engineering - MP,meeting with Raghav,,,60,done,682328e4b838d475ecd54f91,2023-12-10T17:00:44.000Z,2023-12-09T23:00:00.000Z,0
68261e8a135f2cb0d06b10e5,Software Engineering - RE,Design principles,,,35,done,682328e4b838d475ecd54f91,2023-12-10T09:55:49.000Z,2023-12-09T23:00:00.000Z,0
68261e8a135f2cb0d06b10e6,Software Engineering - RE,Lecture slide,,,40,done,682328e4b838d475ecd54f91,2023-12-09T20:44:22.000Z,2023-12-08T23:00:00.000Z,0
68261e8a135f2cb0d06b10e7,Software Engineering - MP,difficulties screen + merge,,,50,done,682328e4b838d475ecd54f91,2023-12-09T18:37:08.000Z,2023-12-08T23:00:00.000Z,0
68261e8a135f2cb0d06b10e8,Software Engineering - MP,difficulties screen + merge,,,35,done,682328e4b838d475ecd54f91,2023-12-09T18:01:16.000Z,2023-12-08T23:00:00.000Z,0
68261e8a135f2cb0d06b10e9,Software Engineering - MP,difficulties screen + merge,,,55,done,682328e4b838d475ecd54f91,2023-12-09T17:16:37.000Z,2023-12-08T23:00:00.000Z,0
68261e8a135f2cb0d06b10ea,Software Engineering - MP,Tidy up the code and merge,,,75,done,682328e4b838d475ecd54f91,2023-12-08T17:05:33.000Z,2023-12-07T23:00:00.000Z,0
68261e8a135f2cb0d06b10eb,Software Engineering - RE,User testing,,,120,done,682328e4b838d475ecd54f91,2023-12-08T16:05:25.000Z,2023-12-07T23:00:00.000Z,0
68261e8a135f2cb0d06b10ec,Software Engineering - MP,Friday Meeting ,,,210,done,682328e4b838d475ecd54f91,2023-12-08T12:23:11.000Z,2023-12-07T23:00:00.000Z,0
68261e8a135f2cb0d06b10ed,Software Engineering - RE,Meeting,,,130,done,682328e4b838d475ecd54f91,2023-12-07T19:15:07.000Z,2023-12-06T23:00:00.000Z,0
68261e8a135f2cb0d06b10ee,Software Engineering - RE,Meeting,,,28,done,682328e4b838d475ecd54f91,2023-12-07T17:26:56.000Z,2023-12-06T23:00:00.000Z,0
68261e8a135f2cb0d06b10ef,Software Engineering - RE,Mapping to requirements ,,,35,done,682328e4b838d475ecd54f91,2023-12-07T16:26:30.000Z,2023-12-06T23:00:00.000Z,0
68261e8a135f2cb0d06b10f0,Software Engineering - RE,Mapping to requirements ,,,37,done,682328e4b838d475ecd54f91,2023-12-07T16:04:30.000Z,2023-12-06T23:00:00.000Z,0
68261e8a135f2cb0d06b10f1,Software Engineering - MP,Audio effects bug fixes,,,25,done,682328e4b838d475ecd54f91,2023-12-06T14:32:44.000Z,2023-12-05T23:00:00.000Z,0
68261e8a135f2cb0d06b10f2,Software Engineering - MP,Audio effects bug fixes,,,25,done,682328e4b838d475ecd54f91,2023-12-06T13:39:25.000Z,2023-12-05T23:00:00.000Z,0
68261e8a135f2cb0d06b10f3,Software Engineering - MP,Audio effects bug fixes,,,30,done,682328e4b838d475ecd54f91,2023-12-06T12:56:18.000Z,2023-12-05T23:00:00.000Z,0
68261e8a135f2cb0d06b10f4,Software Engineering - MP,PMR Documentation,,,35,done,682328e4b838d475ecd54f91,2023-12-06T11:01:26.000Z,2023-12-05T23:00:00.000Z,0
68261e8a135f2cb0d06b10f5,Software Engineering - MP,PMR Documentation,,,60,done,682328e4b838d475ecd54f91,2023-12-06T10:09:02.000Z,2023-12-05T23:00:00.000Z,0
68261e8a135f2cb0d06b10f6,Software Engineering - RE,Design Meeting,,,140,done,682328e4b838d475ecd54f91,2023-12-06T09:21:03.000Z,2023-12-05T23:00:00.000Z,0
68261e8a135f2cb0d06b10f7,Software Engineering - MP,PMR Documentation Fixing,,,35,done,682328e4b838d475ecd54f91,2023-12-05T17:37:57.000Z,2023-12-04T23:00:00.000Z,0
68261e8a135f2cb0d06b10f8,Software Engineering - MP,Gantt Chart,,,65,done,682328e4b838d475ecd54f91,2023-12-05T16:51:52.000Z,2023-12-04T23:00:00.000Z,0
68261e8a135f2cb0d06b10f9,Software Engineering - MP,Gantt Chart,,,60,done,682328e4b838d475ecd54f91,2023-12-05T13:54:38.000Z,2023-12-04T23:00:00.000Z,0
68261e8a135f2cb0d06b10fa,Software Engineering - MP,Refactoring HelloController,,,42,done,682328e4b838d475ecd54f91,2023-12-05T12:52:18.000Z,2023-12-04T23:00:00.000Z,0
68261e8a135f2cb0d06b10fb,Software Engineering - MP,Meeting,,,83,done,682328e4b838d475ecd54f91,2023-12-05T11:52:49.000Z,2023-12-04T23:00:00.000Z,0
68261e8a135f2cb0d06b10fc,Software Engineering - RE,My bookings design,,,40,done,682328e4b838d475ecd54f91,2023-12-05T09:27:19.000Z,2023-12-04T23:00:00.000Z,0
68261e8a135f2cb0d06b10fd,Software Engineering - RE,My bookings design,,,30,done,682328e4b838d475ecd54f91,2023-12-05T08:48:33.000Z,2023-12-04T23:00:00.000Z,0
68261e8a135f2cb0d06b10fe,Software Engineering - RE,Meeting,,,36,done,682328e4b838d475ecd54f91,2023-12-04T19:31:01.000Z,2023-12-03T23:00:00.000Z,0
68261e8a135f2cb0d06b10ff,Software Engineering - RE,Meeting,,,55,done,682328e4b838d475ecd54f91,2023-12-04T18:55:48.000Z,2023-12-03T23:00:00.000Z,0
68261e8a135f2cb0d06b1100,Software Engineering - MP,Audio effects bug fixes,,,15,done,682328e4b838d475ecd54f91,2023-12-04T16:03:24.000Z,2023-12-03T23:00:00.000Z,0
68261e8a135f2cb0d06b1101,Software Engineering - MP,Audio effects bug fixes,,,25,done,682328e4b838d475ecd54f91,2023-12-04T14:03:04.000Z,2023-12-03T23:00:00.000Z,0
68261e8a135f2cb0d06b1102,Software Engineering - MP,Audio effects bug fixes,,,80,done,682328e4b838d475ecd54f91,2023-12-04T11:50:23.000Z,2023-12-03T23:00:00.000Z,0
68261e8a135f2cb0d06b1103,Software Engineering - MP,Reading/exit confirmation button,,,60,done,682328e4b838d475ecd54f91,2023-12-04T08:09:24.000Z,2023-12-03T23:00:00.000Z,0
68261e8a135f2cb0d06b1104,Software Engineering - MP,UI Work,,,25,done,682328e4b838d475ecd54f91,2023-12-03T18:52:09.000Z,2023-12-02T23:00:00.000Z,0
68261e8a135f2cb0d06b1105,Software Engineering - MP,UI Work,,,20,done,682328e4b838d475ecd54f91,2023-12-03T18:32:34.000Z,2023-12-02T23:00:00.000Z,0
68261e8a135f2cb0d06b1106,Software Engineering - MP,UI Work,,,20,done,682328e4b838d475ecd54f91,2023-12-03T18:01:32.000Z,2023-12-02T23:00:00.000Z,0
68261e8a135f2cb0d06b1107,Software Engineering - MP,Trying to add the files,,,55,done,682328e4b838d475ecd54f91,2023-12-03T17:37:57.000Z,2023-12-02T23:00:00.000Z,0
68261e8a135f2cb0d06b1108,Software Engineering - MP,Fixing directory/local branch files/modules,,,60,done,682328e4b838d475ecd54f91,2023-12-03T16:20:54.000Z,2023-12-02T23:00:00.000Z,0
68261e8a135f2cb0d06b1109,Software Engineering - MP,Work on local branch to see how it works,,,35,done,682328e4b838d475ecd54f91,2023-12-03T15:26:31.000Z,2023-12-02T23:00:00.000Z,0
68261e8a135f2cb0d06b110a,Software Engineering - MP,Git Bash,,,25,done,682328e4b838d475ecd54f91,2023-12-03T13:26:13.000Z,2023-12-02T23:00:00.000Z,0
68261e8a135f2cb0d06b110b,Software Engineering - MP,Git Bash,,,50,done,682328e4b838d475ecd54f91,2023-12-03T12:22:44.000Z,2023-12-02T23:00:00.000Z,0
68261e8a135f2cb0d06b110c,Software Engineering - RE,Meeting,,,150,done,682328e4b838d475ecd54f91,2023-12-01T20:22:32.000Z,2023-11-30T23:00:00.000Z,0
68261e8a135f2cb0d06b110d,Software Engineering - MP,Meeting,,,210,done,682328e4b838d475ecd54f91,2023-12-01T13:09:49.000Z,2023-11-30T23:00:00.000Z,0
68261e8a135f2cb0d06b110e,Software Engineering - MP,Audio effects,,,25,done,682328e4b838d475ecd54f91,2023-12-01T10:40:58.000Z,2023-11-30T23:00:00.000Z,0
68261e8a135f2cb0d06b110f,Software Engineering - MP,Audio effects,,,60,done,682328e4b838d475ecd54f91,2023-12-01T07:16:49.000Z,2023-11-30T23:00:00.000Z,0
68261e8a135f2cb0d06b1110,Software Engineering - RE,meeting,,,120,done,682328e4b838d475ecd54f91,2023-11-30T20:02:29.000Z,2023-11-29T23:00:00.000Z,0
68261e8a135f2cb0d06b1111,Software Engineering - RE,meeting,,,40,done,682328e4b838d475ecd54f91,2023-11-30T18:42:12.000Z,2023-11-29T23:00:00.000Z,0
68261e8a135f2cb0d06b1112,Software Engineering - MP,Individual report,,,65,done,682328e4b838d475ecd54f91,2023-11-30T15:56:21.000Z,2023-11-29T23:00:00.000Z,0
68261e8a135f2cb0d06b1113,Software Engineering - MP,Individual report,,,35,done,682328e4b838d475ecd54f91,2023-11-30T15:15:14.000Z,2023-11-29T23:00:00.000Z,0
68261e8a135f2cb0d06b1114,Software Engineering - MP,Audio Effects ,,,35,done,682328e4b838d475ecd54f91,2023-11-30T14:25:12.000Z,2023-11-29T23:00:00.000Z,0
68261e8a135f2cb0d06b1115,Software Engineering - MP,Audio Effects ,,,25,done,682328e4b838d475ecd54f91,2023-11-30T13:40:19.000Z,2023-11-29T23:00:00.000Z,0
68261e8a135f2cb0d06b1116,Software Engineering - MP,Audio Effects ,,,40,done,682328e4b838d475ecd54f91,2023-11-30T12:46:45.000Z,2023-11-29T23:00:00.000Z,0
68261e8a135f2cb0d06b1117,Software Engineering - MP,Audio Effects ,,,35,done,682328e4b838d475ecd54f91,2023-11-30T12:02:27.000Z,2023-11-29T23:00:00.000Z,0
68261e8a135f2cb0d06b1118,Software Engineering - RE,Meeting,,,65,done,682328e4b838d475ecd54f91,2023-11-29T18:32:50.000Z,2023-11-28T23:00:00.000Z,0
68261e8a135f2cb0d06b1119,Software Engineering - RE,Meeting,,,130,done,682328e4b838d475ecd54f91,2023-11-29T17:45:03.000Z,2023-11-28T23:00:00.000Z,0
68261e8a135f2cb0d06b111a,Software Engineering - RE,Meeting,,,15,done,682328e4b838d475ecd54f91,2023-11-29T16:01:54.000Z,2023-11-28T23:00:00.000Z,0
68261e8a135f2cb0d06b111b,Software Engineering - MP,Audio effects,,,60,done,682328e4b838d475ecd54f91,2023-11-29T14:29:51.000Z,2023-11-28T23:00:00.000Z,0
68261e8a135f2cb0d06b111c,Software Engineering - MP,Audio effects,,,30,done,682328e4b838d475ecd54f91,2023-11-29T12:31:30.000Z,2023-11-28T23:00:00.000Z,0
68261e8a135f2cb0d06b111d,Software Engineering - RE,Meeting,,,120,done,682328e4b838d475ecd54f91,2023-11-28T19:30:23.000Z,2023-11-27T23:00:00.000Z,0
68261e8a135f2cb0d06b111e,Software Engineering - MP,UI Screens SceneBuilder,,,45,done,682328e4b838d475ecd54f91,2023-11-28T17:43:45.000Z,2023-11-27T23:00:00.000Z,0
68261e8a135f2cb0d06b111f,Software Engineering - MP,UI Screens SceneBuilder,,,20,done,682328e4b838d475ecd54f91,2023-11-28T16:52:33.000Z,2023-11-27T23:00:00.000Z,0
68261e8a135f2cb0d06b1120,Software Engineering - MP,UI Screens SceneBuilder,,,40,done,682328e4b838d475ecd54f91,2023-11-28T14:03:48.000Z,2023-11-27T23:00:00.000Z,0
68261e8a135f2cb0d06b1121,Software Engineering - MP,UI Screens SceneBuilder,,,30,done,682328e4b838d475ecd54f91,2023-11-28T11:56:47.000Z,2023-11-27T23:00:00.000Z,0
68261e8a135f2cb0d06b1122,Software Engineering - MP,Meeting,,,70,done,682328e4b838d475ecd54f91,2023-11-28T11:56:29.000Z,2023-11-27T23:00:00.000Z,0
68261e8a135f2cb0d06b1123,Software Engineering - MP,UI Screens SceneBuilder,,,25,done,682328e4b838d475ecd54f91,2023-11-28T09:18:55.000Z,2023-11-27T23:00:00.000Z,0
68261e8a135f2cb0d06b1124,Software Engineering - MP,UI Screens SceneBuilder,,,20,done,682328e4b838d475ecd54f91,2023-11-28T08:58:54.000Z,2023-11-27T23:00:00.000Z,0
68261e8a135f2cb0d06b1125,Software Engineering - RE,Assignment 2,,,40,done,682328e4b838d475ecd54f91,2023-11-28T06:55:32.000Z,2023-11-27T23:00:00.000Z,0
68261e8a135f2cb0d06b1126,Software Engineering - RE,Meeting,,,130,done,682328e4b838d475ecd54f91,2023-11-27T19:37:15.000Z,2023-11-26T23:00:00.000Z,0
68261e8a135f2cb0d06b10b8,Software Engineering - RE,study for the exams,,,30,done,682328e4b838d475ecd54f91,2023-12-19T17:01:47.000Z,2023-12-18T23:00:00.000Z,0
68261e8a135f2cb0d06b10b9,Software Engineering - RE,study for the exams,,,28,done,682328e4b838d475ecd54f91,2023-12-19T16:33:45.000Z,2023-12-18T23:00:00.000Z,0
68261e8a135f2cb0d06b1129,Software Engineering - MP,UI,,,25,done,682328e4b838d475ecd54f91,2023-11-27T12:36:27.000Z,2023-11-26T23:00:00.000Z,0
68261e8a135f2cb0d06b112a,Software Engineering - MP,UI,,,27,done,682328e4b838d475ecd54f91,2023-11-27T12:02:12.000Z,2023-11-26T23:00:00.000Z,0
68261e8a135f2cb0d06b112b,Software Engineering - RE,Reading in the book,,,60,done,682328e4b838d475ecd54f91,2023-11-27T11:28:54.000Z,2023-11-26T23:00:00.000Z,0
68261e8a135f2cb0d06b112c,Software Engineering - RE,UX Interfaces,,,25,done,682328e4b838d475ecd54f91,2023-11-26T19:54:48.000Z,2023-11-25T23:00:00.000Z,0
68261e8a135f2cb0d06b112d,Software Engineering - RE,UX Interfaces,,,25,done,682328e4b838d475ecd54f91,2023-11-26T19:12:48.000Z,2023-11-25T23:00:00.000Z,0
68261e8a135f2cb0d06b112e,Software Engineering - RE,UX Interfaces,,,25,done,682328e4b838d475ecd54f91,2023-11-26T18:29:32.000Z,2023-11-25T23:00:00.000Z,0
68261e8a135f2cb0d06b112f,Software Engineering - MP,FIGMA,,,35,done,682328e4b838d475ecd54f91,2023-11-26T17:34:43.000Z,2023-11-25T23:00:00.000Z,0
68261e8a135f2cb0d06b1130,Software Engineering - MP,FIGMA,,,25,done,682328e4b838d475ecd54f91,2023-11-26T17:08:40.000Z,2023-11-25T23:00:00.000Z,0
68261e8a135f2cb0d06b1131,Software Engineering - OOP,Assignments submission ,,,39,done,682328e4b838d475ecd54f91,2023-11-26T15:52:26.000Z,2023-11-25T23:00:00.000Z,0
68261e8a135f2cb0d06b1132,Software Engineering - OOP,Assignments submission ,,,31,done,682328e4b838d475ecd54f91,2023-11-26T15:15:05.000Z,2023-11-25T23:00:00.000Z,0
68261e8a135f2cb0d06b1133,Software Engineering - OOP,Assignments submission ,,,35,done,682328e4b838d475ecd54f91,2023-11-26T13:54:27.000Z,2023-11-25T23:00:00.000Z,0
68261e8a135f2cb0d06b1134,Software Engineering - RE,Meeting ,,,30,done,682328e4b838d475ecd54f91,2023-11-26T12:26:58.000Z,2023-11-25T23:00:00.000Z,0
68261e8a135f2cb0d06b1135,Software Engineering - RE,Meeting ,,,120,done,682328e4b838d475ecd54f91,2023-11-26T11:57:59.000Z,2023-11-25T23:00:00.000Z,0
68261e8a135f2cb0d06b1136,Software Engineering - OOP,Assignments submission ,,,25,done,682328e4b838d475ecd54f91,2023-11-26T11:57:34.000Z,2023-11-25T23:00:00.000Z,0
68261e8a135f2cb0d06b1137,Software Engineering - RE,Lectures,,,21,done,682328e4b838d475ecd54f91,2023-11-25T22:39:16.000Z,2023-11-24T23:00:00.000Z,0
68261e8a135f2cb0d06b1138,Software Engineering - OOP,Assignment 2,,,75,done,682328e4b838d475ecd54f91,2023-11-25T21:35:40.000Z,2023-11-24T23:00:00.000Z,0
68261e8a135f2cb0d06b1139,Software Engineering - OOP,Assignment 1,,,40,done,682328e4b838d475ecd54f91,2023-11-25T20:45:26.000Z,2023-11-24T23:00:00.000Z,0
68261e8a135f2cb0d06b113a,Software Engineering - OOP,Assignment 1,,,45,done,682328e4b838d475ecd54f91,2023-11-25T19:00:28.000Z,2023-11-24T23:00:00.000Z,0
68261e8a135f2cb0d06b113b,Software Engineering - OOP,Assignment 1,,,50,done,682328e4b838d475ecd54f91,2023-11-25T18:27:06.000Z,2023-11-24T23:00:00.000Z,0
68261e8a135f2cb0d06b113c,Software Engineering - OOP,Assignment 1,,,55,done,682328e4b838d475ecd54f91,2023-11-25T16:37:40.000Z,2023-11-24T23:00:00.000Z,0
68261e8a135f2cb0d06b113d,Software Engineering - OOP,Assignment 1,,,55,done,682328e4b838d475ecd54f91,2023-11-25T11:18:01.000Z,2023-11-24T23:00:00.000Z,0
68261e8a135f2cb0d06b113e,Software Engineering - OOP,Assignment 1,,,20,done,682328e4b838d475ecd54f91,2023-11-25T10:04:19.000Z,2023-11-24T23:00:00.000Z,0
68261e8a135f2cb0d06b113f,Software Engineering - OOP,Assignment 1,,,45,done,682328e4b838d475ecd54f91,2023-11-24T21:28:38.000Z,2023-11-23T23:00:00.000Z,0
68261e8a135f2cb0d06b1140,Software Engineering - OOP,Assignment 1,,,32,done,682328e4b838d475ecd54f91,2023-11-24T20:07:22.000Z,2023-11-23T23:00:00.000Z,0
68261e8a135f2cb0d06b1141,Software Engineering - RE,Lectures,,,25,done,682328e4b838d475ecd54f91,2023-11-24T19:15:36.000Z,2023-11-23T23:00:00.000Z,0
68261e8a135f2cb0d06b1142,Software Engineering - RE,Lectures,,,45,done,682328e4b838d475ecd54f91,2023-11-24T18:32:07.000Z,2023-11-23T23:00:00.000Z,0
68261e8a135f2cb0d06b1143,Software Engineering - RE,Lectures,,,35,done,682328e4b838d475ecd54f91,2023-11-24T17:27:49.000Z,2023-11-23T23:00:00.000Z,0
68261e8a135f2cb0d06b1144,Software Engineering - RE,Lectures,,,50,done,682328e4b838d475ecd54f91,2023-11-24T16:42:05.000Z,2023-11-23T23:00:00.000Z,0
68261e8a135f2cb0d06b1145,Software Engineering - RE,Meeting,,,95,done,682328e4b838d475ecd54f91,2023-11-23T20:08:34.000Z,2023-11-22T23:00:00.000Z,0
68261e8a135f2cb0d06b1146,Software Engineering - OOP,Assignment 3,,,25,done,682328e4b838d475ecd54f91,2023-11-23T17:22:49.000Z,2023-11-22T23:00:00.000Z,0
68261e8a135f2cb0d06b1147,Software Engineering - OOP,Assignment 3,,,25,done,682328e4b838d475ecd54f91,2023-11-23T16:45:30.000Z,2023-11-22T23:00:00.000Z,0
68261e8a135f2cb0d06b1148,Software Engineering - OOP,Assignment 3,,,55,done,682328e4b838d475ecd54f91,2023-11-23T15:05:28.000Z,2023-11-22T23:00:00.000Z,0
68261e8a135f2cb0d06b1149,Software Engineering - OOP,Assignment 3,,,45,done,682328e4b838d475ecd54f91,2023-11-23T13:27:18.000Z,2023-11-22T23:00:00.000Z,0
68261e8a135f2cb0d06b114a,Software Engineering - OOP,Assignment 3,,,40,done,682328e4b838d475ecd54f91,2023-11-23T12:36:08.000Z,2023-11-22T23:00:00.000Z,0
68261e8a135f2cb0d06b114b,Software Engineering - OOP,Assignment 3,,,20,done,682328e4b838d475ecd54f91,2023-11-23T11:30:54.000Z,2023-11-22T23:00:00.000Z,0
68261e8a135f2cb0d06b114c,Software Engineering - OOP,Assignment 3,,,35,done,682328e4b838d475ecd54f91,2023-11-23T10:55:41.000Z,2023-11-22T23:00:00.000Z,0
68261e8a135f2cb0d06b114d,Software Engineering - OOP,Assignment 3,,,25,done,682328e4b838d475ecd54f91,2023-11-23T09:55:46.000Z,2023-11-22T23:00:00.000Z,0
68261e8a135f2cb0d06b114e,Software Engineering - OOP,Assignment 3,,,35,done,682328e4b838d475ecd54f91,2023-11-23T09:08:24.000Z,2023-11-22T23:00:00.000Z,0
68261e8a135f2cb0d06b114f,Software Engineering - RE,meeting,,,120,done,682328e4b838d475ecd54f91,2023-11-22T19:41:47.000Z,2023-11-21T23:00:00.000Z,0
68261e8a135f2cb0d06b1150,Software Engineering - MP,JavaFX,,,25,done,682328e4b838d475ecd54f91,2023-11-22T18:18:18.000Z,2023-11-21T23:00:00.000Z,0
68261e8a135f2cb0d06b1151,Software Engineering - MP,JavaFX,,,45,done,682328e4b838d475ecd54f91,2023-11-22T17:35:26.000Z,2023-11-21T23:00:00.000Z,0
68261e8a135f2cb0d06b1152,Software Engineering - MP,JavaFX,,,25,done,682328e4b838d475ecd54f91,2023-11-22T13:45:20.000Z,2023-11-21T23:00:00.000Z,0
68261e8a135f2cb0d06b1153,Software Engineering - MP,JavaFX,,,20,done,682328e4b838d475ecd54f91,2023-11-22T08:17:30.000Z,2023-11-21T23:00:00.000Z,0
68261e8a135f2cb0d06b1154,Software Engineering - MP,JavaFX,,,25,done,682328e4b838d475ecd54f91,2023-11-22T07:44:38.000Z,2023-11-21T23:00:00.000Z,0
68261e8a135f2cb0d06b1155,Software Engineering - RE,MEETING,,,115,done,682328e4b838d475ecd54f91,2023-11-21T19:06:33.000Z,2023-11-20T23:00:00.000Z,0
68261e8a135f2cb0d06b1156,Software Engineering - MP,JavaFX,,,25,done,682328e4b838d475ecd54f91,2023-11-21T16:50:40.000Z,2023-11-20T23:00:00.000Z,0
68261e8a135f2cb0d06b1157,Software Engineering - MP,JavaFX,,,25,done,682328e4b838d475ecd54f91,2023-11-21T16:14:03.000Z,2023-11-20T23:00:00.000Z,0
68261e8a135f2cb0d06b1158,Software Engineering - RE,Elicitation reading,,,25,done,682328e4b838d475ecd54f91,2023-11-21T12:42:34.000Z,2023-11-20T23:00:00.000Z,0
68261e8a135f2cb0d06b1159,Software Engineering - MP,MEETING,,,50,done,682328e4b838d475ecd54f91,2023-11-21T11:12:21.000Z,2023-11-20T23:00:00.000Z,0
68261e8a135f2cb0d06b115a,Software Engineering - RE,Elicitation lecture reading,,,20,done,682328e4b838d475ecd54f91,2023-11-21T09:59:24.000Z,2023-11-20T23:00:00.000Z,0
68261e8a135f2cb0d06b115b,Software Engineering - RE,Elicitation lecture reading,,,45,done,682328e4b838d475ecd54f91,2023-11-21T08:16:51.000Z,2023-11-20T23:00:00.000Z,0
68261e8a135f2cb0d06b115c,Software Engineering - MP,Figma / UI prototyping,,,25,done,682328e4b838d475ecd54f91,2023-11-20T19:52:11.000Z,2023-11-19T23:00:00.000Z,0
68261e8a135f2cb0d06b115d,Software Engineering - MP,Figma / UI prototyping,,,25,done,682328e4b838d475ecd54f91,2023-11-20T19:00:35.000Z,2023-11-19T23:00:00.000Z,0
68261e8a135f2cb0d06b115e,Software Engineering - MP,Figma / UI prototyping,,,30,done,682328e4b838d475ecd54f91,2023-11-20T18:14:17.000Z,2023-11-19T23:00:00.000Z,0
68261e8a135f2cb0d06b115f,Software Engineering - RE,Group meeting / Assignment2 ,,,45,done,682328e4b838d475ecd54f91,2023-11-20T17:48:43.000Z,2023-11-19T23:00:00.000Z,0
68261e8a135f2cb0d06b1160,Software Engineering - RE,Group meeting,,,120,done,682328e4b838d475ecd54f91,2023-11-16T19:58:06.000Z,2023-11-15T23:00:00.000Z,0
68261e8a135f2cb0d06b1161,Software Engineering - MP,Fix Gantt chart + CPM,,,15,done,682328e4b838d475ecd54f91,2023-11-16T14:19:29.000Z,2023-11-15T23:00:00.000Z,0
68261e8a135f2cb0d06b1162,Software Engineering - MP,Fix Gantt chart + CPM,,,25,done,682328e4b838d475ecd54f91,2023-11-16T13:48:56.000Z,2023-11-15T23:00:00.000Z,0
68261e8a135f2cb0d06b1163,Software Engineering - MP,Fix Gantt chart + CPM,,,30,done,682328e4b838d475ecd54f91,2023-11-16T13:23:04.000Z,2023-11-15T23:00:00.000Z,0
68261e8a135f2cb0d06b1164,Software Engineering - MP,Fix Gantt chart + CPM,,,45,done,682328e4b838d475ecd54f91,2023-11-16T12:23:45.000Z,2023-11-15T23:00:00.000Z,0
68261e8a135f2cb0d06b1165,Software Engineering - MP,Fix Gantt chart + CPM,,,30,done,682328e4b838d475ecd54f91,2023-11-16T11:31:11.000Z,2023-11-15T23:00:00.000Z,0
68261e8a135f2cb0d06b1166,Software Engineering - RE,Group Work: SD/SR diagrams,,,35,done,682328e4b838d475ecd54f91,2023-11-15T20:29:50.000Z,2023-11-14T23:00:00.000Z,0
68261e8a135f2cb0d06b1167,Software Engineering - RE,Group Work: SD/SR diagrams,,,25,done,682328e4b838d475ecd54f91,2023-11-15T15:31:18.000Z,2023-11-14T23:00:00.000Z,0
68261e8a135f2cb0d06b1168,Software Engineering - RE,Group Work: SD/SR diagrams,,,200,done,682328e4b838d475ecd54f91,2023-11-15T15:02:49.000Z,2023-11-14T23:00:00.000Z,0
68261e8a135f2cb0d06b1169,Software Engineering - RE,Goal Model,,,25,done,682328e4b838d475ecd54f91,2023-11-14T19:35:22.000Z,2023-11-13T23:00:00.000Z,0
68261e8a135f2cb0d06b116a,Software Engineering - RE,Goal Model,,,30,done,682328e4b838d475ecd54f91,2023-11-14T19:10:06.000Z,2023-11-13T23:00:00.000Z,0
68261e8a135f2cb0d06b116b,Software Engineering - RE,Goal Model,,,80,done,682328e4b838d475ecd54f91,2023-11-14T16:18:03.000Z,2023-11-13T23:00:00.000Z,0
68261e8a135f2cb0d06b116c,Software Engineering - MP,Group Meeting ,,,170,done,682328e4b838d475ecd54f91,2023-11-14T11:15:36.000Z,2023-11-13T23:00:00.000Z,0
68261e8a135f2cb0d06b116d,Software Engineering - RE,Goal Model,,,25,done,682328e4b838d475ecd54f91,2023-11-14T09:52:58.000Z,2023-11-13T23:00:00.000Z,0
68261e8a135f2cb0d06b116e,Software Engineering - RE,Goal Model,,,25,done,682328e4b838d475ecd54f91,2023-11-14T09:12:05.000Z,2023-11-13T23:00:00.000Z,0
68261e8a135f2cb0d06b116f,Software Engineering - RE,Group meeting,,,76,done,682328e4b838d475ecd54f91,2023-11-13T16:54:37.000Z,2023-11-12T23:00:00.000Z,0
68261e8a135f2cb0d06b1170,Software Engineering - OOP,Assignment 3 - resubmission,,,25,done,682328e4b838d475ecd54f91,2023-11-13T13:39:34.000Z,2023-11-12T23:00:00.000Z,0
68261e8a135f2cb0d06b1171,Software Engineering - OOP,Assignment 3 - resubmission,,,25,done,682328e4b838d475ecd54f91,2023-11-13T12:54:56.000Z,2023-11-12T23:00:00.000Z,0
68261e8a135f2cb0d06b1172,Software Engineering - OOP,Assignment 3 - resubmission,,,15,done,682328e4b838d475ecd54f91,2023-11-13T12:29:53.000Z,2023-11-12T23:00:00.000Z,0
68261e8a135f2cb0d06b1173,Software Engineering - MP,JavaFX,,,15,done,682328e4b838d475ecd54f91,2023-11-13T09:19:39.000Z,2023-11-12T23:00:00.000Z,0
68261e8a135f2cb0d06b1174,Software Engineering - MP,JavaFX,,,25,done,682328e4b838d475ecd54f91,2023-11-13T08:40:47.000Z,2023-11-12T23:00:00.000Z,0
68261e8a135f2cb0d06b1175,Software Engineering - MP,JavaFX,,,25,done,682328e4b838d475ecd54f91,2023-11-12T20:08:15.000Z,2023-11-11T23:00:00.000Z,0
68261e8a135f2cb0d06b1176,Software Engineering - MP,JavaFX,,,20,done,682328e4b838d475ecd54f91,2023-11-12T19:25:26.000Z,2023-11-11T23:00:00.000Z,0
68261e8a135f2cb0d06b1177,Software Engineering - RE,Group meeting question 2,,,120,done,682328e4b838d475ecd54f91,2023-11-12T19:05:35.000Z,2023-11-11T23:00:00.000Z,0
68261e8a135f2cb0d06b1178,Software Engineering - MP,JavaFX,,,25,done,682328e4b838d475ecd54f91,2023-11-12T18:45:24.000Z,2023-11-11T23:00:00.000Z,0
68261e8a135f2cb0d06b1179,Software Engineering - MP,Vids,,,40,done,682328e4b838d475ecd54f91,2023-11-12T17:55:29.000Z,2023-11-11T23:00:00.000Z,0
68261e8a135f2cb0d06b117a,Software Engineering - MP,Vids,,,40,done,682328e4b838d475ecd54f91,2023-11-12T17:05:31.000Z,2023-11-11T23:00:00.000Z,0
68261e8a135f2cb0d06b117b,Software Engineering - MP,Vids,,,30,done,682328e4b838d475ecd54f91,2023-11-12T14:09:15.000Z,2023-11-11T23:00:00.000Z,0
68261e8a135f2cb0d06b117c,Reading,How to Think Like a Philosopher,,,31,done,682328e4b838d475ecd54f91,2023-11-11T18:15:55.000Z,2023-11-10T23:00:00.000Z,0
68261e8a135f2cb0d06b117d,Software Engineering - MP,Vids,,,25,done,682328e4b838d475ecd54f91,2023-11-11T16:37:42.000Z,2023-11-10T23:00:00.000Z,0
68261e8a135f2cb0d06b117e,Software Engineering - RE,Group meeting ,,,80,done,682328e4b838d475ecd54f91,2023-11-10T20:00:29.000Z,2023-11-09T23:00:00.000Z,0
68261e8a135f2cb0d06b117f,Software Engineering - RE,Group meeting ,,,40,done,682328e4b838d475ecd54f91,2023-11-10T18:25:19.000Z,2023-11-09T23:00:00.000Z,0
68261e8a135f2cb0d06b1180,Software Engineering - MP,Group meeting ,,,170,done,682328e4b838d475ecd54f91,2023-11-10T13:44:09.000Z,2023-11-09T23:00:00.000Z,0
68261e8a135f2cb0d06b1181,Software Engineering - RE,Group meeting,,,60,done,682328e4b838d475ecd54f91,2023-11-09T17:29:49.000Z,2023-11-08T23:00:00.000Z,0
68261e8a135f2cb0d06b1182,Software Engineering - RE,Group meeting,,,60,done,682328e4b838d475ecd54f91,2023-11-09T16:38:39.000Z,2023-11-08T23:00:00.000Z,0
68261e8a135f2cb0d06b1183,Software Engineering - MP,WBS/Gantt Chart,,,30,done,682328e4b838d475ecd54f91,2023-11-09T14:14:00.000Z,2023-11-08T23:00:00.000Z,0
68261e8a135f2cb0d06b1184,Software Engineering - MP,WBS/Gantt Chart,,,36,done,682328e4b838d475ecd54f91,2023-11-09T12:37:39.000Z,2023-11-08T23:00:00.000Z,0
68261e8a135f2cb0d06b1185,Software Engineering - OOP,Assignment revision,,,20,done,682328e4b838d475ecd54f91,2023-11-09T11:43:18.000Z,2023-11-08T23:00:00.000Z,0
68261e8a135f2cb0d06b1186,Software Engineering - OOP,Assignment revision,,,35,done,682328e4b838d475ecd54f91,2023-11-09T11:06:40.000Z,2023-11-08T23:00:00.000Z,0
68261e8a135f2cb0d06b1187,Software Engineering - OOP,Assignment revision,,,35,done,682328e4b838d475ecd54f91,2023-11-09T09:23:49.000Z,2023-11-08T23:00:00.000Z,0
68261e8a135f2cb0d06b1188,Software Engineering - OOP,Assignment revision,,,30,done,682328e4b838d475ecd54f91,2023-11-09T08:33:32.000Z,2023-11-08T23:00:00.000Z,0
68261e8a135f2cb0d06b1189,Software Engineering - OOP,Assignment revision,,,25,done,682328e4b838d475ecd54f91,2023-11-09T07:57:14.000Z,2023-11-08T23:00:00.000Z,0
68261e8a135f2cb0d06b118a,Software Engineering - MP,WBS/Gantt Chart,,,50,done,682328e4b838d475ecd54f91,2023-11-08T16:35:23.000Z,2023-11-07T23:00:00.000Z,0
68261e8a135f2cb0d06b118b,Software Engineering - OOP,Assignment revision,,,15,done,682328e4b838d475ecd54f91,2023-11-08T15:33:36.000Z,2023-11-07T23:00:00.000Z,0
68261e8a135f2cb0d06b118c,Software Engineering - OOP,Assignment revision,,,30,done,682328e4b838d475ecd54f91,2023-11-08T15:15:13.000Z,2023-11-07T23:00:00.000Z,0
68261e8a135f2cb0d06b118d,Software Engineering - OOP,Assignment revision,,,25,done,682328e4b838d475ecd54f91,2023-11-08T13:27:22.000Z,2023-11-07T23:00:00.000Z,0
68261e8a135f2cb0d06b118e,Software Engineering - OOP,Assignment revision,,,35,done,682328e4b838d475ecd54f91,2023-11-08T12:45:12.000Z,2023-11-07T23:00:00.000Z,0
68261e8a135f2cb0d06b118f,Software Engineering - OOP,Assignments revision,,,50,done,682328e4b838d475ecd54f91,2023-11-07T16:37:18.000Z,2023-11-06T23:00:00.000Z,0
68261e8a135f2cb0d06b1190,Software Engineering - OOP,Assignments revision,,,55,done,682328e4b838d475ecd54f91,2023-11-07T15:36:54.000Z,2023-11-06T23:00:00.000Z,0
68261e8a135f2cb0d06b1191,Software Engineering - OOP,Assignments revision,,,30,done,682328e4b838d475ecd54f91,2023-11-07T10:17:43.000Z,2023-11-06T23:00:00.000Z,0
68261e8a135f2cb0d06b1192,Reading,How to Think Like a Philosopher,,,40,done,682328e4b838d475ecd54f91,2023-11-07T07:29:13.000Z,2023-11-06T23:00:00.000Z,0
68261e8a135f2cb0d06b1193,Software Engineering - MP,JavaFX,,,35,done,682328e4b838d475ecd54f91,2023-11-05T19:36:02.000Z,2023-11-04T23:00:00.000Z,0
68261e8a135f2cb0d06b1194,Software Engineering - MP,JavaFX,,,19,done,682328e4b838d475ecd54f91,2023-11-05T15:14:23.000Z,2023-11-04T23:00:00.000Z,0
68261e8a135f2cb0d06b1195,Software Engineering - RE,Requirements Engineering ,,,30,done,682328e4b838d475ecd54f91,2023-11-05T13:47:23.000Z,2023-11-04T23:00:00.000Z,0
68261e8a135f2cb0d06b1196,Software Engineering - RE,Requirements Engineering ,,,25,done,682328e4b838d475ecd54f91,2023-11-05T12:34:25.000Z,2023-11-04T23:00:00.000Z,0
68261e8a135f2cb0d06b1197,Software Engineering - RE,Requirements Engineering ,,,50,done,682328e4b838d475ecd54f91,2023-11-05T11:53:17.000Z,2023-11-04T23:00:00.000Z,0
68261e8a135f2cb0d06b1198,Software Engineering - RE,Requirements Engineering ,,,31,done,682328e4b838d475ecd54f91,2023-11-05T10:14:28.000Z,2023-11-04T23:00:00.000Z,0
68261e8a135f2cb0d06b1199,Software Engineering - RE,Requirements Engineering ,,,30,done,682328e4b838d475ecd54f91,2023-11-05T09:13:29.000Z,2023-11-04T23:00:00.000Z,0
68261e8a135f2cb0d06b119a,Software Engineering - RE,Requirements Engineering ,,,35,done,682328e4b838d475ecd54f91,2023-11-05T08:10:29.000Z,2023-11-04T23:00:00.000Z,0
68261e8a135f2cb0d06b119b,Software Engineering - RE,Requirements Engineering ,,,25,done,682328e4b838d475ecd54f91,2023-11-05T07:23:09.000Z,2023-11-04T23:00:00.000Z,0
68261e8a135f2cb0d06b119c,Software Engineering - MP,Reading ,,,45,done,682328e4b838d475ecd54f91,2023-11-04T11:44:07.000Z,2023-11-03T23:00:00.000Z,0
68261e8a135f2cb0d06b119d,Software Engineering - MP,JavaFX,,,25,done,682328e4b838d475ecd54f91,2023-11-03T22:03:27.000Z,2023-11-02T23:00:00.000Z,0
68261e8a135f2cb0d06b119e,Software Engineering - RE,Requirements Engineering ,,,30,done,682328e4b838d475ecd54f91,2023-11-03T20:57:31.000Z,2023-11-02T23:00:00.000Z,0
68261e8a135f2cb0d06b1127,Software Engineering - MP,UI,,,55,done,682328e4b838d475ecd54f91,2023-11-27T16:25:44.000Z,2023-11-26T23:00:00.000Z,0
68261e8a135f2cb0d06b1128,Software Engineering - MP,UI,,,45,done,682328e4b838d475ecd54f91,2023-11-27T13:44:09.000Z,2023-11-26T23:00:00.000Z,0
68261e8a135f2cb0d06b11a1,Software Engineering - MP,JavaFX,,,35,done,682328e4b838d475ecd54f91,2023-11-03T18:37:37.000Z,2023-11-02T23:00:00.000Z,0
68261e8a135f2cb0d06b11a2,Software Engineering - MP,JavaFX,,,45,done,682328e4b838d475ecd54f91,2023-11-03T17:49:27.000Z,2023-11-02T23:00:00.000Z,0
68261e8a135f2cb0d06b11a3,Software Engineering - MP,JavaFX,,,45,done,682328e4b838d475ecd54f91,2023-11-03T16:26:01.000Z,2023-11-02T23:00:00.000Z,0
68261e8a135f2cb0d06b11a4,Software Engineering - MP,JavaFX,,,55,done,682328e4b838d475ecd54f91,2023-11-03T15:25:22.000Z,2023-11-02T23:00:00.000Z,0
68261e8a135f2cb0d06b11a5,Software Engineering - MP,JavaFX,,,70,done,682328e4b838d475ecd54f91,2023-11-03T13:41:59.000Z,2023-11-02T23:00:00.000Z,0
68261e8a135f2cb0d06b11a6,Software Engineering - MP,JavaFX,,,41,done,682328e4b838d475ecd54f91,2023-11-02T23:25:10.000Z,2023-11-02T23:00:00.000Z,0
68261e8a135f2cb0d06b11a7,Software Engineering - MP,JavaFX,,,35,done,682328e4b838d475ecd54f91,2023-11-02T22:30:49.000Z,2023-11-01T23:00:00.000Z,0
68261e8a135f2cb0d06b11a8,Software Engineering - MP,JavaFX,,,40,done,682328e4b838d475ecd54f91,2023-11-02T21:40:46.000Z,2023-11-01T23:00:00.000Z,0
68261e8a135f2cb0d06b11a9,Software Engineering - MP,Project overview ,,,35,done,682328e4b838d475ecd54f91,2023-10-31T09:58:48.000Z,2023-10-30T23:00:00.000Z,0
68261e8a135f2cb0d06b11aa,Software Engineering - MP,Project overview ,,,45,done,682328e4b838d475ecd54f91,2023-10-31T09:08:11.000Z,2023-10-30T23:00:00.000Z,0
68261e8a135f2cb0d06b11ab,Software Engineering - RE,Requirements Engineering ,,,29,done,682328e4b838d475ecd54f91,2023-10-30T18:01:00.000Z,2023-10-29T23:00:00.000Z,0
68261e8a135f2cb0d06b11ac,Software Engineering - RE,Project overview ,,,35,done,682328e4b838d475ecd54f91,2023-10-30T17:16:28.000Z,2023-10-29T23:00:00.000Z,0
68261e8a135f2cb0d06b11ad,Reading,How to Think Like a Philosopher,,,35,done,682328e4b838d475ecd54f91,2023-10-28T21:15:15.000Z,2023-10-27T22:00:00.000Z,0
68261e8a135f2cb0d06b11ae,Reading,How to Think Like a Philosopher,,,35,done,682328e4b838d475ecd54f91,2023-10-28T20:10:41.000Z,2023-10-27T22:00:00.000Z,0
68261e8a135f2cb0d06b11af,Software Engineering - Math,Exam prep,,,120,done,682328e4b838d475ecd54f91,2023-10-26T08:31:42.000Z,2023-10-25T22:00:00.000Z,0
68261e8a135f2cb0d06b11b0,Software Engineering - Math,Exam prep,,,55,done,682328e4b838d475ecd54f91,2023-10-25T13:24:12.000Z,2023-10-24T22:00:00.000Z,0
68261e8a135f2cb0d06b11b1,Software Engineering - Math,Exam prep,,,44,done,682328e4b838d475ecd54f91,2023-10-25T11:09:44.000Z,2023-10-24T22:00:00.000Z,0
68261e8a135f2cb0d06b11b2,Software Engineering - Math,Exam prep,,,21,done,682328e4b838d475ecd54f91,2023-10-24T21:28:18.000Z,2023-10-23T22:00:00.000Z,0
68261e8a135f2cb0d06b11b3,Software Engineering - Math,Exam prep,,,46,done,682328e4b838d475ecd54f91,2023-10-24T20:48:04.000Z,2023-10-23T22:00:00.000Z,0
68261e8a135f2cb0d06b11b4,Software Engineering - Math,Exam prep,,,41,done,682328e4b838d475ecd54f91,2023-10-24T19:15:18.000Z,2023-10-23T22:00:00.000Z,0
68261e8a135f2cb0d06b11b5,Software Engineering - Math,Exam prep,,,60,done,682328e4b838d475ecd54f91,2023-10-24T18:12:36.000Z,2023-10-23T22:00:00.000Z,0
68261e8a135f2cb0d06b11b6,Software Engineering - Math,Exam prep,,,57,done,682328e4b838d475ecd54f91,2023-10-24T16:31:31.000Z,2023-10-23T22:00:00.000Z,0
68261e8a135f2cb0d06b11b7,Software Engineering - Math,Exam prep,,,46,done,682328e4b838d475ecd54f91,2023-10-24T13:34:16.000Z,2023-10-23T22:00:00.000Z,0
68261e8a135f2cb0d06b11b8,Software Engineering - Math,Exam prep,,,51,done,682328e4b838d475ecd54f91,2023-10-24T12:35:40.000Z,2023-10-23T22:00:00.000Z,0
68261e8a135f2cb0d06b11b9,Software Engineering - Math,Exam prep,,,60,done,682328e4b838d475ecd54f91,2023-10-24T10:23:18.000Z,2023-10-23T22:00:00.000Z,0
68261e8a135f2cb0d06b11ba,Software Engineering - Math,Exam prep,,,40,done,682328e4b838d475ecd54f91,2023-10-24T09:12:20.000Z,2023-10-23T22:00:00.000Z,0
68261e8a135f2cb0d06b11bb,Software Engineering - Math,Exam prep,,,45,done,682328e4b838d475ecd54f91,2023-10-23T19:42:42.000Z,2023-10-22T22:00:00.000Z,0
68261e8a135f2cb0d06b11bc,Software Engineering - Math,Exam prep,,,45,done,682328e4b838d475ecd54f91,2023-10-23T18:36:31.000Z,2023-10-22T22:00:00.000Z,0
68261e8a135f2cb0d06b11bd,Software Engineering - OOP,Exam prep,,,90,done,682328e4b838d475ecd54f91,2023-10-23T16:59:42.000Z,2023-10-22T22:00:00.000Z,0
68261e8a135f2cb0d06b11be,Software Engineering - OOP,Exam prep,,,22,done,682328e4b838d475ecd54f91,2023-10-22T16:44:11.000Z,2023-10-21T22:00:00.000Z,0
68261e8a135f2cb0d06b11bf,Software Engineering - OOP,Exam prep,,,55,done,682328e4b838d475ecd54f91,2023-10-22T14:00:19.000Z,2023-10-21T22:00:00.000Z,0
68261e8a135f2cb0d06b11c0,Software Engineering - OOP,Exam prep,,,70,done,682328e4b838d475ecd54f91,2023-10-22T11:07:32.000Z,2023-10-21T22:00:00.000Z,0
68261e8a135f2cb0d06b11c1,Software Engineering - OOP,Exam prep,,,55,done,682328e4b838d475ecd54f91,2023-10-22T09:35:30.000Z,2023-10-21T22:00:00.000Z,0
68261e8a135f2cb0d06b11c2,Software Engineering - OOP,Exam prep,,,30,done,682328e4b838d475ecd54f91,2023-10-21T19:58:45.000Z,2023-10-20T22:00:00.000Z,0
68261e8a135f2cb0d06b11c3,Software Engineering - OOP,Exam prep,,,40,done,682328e4b838d475ecd54f91,2023-10-21T19:12:53.000Z,2023-10-20T22:00:00.000Z,0
68261e8a135f2cb0d06b11c4,Software Engineering - OOP,Exam prep,,,41,done,682328e4b838d475ecd54f91,2023-10-21T18:16:48.000Z,2023-10-20T22:00:00.000Z,0
68261e8a135f2cb0d06b11c5,Software Engineering - OOP,Exam prep,,,45,done,682328e4b838d475ecd54f91,2023-10-21T16:58:18.000Z,2023-10-20T22:00:00.000Z,0
68261e8a135f2cb0d06b11c6,Software Engineering - OOP,Exam prep,,,30,done,682328e4b838d475ecd54f91,2023-10-21T15:20:59.000Z,2023-10-20T22:00:00.000Z,0
68261e8a135f2cb0d06b11c7,Software Engineering - OOP,Exam prep,,,54,done,682328e4b838d475ecd54f91,2023-10-21T14:40:51.000Z,2023-10-20T22:00:00.000Z,0
68261e8a135f2cb0d06b11c8,Software Engineering - OOP,Exam prep,,,35,done,682328e4b838d475ecd54f91,2023-10-21T13:12:02.000Z,2023-10-20T22:00:00.000Z,0
68261e8a135f2cb0d06b11c9,Software Engineering - OOP,Exam prep,,,46,done,682328e4b838d475ecd54f91,2023-10-21T12:11:35.000Z,2023-10-20T22:00:00.000Z,0
68261e8a135f2cb0d06b11ca,Software Engineering - OOP,Exam prep,,,45,done,682328e4b838d475ecd54f91,2023-10-21T10:48:13.000Z,2023-10-20T22:00:00.000Z,0
68261e8a135f2cb0d06b11cb,Software Engineering - OOP,Exam prep,,,17,done,682328e4b838d475ecd54f91,2023-10-20T23:41:34.000Z,2023-10-20T22:00:00.000Z,0
68261e8a135f2cb0d06b11cc,Software Engineering - OOP,Exam prep,,,41,done,682328e4b838d475ecd54f91,2023-10-20T22:40:30.000Z,2023-10-20T22:00:00.000Z,0
68261e8a135f2cb0d06b11cd,Software Engineering - OOP,Exam prep,,,57,done,682328e4b838d475ecd54f91,2023-10-20T21:48:07.000Z,2023-10-19T22:00:00.000Z,0
68261e8a135f2cb0d06b11ce,Software Engineering - OOP,Exam prep,,,35,done,682328e4b838d475ecd54f91,2023-10-20T16:10:28.000Z,2023-10-19T22:00:00.000Z,0
68261e8a135f2cb0d06b11cf,Software Engineering - OOP,Exam prep,,,35,done,682328e4b838d475ecd54f91,2023-10-20T14:33:28.000Z,2023-10-19T22:00:00.000Z,0
68261e8a135f2cb0d06b11d0,Software Engineering - OOP,Exam prep,,,40,done,682328e4b838d475ecd54f91,2023-10-19T22:36:59.000Z,2023-10-19T22:00:00.000Z,0
68261e8a135f2cb0d06b11d1,Software Engineering - OOP,Exam prep,,,35,done,682328e4b838d475ecd54f91,2023-10-19T21:37:53.000Z,2023-10-18T22:00:00.000Z,0
68261e8a135f2cb0d06b11d2,Software Engineering - OOP,Exam prep,,,35,done,682328e4b838d475ecd54f91,2023-10-19T20:49:53.000Z,2023-10-18T22:00:00.000Z,0
68261e8a135f2cb0d06b11d3,Software Engineering - OOP,Exam prep,,,40,done,682328e4b838d475ecd54f91,2023-10-19T20:00:05.000Z,2023-10-18T22:00:00.000Z,0
68261e8a135f2cb0d06b11d4,Software Engineering - OOP,Exam prep,,,40,done,682328e4b838d475ecd54f91,2023-10-19T19:04:02.000Z,2023-10-18T22:00:00.000Z,0
68261e8a135f2cb0d06b11d5,Software Engineering - OOP,Exam prep,,,40,done,682328e4b838d475ecd54f91,2023-10-19T18:06:51.000Z,2023-10-18T22:00:00.000Z,0
68261e8a135f2cb0d06b11d6,Software Engineering - OOP,Exam prep,,,45,done,682328e4b838d475ecd54f91,2023-10-19T17:02:54.000Z,2023-10-18T22:00:00.000Z,0
68261e8a135f2cb0d06b11d7,Software Engineering - OOP,Exam prep,,,50,done,682328e4b838d475ecd54f91,2023-10-19T16:04:05.000Z,2023-10-18T22:00:00.000Z,0
68261e8a135f2cb0d06b11d8,Software Engineering - OOP,Exam prep,,,45,done,682328e4b838d475ecd54f91,2023-10-19T14:40:46.000Z,2023-10-18T22:00:00.000Z,0
68261e8a135f2cb0d06b11d9,Software Engineering - OOP,Exam prep,,,35,done,682328e4b838d475ecd54f91,2023-10-19T13:06:42.000Z,2023-10-18T22:00:00.000Z,0
68261e8a135f2cb0d06b11da,Software Engineering - Math,Statistics,,,35,done,682328e4b838d475ecd54f91,2023-10-18T22:21:29.000Z,2023-10-18T22:00:00.000Z,0
68261e8a135f2cb0d06b11db,Software Engineering - Math,Statistics,,,45,done,682328e4b838d475ecd54f91,2023-10-18T20:35:31.000Z,2023-10-17T22:00:00.000Z,0
68261e8a135f2cb0d06b11dc,Software Engineering - Math,Statistics,,,35,done,682328e4b838d475ecd54f91,2023-10-18T19:38:04.000Z,2023-10-17T22:00:00.000Z,0
68261e8a135f2cb0d06b11dd,Software Engineering - Math,Statistics,,,35,done,682328e4b838d475ecd54f91,2023-10-18T18:18:26.000Z,2023-10-17T22:00:00.000Z,0
68261e8a135f2cb0d06b11de,Software Engineering - Math,Statistics,,,50,done,682328e4b838d475ecd54f91,2023-10-18T17:02:05.000Z,2023-10-17T22:00:00.000Z,0
68261e8a135f2cb0d06b11df,Software Engineering - Math,Statistics,,,35,done,682328e4b838d475ecd54f91,2023-10-18T14:09:05.000Z,2023-10-17T22:00:00.000Z,0
68261e8a135f2cb0d06b11e0,Software Engineering - Math,Statistics,,,38,done,682328e4b838d475ecd54f91,2023-10-18T13:16:02.000Z,2023-10-17T22:00:00.000Z,0
68261e8a135f2cb0d06b11e1,Software Engineering - Math,Statistics,,,42,done,682328e4b838d475ecd54f91,2023-10-18T11:29:20.000Z,2023-10-17T22:00:00.000Z,0
68261e8a135f2cb0d06b11e2,Software Engineering - Math,Statistics,,,60,done,682328e4b838d475ecd54f91,2023-10-18T08:30:47.000Z,2023-10-17T22:00:00.000Z,0
68261e8a135f2cb0d06b11e3,Software Engineering - Math,Statistics,,,60,done,682328e4b838d475ecd54f91,2023-10-18T07:09:25.000Z,2023-10-17T22:00:00.000Z,0
68261e8a135f2cb0d06b11e4,Software Engineering - Math,Statistics,,,60,done,682328e4b838d475ecd54f91,2023-10-17T17:03:30.000Z,2023-10-16T22:00:00.000Z,0
68261e8a135f2cb0d06b11e5,Software Engineering - Math,Statistics,,,60,done,682328e4b838d475ecd54f91,2023-10-17T15:24:15.000Z,2023-10-16T22:00:00.000Z,0
68261e8a135f2cb0d06b11e6,Software Engineering - Math,Statistics,,,63,done,682328e4b838d475ecd54f91,2023-10-17T12:58:55.000Z,2023-10-16T22:00:00.000Z,0
68261e8a135f2cb0d06b11e7,Software Engineering - Math,Statistics,,,60,done,682328e4b838d475ecd54f91,2023-10-17T11:23:26.000Z,2023-10-16T22:00:00.000Z,0
68261e8a135f2cb0d06b11e8,Software Engineering - OOP,Assignment3,,,70,done,682328e4b838d475ecd54f91,2023-10-15T18:29:30.000Z,2023-10-14T22:00:00.000Z,0
68261e8a135f2cb0d06b11e9,Software Engineering - OOP,Assignment3,,,65,done,682328e4b838d475ecd54f91,2023-10-15T17:52:51.000Z,2023-10-14T22:00:00.000Z,0
68261e8a135f2cb0d06b11ea,Software Engineering - OOP,Assignment3,,,100,done,682328e4b838d475ecd54f91,2023-10-15T15:01:19.000Z,2023-10-14T22:00:00.000Z,0
68261e8a135f2cb0d06b11eb,Software Engineering - OOP,Assignment3,,,35,done,682328e4b838d475ecd54f91,2023-10-15T13:23:50.000Z,2023-10-14T22:00:00.000Z,0
68261e8a135f2cb0d06b11ec,Software Engineering - OOP,Assignment3,,,40,done,682328e4b838d475ecd54f91,2023-10-15T12:26:12.000Z,2023-10-14T22:00:00.000Z,0
68261e8a135f2cb0d06b11ed,Software Engineering - OOP,Assignment3,,,35,done,682328e4b838d475ecd54f91,2023-10-15T11:17:53.000Z,2023-10-14T22:00:00.000Z,0
68261e8a135f2cb0d06b11ee,Software Engineering - OOP,Assignment3,,,25,done,682328e4b838d475ecd54f91,2023-10-15T09:34:45.000Z,2023-10-14T22:00:00.000Z,0
68261e8a135f2cb0d06b11ef,Software Engineering - OOP,Assignment3,,,45,done,682328e4b838d475ecd54f91,2023-10-15T08:58:11.000Z,2023-10-14T22:00:00.000Z,0
68261e8a135f2cb0d06b11f0,Software Engineering - OOP,Assignment3,,,45,done,682328e4b838d475ecd54f91,2023-10-15T07:47:03.000Z,2023-10-14T22:00:00.000Z,0
68261e8a135f2cb0d06b11f1,Software Engineering - OOP,Assignment3,,,35,done,682328e4b838d475ecd54f91,2023-10-14T22:38:05.000Z,2023-10-14T22:00:00.000Z,0
68261e8a135f2cb0d06b11f2,Software Engineering - OOP,Assignment3,,,35,done,682328e4b838d475ecd54f91,2023-10-14T20:34:48.000Z,2023-10-13T22:00:00.000Z,0
68261e8a135f2cb0d06b11f3,Software Engineering - OOP,Assignment3,,,43,done,682328e4b838d475ecd54f91,2023-10-14T18:35:54.000Z,2023-10-13T22:00:00.000Z,0
68261e8a135f2cb0d06b11f4,Software Engineering - OOP,Assignment3,,,55,done,682328e4b838d475ecd54f91,2023-10-14T17:06:09.000Z,2023-10-13T22:00:00.000Z,0
68261e8a135f2cb0d06b11f5,Software Engineering - OOP,Assignment3,,,43,done,682328e4b838d475ecd54f91,2023-10-14T15:52:50.000Z,2023-10-13T22:00:00.000Z,0
68261e8a135f2cb0d06b11f6,Software Engineering - OOP,Assignment3,,,54,done,682328e4b838d475ecd54f91,2023-10-14T13:51:22.000Z,2023-10-13T22:00:00.000Z,0
68261e8a135f2cb0d06b11f7,Software Engineering - OOP,Assignment3,,,11,done,682328e4b838d475ecd54f91,2023-10-14T05:33:25.000Z,2023-10-13T22:00:00.000Z,0
68261e8a135f2cb0d06b11f8,Software Engineering - OOP,Assignment3,,,80,done,682328e4b838d475ecd54f91,2023-10-13T18:34:09.000Z,2023-10-12T22:00:00.000Z,0
68261e8a135f2cb0d06b11f9,Software Engineering - OOP,Assignment3,,,26,done,682328e4b838d475ecd54f91,2023-10-12T17:14:58.000Z,2023-10-11T22:00:00.000Z,0
68261e8a135f2cb0d06b11fa,Software Engineering - OOP,Assignment3,,,12,done,682328e4b838d475ecd54f91,2023-10-12T16:30:36.000Z,2023-10-11T22:00:00.000Z,0
68261e8a135f2cb0d06b11fb,Software Engineering - OOP,Assignment3,,,75,done,682328e4b838d475ecd54f91,2023-10-12T15:29:16.000Z,2023-10-11T22:00:00.000Z,0
68261e8a135f2cb0d06b11fc,Software Engineering - OOP,Assignment 3,,,35,done,682328e4b838d475ecd54f91,2023-10-11T19:23:53.000Z,2023-10-10T22:00:00.000Z,0
68261e8a135f2cb0d06b11fd,Software Engineering - OOP,Assignment 3,,,40,done,682328e4b838d475ecd54f91,2023-10-11T18:38:33.000Z,2023-10-10T22:00:00.000Z,0
68261e8a135f2cb0d06b11fe,Software Engineering - OOP,Assignment 3,,,65,done,682328e4b838d475ecd54f91,2023-10-11T17:44:22.000Z,2023-10-10T22:00:00.000Z,0
68261e8a135f2cb0d06b11ff,Software Engineering - OOP,Assignment 3,,,40,done,682328e4b838d475ecd54f91,2023-10-11T16:07:45.000Z,2023-10-10T22:00:00.000Z,0
68261e8a135f2cb0d06b1200,Software Engineering - OOP,Assignment 3,,,35,done,682328e4b838d475ecd54f91,2023-10-11T15:17:03.000Z,2023-10-10T22:00:00.000Z,0
68261e8a135f2cb0d06b1201,Software Engineering - OOP,Assignment 3,,,70,done,682328e4b838d475ecd54f91,2023-10-11T13:58:35.000Z,2023-10-10T22:00:00.000Z,0
68261e8a135f2cb0d06b1202,Software Engineering - OOP,Assignment 3,,,35,done,682328e4b838d475ecd54f91,2023-10-10T19:08:24.000Z,2023-10-09T22:00:00.000Z,0
68261e8a135f2cb0d06b1203,Software Engineering - OOP,Assignment 3,,,35,done,682328e4b838d475ecd54f91,2023-10-10T17:53:30.000Z,2023-10-09T22:00:00.000Z,0
68261e8a135f2cb0d06b1204,Software Engineering - OOP,Assignment 3,,,50,done,682328e4b838d475ecd54f91,2023-10-10T17:18:10.000Z,2023-10-09T22:00:00.000Z,0
68261e8a135f2cb0d06b1205,Software Engineering - OOP,Assignment 3,,,45,done,682328e4b838d475ecd54f91,2023-10-10T05:45:39.000Z,2023-10-09T22:00:00.000Z,0
68261e8a135f2cb0d06b1206,Software Engineering - OOP,Assignment 3,,,40,done,682328e4b838d475ecd54f91,2023-10-10T04:32:50.000Z,2023-10-09T22:00:00.000Z,0
68261e8a135f2cb0d06b1207,Software Engineering - OOP,Assignment3,,,44,done,682328e4b838d475ecd54f91,2023-10-08T19:39:25.000Z,2023-10-07T22:00:00.000Z,0
68261e8a135f2cb0d06b1208,Software Engineering - OOP,Assignment3,,,40,done,682328e4b838d475ecd54f91,2023-10-08T18:45:09.000Z,2023-10-07T22:00:00.000Z,0
68261e8a135f2cb0d06b1209,Software Engineering - OOP,Assignment3,,,30,done,682328e4b838d475ecd54f91,2023-10-08T16:54:45.000Z,2023-10-07T22:00:00.000Z,0
68261e8a135f2cb0d06b120a,Software Engineering - OOP,Assignment3,,,50,done,682328e4b838d475ecd54f91,2023-10-08T16:14:09.000Z,2023-10-07T22:00:00.000Z,0
68261e8a135f2cb0d06b120b,Software Engineering - OOP,Assignment3,,,50,done,682328e4b838d475ecd54f91,2023-10-08T14:09:30.000Z,2023-10-07T22:00:00.000Z,0
68261e8a135f2cb0d06b120c,Software Engineering - OOP,Assignment3,,,40,done,682328e4b838d475ecd54f91,2023-10-08T11:51:46.000Z,2023-10-07T22:00:00.000Z,0
68261e8a135f2cb0d06b120d,Software Engineering - OOP,Assignment3,,,40,done,682328e4b838d475ecd54f91,2023-10-08T11:03:26.000Z,2023-10-07T22:00:00.000Z,0
68261e8a135f2cb0d06b120e,Software Engineering - OOP,Assignment3,,,35,done,682328e4b838d475ecd54f91,2023-10-07T20:15:56.000Z,2023-10-06T22:00:00.000Z,0
68261e8a135f2cb0d06b120f,Software Engineering - OOP,Assignment3,,,25,done,682328e4b838d475ecd54f91,2023-10-07T18:43:27.000Z,2023-10-06T22:00:00.000Z,0
68261e8a135f2cb0d06b1210,Software Engineering - OOP,Assignment3,,,35,done,682328e4b838d475ecd54f91,2023-10-07T18:22:48.000Z,2023-10-06T22:00:00.000Z,0
68261e8a135f2cb0d06b1211,Software Engineering - OOP,Assignment3,,,45,done,682328e4b838d475ecd54f91,2023-10-07T17:47:00.000Z,2023-10-06T22:00:00.000Z,0
68261e8a135f2cb0d06b1212,Software Engineering - OOP,Assignment3,,,30,done,682328e4b838d475ecd54f91,2023-10-07T15:55:49.000Z,2023-10-06T22:00:00.000Z,0
68261e8a135f2cb0d06b1213,Software Engineering - OOP,Assignment3,,,40,done,682328e4b838d475ecd54f91,2023-10-07T14:54:16.000Z,2023-10-06T22:00:00.000Z,0
68261e8a135f2cb0d06b1214,Software Engineering - OOP,Assignment3,,,40,done,682328e4b838d475ecd54f91,2023-10-07T13:45:16.000Z,2023-10-06T22:00:00.000Z,0
68261e8a135f2cb0d06b1215,Software Engineering - OOP,Assignment3,,,35,done,682328e4b838d475ecd54f91,2023-10-07T12:56:20.000Z,2023-10-06T22:00:00.000Z,0
68261e8a135f2cb0d06b1216,Software Engineering - OOP,Assignment3,,,45,done,682328e4b838d475ecd54f91,2023-10-07T11:20:27.000Z,2023-10-06T22:00:00.000Z,0
68261e8a135f2cb0d06b1217,Software Engineering - OOP,Perusall Polymorphism ,,,35,done,682328e4b838d475ecd54f91,2023-10-07T10:27:32.000Z,2023-10-06T22:00:00.000Z,0
68261e8a135f2cb0d06b1218,Software Engineering - OOP,Perusall ,,,40,done,682328e4b838d475ecd54f91,2023-10-06T20:25:27.000Z,2023-10-05T22:00:00.000Z,0
68261e8a135f2cb0d06b1219,Software Engineering - OOP,Perusall ,,,30,done,682328e4b838d475ecd54f91,2023-10-06T19:15:17.000Z,2023-10-05T22:00:00.000Z,0
68261e8a135f2cb0d06b119f,Software Engineering - RE,Requirements Engineering ,,,25,done,682328e4b838d475ecd54f91,2023-11-03T20:18:10.000Z,2023-11-02T23:00:00.000Z,0
68261e8a135f2cb0d06b11a0,Software Engineering - MP,JavaFX,,,35,done,682328e4b838d475ecd54f91,2023-11-03T19:27:59.000Z,2023-11-02T23:00:00.000Z,0
68261e8a135f2cb0d06b121c,Software Engineering - OOP,Perusall ,,,40,done,682328e4b838d475ecd54f91,2023-10-06T13:36:59.000Z,2023-10-05T22:00:00.000Z,0
68261e8a135f2cb0d06b121d,Software Engineering - OOP,Perusall Polymorphism,,,45,done,682328e4b838d475ecd54f91,2023-10-04T18:13:48.000Z,2023-10-03T22:00:00.000Z,0
68261e8a135f2cb0d06b121e,Software Engineering - OOP,Perusall Polymorphism,,,30,done,682328e4b838d475ecd54f91,2023-10-04T17:23:39.000Z,2023-10-03T22:00:00.000Z,0
68261e8a135f2cb0d06b121f,Software Engineering - Math,Assignment2 group work,,,60,done,682328e4b838d475ecd54f91,2023-10-04T16:53:28.000Z,2023-10-03T22:00:00.000Z,0
68261e8a135f2cb0d06b1220,Software Engineering - OOP,Perusall Compositions,,,20,done,682328e4b838d475ecd54f91,2023-10-03T19:06:19.000Z,2023-10-02T22:00:00.000Z,0
68261e8a135f2cb0d06b1221,Software Engineering - OOP,Perusall Compositions,,,30,done,682328e4b838d475ecd54f91,2023-10-03T18:23:06.000Z,2023-10-02T22:00:00.000Z,0
68261e8a135f2cb0d06b1222,Software Engineering - Math,Assignment2 group work,,,48,done,682328e4b838d475ecd54f91,2023-10-03T17:29:07.000Z,2023-10-02T22:00:00.000Z,0
68261e8a135f2cb0d06b1223,Software Engineering - OOP,Perusall Compositions,,,20,done,682328e4b838d475ecd54f91,2023-10-03T14:05:12.000Z,2023-10-02T22:00:00.000Z,0
68261e8a135f2cb0d06b1224,Software Engineering - Math,Assignment2 group work,,,60,done,682328e4b838d475ecd54f91,2023-10-03T13:44:26.000Z,2023-10-02T22:00:00.000Z,0
68261e8a135f2cb0d06b1225,Software Engineering - Math,Assignment2,,,45,done,682328e4b838d475ecd54f91,2023-10-03T08:18:59.000Z,2023-10-02T22:00:00.000Z,0
68261e8a135f2cb0d06b1226,Software Engineering - Math,Assignment2,,,25,done,682328e4b838d475ecd54f91,2023-10-02T18:51:34.000Z,2023-10-01T22:00:00.000Z,0
68261e8a135f2cb0d06b1227,Software Engineering - Math,Assignment2,,,40,done,682328e4b838d475ecd54f91,2023-10-02T18:16:22.000Z,2023-10-01T22:00:00.000Z,0
68261e8a135f2cb0d06b1228,Software Engineering - Math,Assignment2,,,45,done,682328e4b838d475ecd54f91,2023-10-02T17:00:19.000Z,2023-10-01T22:00:00.000Z,0
68261e8a135f2cb0d06b1229,Software Engineering - Math,Assignment2,,,35,done,682328e4b838d475ecd54f91,2023-10-02T14:23:28.000Z,2023-10-01T22:00:00.000Z,0
68261e8a135f2cb0d06b122a,Software Engineering - Math,Assignment2,,,35,done,682328e4b838d475ecd54f91,2023-10-02T13:42:35.000Z,2023-10-01T22:00:00.000Z,0
68261e8a135f2cb0d06b122b,Software Engineering - OOP,Assignment 2,,,20,done,682328e4b838d475ecd54f91,2023-10-01T08:55:33.000Z,2023-09-30T22:00:00.000Z,0
68261e8a135f2cb0d06b122c,Software Engineering - OOP,Assignment 2,,,20,done,682328e4b838d475ecd54f91,2023-09-30T21:15:57.000Z,2023-09-29T22:00:00.000Z,0
68261e8a135f2cb0d06b122d,Software Engineering - OOP,Assignment 2,,,30,done,682328e4b838d475ecd54f91,2023-09-30T20:45:14.000Z,2023-09-29T22:00:00.000Z,0
68261e8a135f2cb0d06b122e,Software Engineering - OOP,Assignment 2,,,30,done,682328e4b838d475ecd54f91,2023-09-30T20:04:07.000Z,2023-09-29T22:00:00.000Z,0
68261e8a135f2cb0d06b122f,Software Engineering - OOP,Assignment 2,,,20,done,682328e4b838d475ecd54f91,2023-09-30T19:10:36.000Z,2023-09-29T22:00:00.000Z,0
68261e8a135f2cb0d06b1230,Software Engineering - OOP,Assignment 2,,,50,done,682328e4b838d475ecd54f91,2023-09-30T18:22:46.000Z,2023-09-29T22:00:00.000Z,0
68261e8a135f2cb0d06b1231,Software Engineering - OOP,Assignment 2,,,50,done,682328e4b838d475ecd54f91,2023-09-30T15:56:58.000Z,2023-09-29T22:00:00.000Z,0
68261e8a135f2cb0d06b1232,Software Engineering - OOP,Assignment 2,,,25,done,682328e4b838d475ecd54f91,2023-09-30T15:19:38.000Z,2023-09-29T22:00:00.000Z,0
68261e8a135f2cb0d06b1233,Software Engineering - OOP,Assignment 2,,,60,done,682328e4b838d475ecd54f91,2023-09-30T14:37:13.000Z,2023-09-29T22:00:00.000Z,0
68261e8a135f2cb0d06b1234,Software Engineering - Math,Proofs,,,51,done,682328e4b838d475ecd54f91,2023-09-27T20:11:23.000Z,2023-09-26T22:00:00.000Z,0
68261e8a135f2cb0d06b1235,Software Engineering - OOP,Assignment2,,,60,done,682328e4b838d475ecd54f91,2023-09-27T18:34:01.000Z,2023-09-26T22:00:00.000Z,0
68261e8a135f2cb0d06b1236,Software Engineering - Math,Proofs,,,41,done,682328e4b838d475ecd54f91,2023-09-27T15:58:24.000Z,2023-09-26T22:00:00.000Z,0
68261e8a135f2cb0d06b1237,Reading,How to Think Like a Philosopher,,,20,done,682328e4b838d475ecd54f91,2023-09-27T14:53:30.000Z,2023-09-26T22:00:00.000Z,0
68261e8a135f2cb0d06b1238,Software Engineering - Math,Proofs,,,25,done,682328e4b838d475ecd54f91,2023-09-26T14:06:29.000Z,2023-09-25T22:00:00.000Z,0
68261e8a135f2cb0d06b1239,Software Engineering - Math,Proofs,,,25,done,682328e4b838d475ecd54f91,2023-09-26T13:30:39.000Z,2023-09-25T22:00:00.000Z,0
68261e8a135f2cb0d06b123a,Software Engineering - OOP,Assignment 2 task 3,,,30,done,682328e4b838d475ecd54f91,2023-09-26T11:36:34.000Z,2023-09-25T22:00:00.000Z,0
68261e8a135f2cb0d06b123b,Software Engineering - OOP,Assignment 2 task 3,,,55,done,682328e4b838d475ecd54f91,2023-09-26T10:41:19.000Z,2023-09-25T22:00:00.000Z,0
68261e8a135f2cb0d06b123c,Software Engineering - OOP,Assignment2,,,30,done,682328e4b838d475ecd54f91,2023-09-25T18:04:19.000Z,2023-09-24T22:00:00.000Z,0
68261e8a135f2cb0d06b123d,Software Engineering - OOP,Assignment2,,,20,done,682328e4b838d475ecd54f91,2023-09-25T16:47:31.000Z,2023-09-24T22:00:00.000Z,0
68261e8a135f2cb0d06b123e,Software Engineering - OOP,Assignment2,,,20,done,682328e4b838d475ecd54f91,2023-09-25T16:01:17.000Z,2023-09-24T22:00:00.000Z,0
68261e8a135f2cb0d06b123f,Software Engineering - OOP,Assignment2,,,45,done,682328e4b838d475ecd54f91,2023-09-25T15:46:32.000Z,2023-09-24T22:00:00.000Z,0
68261e8a135f2cb0d06b1240,Reading,How to Think Like a Philosopher,,,30,done,682328e4b838d475ecd54f91,2023-09-25T15:46:12.000Z,2023-09-24T22:00:00.000Z,0
68261e8a135f2cb0d06b1241,Software Engineering - OOP,"Perusall Collections - Lists, Sets and Maps",,,25,done,682328e4b838d475ecd54f91,2023-09-25T05:12:16.000Z,2023-09-24T22:00:00.000Z,0
68261e8a135f2cb0d06b1242,Software Engineering - OOP,"Perusall Collections - Lists, Sets and Maps",,,40,done,682328e4b838d475ecd54f91,2023-09-25T04:27:31.000Z,2023-09-24T22:00:00.000Z,0
68261e8a135f2cb0d06b1243,Software Engineering - OOP,Assignment 2,,,40,done,682328e4b838d475ecd54f91,2023-09-24T16:50:21.000Z,2023-09-23T22:00:00.000Z,0
68261e8a135f2cb0d06b1244,Software Engineering - OOP,Assignment 2,,,40,done,682328e4b838d475ecd54f91,2023-09-24T15:14:45.000Z,2023-09-23T22:00:00.000Z,0
68261e8a135f2cb0d06b1245,Software Engineering - OOP,Assignment 2,,,30,done,682328e4b838d475ecd54f91,2023-09-24T13:49:34.000Z,2023-09-23T22:00:00.000Z,0
68261e8a135f2cb0d06b1246,Software Engineering - Math,Complexity and Sorting ,,,15,done,682328e4b838d475ecd54f91,2023-09-24T12:55:21.000Z,2023-09-23T22:00:00.000Z,0
68261e8a135f2cb0d06b1247,Software Engineering - Math,Complexity and Sorting ,,,45,done,682328e4b838d475ecd54f91,2023-09-24T12:31:31.000Z,2023-09-23T22:00:00.000Z,0
68261e8a135f2cb0d06b1248,Software Engineering - OOP,Assignment 2,,,20,done,682328e4b838d475ecd54f91,2023-09-24T10:51:16.000Z,2023-09-23T22:00:00.000Z,0
68261e8a135f2cb0d06b1249,Software Engineering - OOP,Assignment 2,,,30,done,682328e4b838d475ecd54f91,2023-09-24T09:34:18.000Z,2023-09-23T22:00:00.000Z,0
68261e8a135f2cb0d06b124a,Software Engineering - OOP,Assignment 2,,,30,done,682328e4b838d475ecd54f91,2023-09-24T08:39:31.000Z,2023-09-23T22:00:00.000Z,0
68261e8a135f2cb0d06b124b,Software Engineering - OOP,Assignment 2,,,50,done,682328e4b838d475ecd54f91,2023-09-23T19:22:48.000Z,2023-09-22T22:00:00.000Z,0
68261e8a135f2cb0d06b124c,Software Engineering - Math,Complexity and Sorting ,,,40,done,682328e4b838d475ecd54f91,2023-09-23T15:06:29.000Z,2023-09-22T22:00:00.000Z,0
68261e8a135f2cb0d06b124d,Software Engineering - Math,Complexity and Sorting ,,,60,done,682328e4b838d475ecd54f91,2023-09-23T13:51:15.000Z,2023-09-22T22:00:00.000Z,0
68261e8a135f2cb0d06b124e,Software Engineering - Math,Complexity and Sorting ,,,50,done,682328e4b838d475ecd54f91,2023-09-23T12:04:49.000Z,2023-09-22T22:00:00.000Z,0
68261e8a135f2cb0d06b124f,Software Engineering - Math,Complexity and Sorting ,,,55,done,682328e4b838d475ecd54f91,2023-09-23T10:43:17.000Z,2023-09-22T22:00:00.000Z,0
68261e8a135f2cb0d06b1250,Software Engineering - Math,Complexity and Sorting ,,,20,done,682328e4b838d475ecd54f91,2023-09-23T06:10:20.000Z,2023-09-22T22:00:00.000Z,0
68261e8a135f2cb0d06b1251,Reading,How to Think Like a Philosopher,,,40,done,682328e4b838d475ecd54f91,2023-09-23T05:14:44.000Z,2023-09-22T22:00:00.000Z,0
68261e8a135f2cb0d06b1252,Software Engineering - Math,Assignment 1,,,20,done,682328e4b838d475ecd54f91,2023-09-21T09:20:10.000Z,2023-09-20T22:00:00.000Z,0
68261e8a135f2cb0d06b1253,Software Engineering - OOP,Assignment 2,,,25,done,682328e4b838d475ecd54f91,2023-09-21T07:07:03.000Z,2023-09-20T22:00:00.000Z,0
68261e8a135f2cb0d06b1254,Software Engineering - OOP,Assignment 2,,,20,done,682328e4b838d475ecd54f91,2023-09-21T06:40:37.000Z,2023-09-20T22:00:00.000Z,0
68261e8a135f2cb0d06b1255,Software Engineering - OOP,Assignment 2,,,20,done,682328e4b838d475ecd54f91,2023-09-20T18:58:26.000Z,2023-09-19T22:00:00.000Z,0
68261e8a135f2cb0d06b1256,Software Engineering - Math,Complexity and Sorting ,,,30,done,682328e4b838d475ecd54f91,2023-09-20T14:09:27.000Z,2023-09-19T22:00:00.000Z,0
68261e8a135f2cb0d06b1257,Software Engineering - Math,Complexity and Sorting ,,,41,done,682328e4b838d475ecd54f91,2023-09-20T12:01:24.000Z,2023-09-19T22:00:00.000Z,0
68261e8a135f2cb0d06b1258,Software Engineering - Math,Assignment 1,,,45,done,682328e4b838d475ecd54f91,2023-09-20T11:03:41.000Z,2023-09-19T22:00:00.000Z,0
68261e8a135f2cb0d06b1259,Software Engineering - Math,Assignment 1,,,24,done,682328e4b838d475ecd54f91,2023-09-20T09:04:14.000Z,2023-09-19T22:00:00.000Z,0
68261e8a135f2cb0d06b125a,Software Engineering - Math,Assignment 1,,,25,done,682328e4b838d475ecd54f91,2023-09-20T08:31:09.000Z,2023-09-19T22:00:00.000Z,0
68261e8a135f2cb0d06b125b,Software Engineering - Math,Assignment 1,,,20,done,682328e4b838d475ecd54f91,2023-09-20T07:59:40.000Z,2023-09-19T22:00:00.000Z,0
68261e8a135f2cb0d06b125c,Software Engineering - OOP,Exercise and Perusall,,,45,done,682328e4b838d475ecd54f91,2023-09-20T07:07:23.000Z,2023-09-19T22:00:00.000Z,0
68261e8a135f2cb0d06b125d,Software Engineering - OOP,Exercise and Perusall,,,30,done,682328e4b838d475ecd54f91,2023-09-20T05:53:21.000Z,2023-09-19T22:00:00.000Z,0
68261e8a135f2cb0d06b125e,Software Engineering - OOP,Exercise and Perusall,,,40,done,682328e4b838d475ecd54f91,2023-09-19T19:54:12.000Z,2023-09-18T22:00:00.000Z,0
68261e8a135f2cb0d06b125f,Software Engineering - Math,Assignment1,,,20,done,682328e4b838d475ecd54f91,2023-09-19T18:10:30.000Z,2023-09-18T22:00:00.000Z,0
68261e8a135f2cb0d06b1260,Software Engineering - Math,Assignment1,,,55,done,682328e4b838d475ecd54f91,2023-09-19T17:08:55.000Z,2023-09-18T22:00:00.000Z,0
68261e8a135f2cb0d06b1261,Software Engineering - Math,Assignment1,,,40,done,682328e4b838d475ecd54f91,2023-09-19T16:12:08.000Z,2023-09-18T22:00:00.000Z,0
68261e8a135f2cb0d06b1262,Software Engineering - OOP,Exercise and Perusall,,,25,done,682328e4b838d475ecd54f91,2023-09-19T13:47:52.000Z,2023-09-18T22:00:00.000Z,0
68261e8a135f2cb0d06b1263,Software Engineering - Math,Assignment1,,,60,done,682328e4b838d475ecd54f91,2023-09-19T13:39:12.000Z,2023-09-18T22:00:00.000Z,0
68261e8a135f2cb0d06b1264,Software Engineering - OOP,Exercise and Perusall,,,25,done,682328e4b838d475ecd54f91,2023-09-18T13:07:28.000Z,2023-09-17T22:00:00.000Z,0
68261e8a135f2cb0d06b1265,Software Engineering - Math,Graph Theorem,,,12,done,682328e4b838d475ecd54f91,2023-09-17T16:40:57.000Z,2023-09-16T22:00:00.000Z,0
68261e8a135f2cb0d06b1266,Software Engineering - Math,Graph Theorem,,,40,done,682328e4b838d475ecd54f91,2023-09-17T16:28:29.000Z,2023-09-16T22:00:00.000Z,0
68261e8a135f2cb0d06b1267,Software Engineering - Math,Graph Theorem,,,40,done,682328e4b838d475ecd54f91,2023-09-17T14:36:31.000Z,2023-09-16T22:00:00.000Z,0
68261e8a135f2cb0d06b1268,Software Engineering - Math,Graph Theorem,,,45,done,682328e4b838d475ecd54f91,2023-09-17T06:45:19.000Z,2023-09-16T22:00:00.000Z,0
68261e8a135f2cb0d06b1269,Software Engineering - Math,Graph Theory Revision ,,,37,done,682328e4b838d475ecd54f91,2023-09-16T16:20:12.000Z,2023-09-15T22:00:00.000Z,0
68261e8a135f2cb0d06b126a,Software Engineering - Math,Graph Theory Revision ,,,40,done,682328e4b838d475ecd54f91,2023-09-16T15:06:25.000Z,2023-09-15T22:00:00.000Z,0
68261e8a135f2cb0d06b126b,Software Engineering - Math,Graph Theory Revision ,,,45,done,682328e4b838d475ecd54f91,2023-09-16T07:12:38.000Z,2023-09-15T22:00:00.000Z,0
68261e8a135f2cb0d06b126c,Software Engineering - OOP,Task 8 Refactoring,,,25,done,682328e4b838d475ecd54f91,2023-09-15T15:44:11.000Z,2023-09-14T22:00:00.000Z,0
68261e8a135f2cb0d06b126d,Software Engineering - OOP,Task 8 Refactoring,,,7,done,682328e4b838d475ecd54f91,2023-09-14T17:24:08.000Z,2023-09-13T22:00:00.000Z,0
68261e8a135f2cb0d06b126e,Software Engineering - OOP,Task 8 Refactoring,,,35,done,682328e4b838d475ecd54f91,2023-09-14T16:33:10.000Z,2023-09-13T22:00:00.000Z,0
68261e8a135f2cb0d06b126f,Software Engineering - OOP,Task 8 Refactoring,,,30,done,682328e4b838d475ecd54f91,2023-09-14T15:33:52.000Z,2023-09-13T22:00:00.000Z,0
68261e8a135f2cb0d06b1270,Reading,How to Think Like a Philosopher,,,25,done,682328e4b838d475ecd54f91,2023-09-14T14:56:05.000Z,2023-09-13T22:00:00.000Z,0
68261e8a135f2cb0d06b1271,Software Engineering - OOP,Assignment 1,,,31,done,682328e4b838d475ecd54f91,2023-09-13T18:02:01.000Z,2023-09-12T22:00:00.000Z,0
68261e8a135f2cb0d06b1272,Software Engineering - OOP,Assignment 1,,,23,done,682328e4b838d475ecd54f91,2023-09-13T17:18:38.000Z,2023-09-12T22:00:00.000Z,0
68261e8a135f2cb0d06b1273,Software Engineering - OOP,Assignment 1,,,19,done,682328e4b838d475ecd54f91,2023-09-13T14:06:58.000Z,2023-09-12T22:00:00.000Z,0
68261e8a135f2cb0d06b1274,Software Engineering - OOP,Assignment 1,,,120,done,682328e4b838d475ecd54f91,2023-09-13T13:47:49.000Z,2023-09-12T22:00:00.000Z,0
68261e8a135f2cb0d06b1275,Software Engineering - Math,Notes revision,,,12,done,682328e4b838d475ecd54f91,2023-09-12T15:42:04.000Z,2023-09-11T22:00:00.000Z,0
68261e8a135f2cb0d06b1276,Software Engineering - Math,Notes revision,,,25,done,682328e4b838d475ecd54f91,2023-09-12T15:18:08.000Z,2023-09-11T22:00:00.000Z,0
68261e8a135f2cb0d06b1277,Software Engineering - Math,Notes revision,,,25,done,682328e4b838d475ecd54f91,2023-09-12T14:29:55.000Z,2023-09-11T22:00:00.000Z,0
68261e8a135f2cb0d06b1278,Software Engineering - OOP,Assignment 1,,,50,done,682328e4b838d475ecd54f91,2023-09-12T10:02:47.000Z,2023-09-11T22:00:00.000Z,0
68261e8a135f2cb0d06b1279,Software Engineering - OOP,Assignment 1,,,50,done,682328e4b838d475ecd54f91,2023-09-12T09:31:38.000Z,2023-09-11T22:00:00.000Z,0
68261e8a135f2cb0d06b127a,Software Engineering - OOP,Assignment 1//The time I am recording spans the entire day and not really one session,,,90,done,682328e4b838d475ecd54f91,2023-09-11T14:48:59.000Z,2023-09-10T22:00:00.000Z,0
68261e8a135f2cb0d06b127b,Software Engineering - Math,Quiz 2,,,60,done,682328e4b838d475ecd54f91,2023-09-11T05:56:38.000Z,2023-09-10T22:00:00.000Z,0
68261e8a135f2cb0d06b127c,Software Engineering - OOP,Assignment 1,,,45,done,682328e4b838d475ecd54f91,2023-09-11T05:56:19.000Z,2023-09-10T22:00:00.000Z,0
68261e8a135f2cb0d06b127d,Reading,How to Think Like a Philosopher,,,15,done,682328e4b838d475ecd54f91,2023-09-11T05:55:46.000Z,2023-09-10T22:00:00.000Z,0
68261e8a135f2cb0d06b127e,Reading,The History Thieves ,,,55,done,682328e4b838d475ecd54f91,2023-09-11T05:55:11.000Z,2023-09-10T22:00:00.000Z,0
68261e8a135f2cb0d06b127f,Software Engineering - OOP,Assignment1 ,,,35,done,682328e4b838d475ecd54f91,2023-09-09T20:30:10.000Z,2023-09-08T22:00:00.000Z,0
68261e8a135f2cb0d06b1280,Software Engineering - OOP,Assignment1 ,,,20,done,682328e4b838d475ecd54f91,2023-09-09T20:09:59.000Z,2023-09-08T22:00:00.000Z,0
68261e8a135f2cb0d06b1281,Software Engineering - OOP,Assignment1 ,,,30,done,682328e4b838d475ecd54f91,2023-09-09T18:28:37.000Z,2023-09-08T22:00:00.000Z,0
68261e8a135f2cb0d06b1282,Software Engineering - OOP,Assignment1 ,,,40,done,682328e4b838d475ecd54f91,2023-09-09T17:36:48.000Z,2023-09-08T22:00:00.000Z,0
68261e8a135f2cb0d06b1283,Software Engineering - OOP,Assignment1 ,,,40,done,682328e4b838d475ecd54f91,2023-09-09T17:06:39.000Z,2023-09-08T22:00:00.000Z,0
68261e8a135f2cb0d06b1284,Software Engineering - OOP,Assignment1 ,,,30,done,682328e4b838d475ecd54f91,2023-09-09T16:06:56.000Z,2023-09-08T22:00:00.000Z,0
68261e8a135f2cb0d06b1285,Software Engineering - OOP,Assignment1 ,,,50,done,682328e4b838d475ecd54f91,2023-09-09T15:19:04.000Z,2023-09-08T22:00:00.000Z,0
68261e8a135f2cb0d06b1286,Software Engineering - OOP,Assignment1 ,,,20,done,682328e4b838d475ecd54f91,2023-09-09T14:29:57.000Z,2023-09-08T22:00:00.000Z,0
68261e8a135f2cb0d06b1287,Reading,The History Thieves ,,,20,done,682328e4b838d475ecd54f91,2023-09-08T07:33:57.000Z,2023-09-07T22:00:00.000Z,0
68261e8a135f2cb0d06b1288,Reading,The History Thieves ,,,20,done,682328e4b838d475ecd54f91,2023-09-08T07:33:48.000Z,2023-09-07T22:00:00.000Z,0
68261e8a135f2cb0d06b1289,Software Engineering - Math,Language and Automata ,,,35,done,682328e4b838d475ecd54f91,2023-09-07T18:04:29.000Z,2023-09-06T22:00:00.000Z,0
68261e8a135f2cb0d06b128a,Software Engineering - Math,Language and Automata ,,,50,done,682328e4b838d475ecd54f91,2023-09-07T17:05:22.000Z,2023-09-06T22:00:00.000Z,0
68261e8a135f2cb0d06b128b,Software Engineering - Math,Language and Automata ,,,40,done,682328e4b838d475ecd54f91,2023-09-07T13:44:35.000Z,2023-09-06T22:00:00.000Z,0
68261e8a135f2cb0d06b128c,Software Engineering - OOP,Assignment 1 ,,,60,done,682328e4b838d475ecd54f91,2023-09-06T19:36:59.000Z,2023-09-05T22:00:00.000Z,0
68261e8a135f2cb0d06b128d,Software Engineering - OOP,Assignment 1 ,,,45,done,682328e4b838d475ecd54f91,2023-09-06T17:32:30.000Z,2023-09-05T22:00:00.000Z,0
68261e8a135f2cb0d06b128e,Software Engineering - OOP,Assignment 1 ,,,30,done,682328e4b838d475ecd54f91,2023-09-06T16:16:33.000Z,2023-09-05T22:00:00.000Z,0
68261e8a135f2cb0d06b128f,Software Engineering - OOP,Assignment 1 ,,,40,done,682328e4b838d475ecd54f91,2023-09-06T15:46:25.000Z,2023-09-05T22:00:00.000Z,0
68261e8a135f2cb0d06b1290,Software Engineering - OOP,Loops,,,40,done,682328e4b838d475ecd54f91,2023-09-06T10:54:10.000Z,2023-09-05T22:00:00.000Z,0
68261e8a135f2cb0d06b1291,Software Engineering - OOP,Perusal Lecture 5,,,25,done,682328e4b838d475ecd54f91,2023-09-06T09:54:39.000Z,2023-09-05T22:00:00.000Z,0
68261e8a135f2cb0d06b1292,Software Engineering - OOP,Perusal Lecture 5,,,30,done,682328e4b838d475ecd54f91,2023-09-06T09:18:14.000Z,2023-09-05T22:00:00.000Z,0
68261e8a135f2cb0d06b1293,Software Engineering - OOP,Perusal Lecture 5,,,35,done,682328e4b838d475ecd54f91,2023-09-05T14:16:00.000Z,2023-09-04T22:00:00.000Z,0
68261e8a135f2cb0d06b1294,Software Engineering - Math,Language and Automata ,,,30,done,682328e4b838d475ecd54f91,2023-09-05T09:17:59.000Z,2023-09-04T22:00:00.000Z,0
68261e8a135f2cb0d06b1295,Software Engineering - Math,Language and Automata ,,,20,done,682328e4b838d475ecd54f91,2023-09-05T08:00:28.000Z,2023-09-04T22:00:00.000Z,0
68261e8a135f2cb0d06b1296,Software Engineering - Math,Language and Automata ,,,30,done,682328e4b838d475ecd54f91,2023-09-05T07:40:17.000Z,2023-09-04T22:00:00.000Z,0
68261e8a135f2cb0d06b1297,Software Engineering - Math,Language and Automata ,,,41,done,682328e4b838d475ecd54f91,2023-09-05T06:44:49.000Z,2023-09-04T22:00:00.000Z,0
68261e8a135f2cb0d06b121a,Software Engineering - OOP,Perusall ,,,30,done,682328e4b838d475ecd54f91,2023-10-06T18:16:36.000Z,2023-10-05T22:00:00.000Z,0
68261e8a135f2cb0d06b121b,Software Engineering - OOP,Perusall ,,,30,done,682328e4b838d475ecd54f91,2023-10-06T14:09:12.000Z,2023-10-05T22:00:00.000Z,0
68261e8a135f2cb0d06b129a,Software Engineering - Math,Language and Automata ,,,40,done,682328e4b838d475ecd54f91,2023-09-04T17:19:19.000Z,2023-09-03T22:00:00.000Z,0
68261e8a135f2cb0d06b129b,Software Engineering - Math,Language and Automata ,,,20,done,682328e4b838d475ecd54f91,2023-09-04T14:26:05.000Z,2023-09-03T22:00:00.000Z,0
68261e8a135f2cb0d06b129c,Software Engineering - Math,Language and Automata ,,,20,done,682328e4b838d475ecd54f91,2023-09-04T13:48:24.000Z,2023-09-03T22:00:00.000Z,0
68261e8a135f2cb0d06b129d,Software Engineering - Math,predicate logic ,,,20,done,682328e4b838d475ecd54f91,2023-09-03T13:03:47.000Z,2023-09-02T22:00:00.000Z,0
68261e8a135f2cb0d06b129e,Software Engineering - Math,predicate logic ,,,25,done,682328e4b838d475ecd54f91,2023-09-03T12:26:04.000Z,2023-09-02T22:00:00.000Z,0
68261e8a135f2cb0d06b129f,Software Engineering - Math,predicate logic ,,,25,done,682328e4b838d475ecd54f91,2023-09-03T11:43:12.000Z,2023-09-02T22:00:00.000Z,0
68261e8a135f2cb0d06b12a0,Software Engineering - Math,predicate logic ,,,35,done,682328e4b838d475ecd54f91,2023-09-03T10:58:59.000Z,2023-09-02T22:00:00.000Z,0
68261e8a135f2cb0d06b12a1,Software Engineering - Math,predicate logic ,,,25,done,682328e4b838d475ecd54f91,2023-09-03T09:42:29.000Z,2023-09-02T22:00:00.000Z,0
68261e8a135f2cb0d06b12a2,Software Engineering - Math,predicate logic ,,,25,done,682328e4b838d475ecd54f91,2023-09-03T08:43:33.000Z,2023-09-02T22:00:00.000Z,0
68261e8a135f2cb0d06b12a3,Software Engineering - Math,predicate logic ,,,25,done,682328e4b838d475ecd54f91,2023-09-03T08:19:07.000Z,2023-09-02T22:00:00.000Z,0
68261e8a135f2cb0d06b12a4,Software Engineering - Math,Predicated Logic,,,20,done,682328e4b838d475ecd54f91,2023-09-02T15:31:22.000Z,2023-09-01T22:00:00.000Z,0
68261e8a135f2cb0d06b12a5,Software Engineering - Math,Predicated Logic,,,20,done,682328e4b838d475ecd54f91,2023-09-02T15:10:32.000Z,2023-09-01T22:00:00.000Z,0
68261e8a135f2cb0d06b12a6,Software Engineering - Math,Predicated Logic,,,35,done,682328e4b838d475ecd54f91,2023-09-02T14:38:24.000Z,2023-09-01T22:00:00.000Z,0
68261e8a135f2cb0d06b12a7,Software Engineering - Math,predicate logic,,,25,done,682328e4b838d475ecd54f91,2023-09-02T09:04:41.000Z,2023-09-01T22:00:00.000Z,0
68261e8a135f2cb0d06b12a8,Software Engineering - Math,predicate logic,,,42,done,682328e4b838d475ecd54f91,2023-09-02T08:25:14.000Z,2023-09-01T22:00:00.000Z,0
68261e8a135f2cb0d06b12a9,Software Engineering - Math,predicate logic,,,38,done,682328e4b838d475ecd54f91,2023-09-02T07:12:00.000Z,2023-09-01T22:00:00.000Z,0
68261e8a135f2cb0d06b12aa,Software Engineering - Math,predicate logic,,,16,done,682328e4b838d475ecd54f91,2023-09-01T14:04:33.000Z,2023-08-31T22:00:00.000Z,0
68261e8a135f2cb0d06b12ab,Software Engineering - Math,predicate logic,,,20,done,682328e4b838d475ecd54f91,2023-09-01T13:47:33.000Z,2023-08-31T22:00:00.000Z,0
68261e8a135f2cb0d06b12ac,Software Engineering - Math,predicate logic,,,20,done,682328e4b838d475ecd54f91,2023-09-01T13:27:07.000Z,2023-08-31T22:00:00.000Z,0
68261e8a135f2cb0d06b12ad,Software Engineering - OOP,Lecture 3 Perusall,,,13,done,682328e4b838d475ecd54f91,2023-08-31T14:53:51.000Z,2023-08-30T22:00:00.000Z,0
68261e8a135f2cb0d06b12ae,Software Engineering - Math,Canvas videos,,,20,done,682328e4b838d475ecd54f91,2023-08-31T14:26:59.000Z,2023-08-30T22:00:00.000Z,0
68261e8a135f2cb0d06b12af,Software Engineering - OOP,Lecture 3 Perusall,,,20,done,682328e4b838d475ecd54f91,2023-08-30T17:39:14.000Z,2023-08-29T22:00:00.000Z,0
68261e8a135f2cb0d06b12b0,Software Engineering - OOP,Lecture 3 Perusall,,,30,done,682328e4b838d475ecd54f91,2023-08-30T17:13:05.000Z,2023-08-29T22:00:00.000Z,0
68261e8a135f2cb0d06b12b1,Software Engineering - OOP,Lecture 3 Perusall,,,30,done,682328e4b838d475ecd54f91,2023-08-30T15:58:37.000Z,2023-08-29T22:00:00.000Z,0
68261e8a135f2cb0d06b12b2,Software Engineering - Math,Predicate logic ,,,17,done,682328e4b838d475ecd54f91,2023-08-30T03:14:50.000Z,2023-08-29T22:00:00.000Z,0
68261e8a135f2cb0d06b12b3,Software Engineering - Math,Predicate logic ,,,23,done,682328e4b838d475ecd54f91,2023-08-30T02:45:04.000Z,2023-08-29T22:00:00.000Z,0
68261e8a135f2cb0d06b12b4,Software Engineering - Math,Trying to make sense of the topic ,,,20,done,682328e4b838d475ecd54f91,2023-08-29T17:49:31.000Z,2023-08-28T22:00:00.000Z,0
68261e8a135f2cb0d06b12b5,Software Engineering - Math,Trying to make sense of the topic ,,,35,done,682328e4b838d475ecd54f91,2023-08-29T17:12:40.000Z,2023-08-28T22:00:00.000Z,0
68261e8a135f2cb0d06b12b6,Software Engineering - Math,Trying to make sense of the topic ,,,40,done,682328e4b838d475ecd54f91,2023-08-29T16:19:57.000Z,2023-08-28T22:00:00.000Z,0
68261e8a135f2cb0d06b12b7,Software Engineering - Math,Logic,,,15,done,682328e4b838d475ecd54f91,2023-08-29T14:13:12.000Z,2023-08-28T22:00:00.000Z,0
68261e8a135f2cb0d06b12b8,Software Engineering - Math,Logic,,,20,done,682328e4b838d475ecd54f91,2023-08-29T13:54:36.000Z,2023-08-28T22:00:00.000Z,0
68261e8a135f2cb0d06b12b9,Software Engineering - OOP,group study,,,30,done,682328e4b838d475ecd54f91,2023-08-29T13:34:02.000Z,2023-08-28T22:00:00.000Z,0
68261e8a135f2cb0d06b12ba,Software Engineering - OOP,Reading lecture2 ,,,20,done,682328e4b838d475ecd54f91,2023-08-29T03:36:07.000Z,2023-08-28T22:00:00.000Z,0
68261e8a135f2cb0d06b12bb,Software Engineering - OOP,Reading lecture2 ,,,30,done,682328e4b838d475ecd54f91,2023-08-29T03:03:31.000Z,2023-08-28T22:00:00.000Z,0
68261e8a135f2cb0d06b12bc,Software Engineering - Math,Lecture notes ,,,45,done,682328e4b838d475ecd54f91,2023-08-28T17:43:24.000Z,2023-08-27T22:00:00.000Z,0
68261e8a135f2cb0d06b12bd,Software Engineering - OOP,OOP Basics ,,,20,done,682328e4b838d475ecd54f91,2023-08-28T08:43:48.000Z,2023-08-27T22:00:00.000Z,0
68261e8a135f2cb0d06b12be,Software Engineering - OOP,OOP Basics ,,,60,done,682328e4b838d475ecd54f91,2023-08-28T08:16:04.000Z,2023-08-27T22:00:00.000Z,0
68261e8a135f2cb0d06b12bf,Reading,The History Thieves,,,20,done,682328e4b838d475ecd54f91,2023-08-10T23:58:27.000Z,2023-08-10T22:00:00.000Z,0
68261e8a135f2cb0d06b12c0,Reading,The History Thieves,,,20,done,682328e4b838d475ecd54f91,2023-08-10T23:23:40.000Z,2023-08-10T22:00:00.000Z,0
68261e8a135f2cb0d06b12c1,Reading,The History Thieves,,,25,done,682328e4b838d475ecd54f91,2023-08-10T22:44:18.000Z,2023-08-10T22:00:00.000Z,0
68261e8a135f2cb0d06b12c2,Reading,The History Thieves,,,20,done,682328e4b838d475ecd54f91,2023-08-10T22:11:05.000Z,2023-08-10T22:00:00.000Z,0
68261e8a135f2cb0d06b12c3,C++,Tutorial,,,60,done,682328e4b838d475ecd54f91,2023-08-01T16:30:43.000Z,2023-07-31T22:00:00.000Z,0
68261e8a135f2cb0d06b12c4,C++,Tutorial,,,130,done,682328e4b838d475ecd54f91,2023-08-01T10:21:52.000Z,2023-07-31T22:00:00.000Z,0
68261e8a135f2cb0d06b12c5,Reading,The History Thieves,,,30,done,682328e4b838d475ecd54f91,2023-07-24T06:51:20.000Z,2023-07-23T22:00:00.000Z,0
68261e8a135f2cb0d06b12c6,Reading,The History Thieves,,,80,done,682328e4b838d475ecd54f91,2023-07-23T09:42:18.000Z,2023-07-22T22:00:00.000Z,0
68261e8a135f2cb0d06b12c7,Reading,The History Thieves,,,40,done,682328e4b838d475ecd54f91,2023-07-23T09:11:49.000Z,2023-07-22T22:00:00.000Z,0
68261e8a135f2cb0d06b12c8,Reading,The History Thieves,,,25,done,682328e4b838d475ecd54f91,2023-07-23T08:26:09.000Z,2023-07-22T22:00:00.000Z,0
68261e8a135f2cb0d06b12c9,Web Development,VR Park,,,25,done,682328e4b838d475ecd54f91,2023-06-30T09:10:47.000Z,2023-06-29T22:00:00.000Z,0
68261e8a135f2cb0d06b12ca,Web Development,VR Park,,,50,done,682328e4b838d475ecd54f91,2023-06-30T07:34:06.000Z,2023-06-29T22:00:00.000Z,0
68261e8a135f2cb0d06b12cb,Web Development,VR Park,,,40,done,682328e4b838d475ecd54f91,2023-06-30T06:58:02.000Z,2023-06-29T22:00:00.000Z,0
68261e8a135f2cb0d06b12cc,Web Development,VR Park,,,14,done,682328e4b838d475ecd54f91,2023-06-26T17:58:41.000Z,2023-06-25T22:00:00.000Z,0
68261e8a135f2cb0d06b12cd,Reading,The History Thieves,,,20,done,682328e4b838d475ecd54f91,2023-06-26T17:21:54.000Z,2023-06-25T22:00:00.000Z,0
68261e8a135f2cb0d06b12ce,Reading,The History Thieves,,,20,done,682328e4b838d475ecd54f91,2023-06-26T16:47:56.000Z,2023-06-25T22:00:00.000Z,0
68261e8a135f2cb0d06b12cf,Web Development,VR Park,,,80,done,682328e4b838d475ecd54f91,2023-06-23T19:32:14.000Z,2023-06-22T22:00:00.000Z,0
68261e8a135f2cb0d06b12d0,Web Development,VR Park,,,80,done,682328e4b838d475ecd54f91,2023-06-23T19:12:03.000Z,2023-06-22T22:00:00.000Z,0
68261e8a135f2cb0d06b12d1,Web Development,VR Park,,,100,done,682328e4b838d475ecd54f91,2023-06-21T19:57:06.000Z,2023-06-20T22:00:00.000Z,0
68261e8a135f2cb0d06b12d2,Web Development,VR Park,,,40,done,682328e4b838d475ecd54f91,2023-06-19T14:52:41.000Z,2023-06-18T22:00:00.000Z,0
68261e8a135f2cb0d06b12d3,Web Development,VR Park,,,45,done,682328e4b838d475ecd54f91,2023-06-19T13:43:27.000Z,2023-06-18T22:00:00.000Z,0
68261e8a135f2cb0d06b12d4,Web Development,VR Park,,,50,done,682328e4b838d475ecd54f91,2023-06-19T12:11:59.000Z,2023-06-18T22:00:00.000Z,0
68261e8a135f2cb0d06b12d5,Web Development,VR Park,,,22,done,682328e4b838d475ecd54f91,2023-06-18T17:04:07.000Z,2023-06-17T22:00:00.000Z,0
68261e8a135f2cb0d06b12d6,Web Development,VR Park,,,50,done,682328e4b838d475ecd54f91,2023-06-18T16:05:44.000Z,2023-06-17T22:00:00.000Z,0
68261e8a135f2cb0d06b12d7,Reading,The History Thieves,,,27,done,682328e4b838d475ecd54f91,2023-06-17T17:11:54.000Z,2023-06-16T22:00:00.000Z,0
68261e8a135f2cb0d06b12d8,Reading,The History Thieves,,,25,done,682328e4b838d475ecd54f91,2023-06-17T16:26:23.000Z,2023-06-16T22:00:00.000Z,0
68261e8a135f2cb0d06b12d9,Reading,The History Thieves,,,28,done,682328e4b838d475ecd54f91,2023-06-17T12:15:35.000Z,2023-06-16T22:00:00.000Z,0
68261e8a135f2cb0d06b12da,Reading,The History Thieves,,,32,done,682328e4b838d475ecd54f91,2023-06-17T11:15:00.000Z,2023-06-16T22:00:00.000Z,0
68261e8a135f2cb0d06b12db,Reading,The History Thieves,,,25,done,682328e4b838d475ecd54f91,2023-06-17T10:44:30.000Z,2023-06-16T22:00:00.000Z,0
68261e8a135f2cb0d06b12dc,Svenska,Sva 3,,,20,done,682328e4b838d475ecd54f91,2023-06-11T12:06:06.000Z,2023-06-10T22:00:00.000Z,0
68261e8a135f2cb0d06b12dd,Svenska,Sva 3,,,37,done,682328e4b838d475ecd54f91,2023-06-11T11:31:31.000Z,2023-06-10T22:00:00.000Z,0
68261e8a135f2cb0d06b12de,Svenska,SVA 3,,,36,done,682328e4b838d475ecd54f91,2023-06-10T20:08:08.000Z,2023-06-09T22:00:00.000Z,0
68261e8a135f2cb0d06b12df,Reading,History Thieves,,,37,done,682328e4b838d475ecd54f91,2023-06-04T10:38:13.000Z,2023-06-03T22:00:00.000Z,0
68261e8a135f2cb0d06b12e0,Reading,History Thieves,,,31,done,682328e4b838d475ecd54f91,2023-06-04T09:57:18.000Z,2023-06-03T22:00:00.000Z,0
68261e8a135f2cb0d06b12e1,Web Development,VR Park ,,,9,done,682328e4b838d475ecd54f91,2023-05-31T17:03:43.000Z,2023-05-30T22:00:00.000Z,0
68261e8a135f2cb0d06b12e2,New Product Development,Exam Prep,,,20,done,682328e4b838d475ecd54f91,2023-05-30T18:01:51.000Z,2023-05-29T22:00:00.000Z,0
68261e8a135f2cb0d06b12e3,New Product Development,Exam Prep,,,11,done,682328e4b838d475ecd54f91,2023-05-30T16:52:19.000Z,2023-05-29T22:00:00.000Z,0
68261e8a135f2cb0d06b12e4,New Product Development,Exam Prep,,,31,done,682328e4b838d475ecd54f91,2023-05-30T16:30:24.000Z,2023-05-29T22:00:00.000Z,0
68261e8a135f2cb0d06b12e5,New Product Development,Exam Prep,,,30,done,682328e4b838d475ecd54f91,2023-05-30T15:40:03.000Z,2023-05-29T22:00:00.000Z,0
68261e8a135f2cb0d06b12e6,New Product Development,Exam Prep,,,31,done,682328e4b838d475ecd54f91,2023-05-30T14:58:14.000Z,2023-05-29T22:00:00.000Z,0
68261e8a135f2cb0d06b12e7,New Product Development,Exam Prep,,,35,done,682328e4b838d475ecd54f91,2023-05-30T10:35:30.000Z,2023-05-29T22:00:00.000Z,0
68261e8a135f2cb0d06b12e8,New Product Development,Exam Prep,,,10,done,682328e4b838d475ecd54f91,2023-05-30T08:26:07.000Z,2023-05-29T22:00:00.000Z,0
68261e8a135f2cb0d06b12e9,New Product Development,Exam Prep,,,23,done,682328e4b838d475ecd54f91,2023-05-30T08:08:05.000Z,2023-05-29T22:00:00.000Z,0
68261e8a135f2cb0d06b12ea,New Product Development,Exam Prep,,,32,done,682328e4b838d475ecd54f91,2023-05-30T07:33:09.000Z,2023-05-29T22:00:00.000Z,0
68261e8a135f2cb0d06b12eb,New Product Development,Exam Prep,,,20,done,682328e4b838d475ecd54f91,2023-05-30T07:01:01.000Z,2023-05-29T22:00:00.000Z,0
68261e8a135f2cb0d06b12ec,New Product Development,Exam Prep,,,21,done,682328e4b838d475ecd54f91,2023-05-30T06:28:54.000Z,2023-05-29T22:00:00.000Z,0
68261e8a135f2cb0d06b12ed,New Product Development,Exam Prep,,,25,done,682328e4b838d475ecd54f91,2023-05-29T18:40:05.000Z,2023-05-28T22:00:00.000Z,0
68261e8a135f2cb0d06b12ee,New Product Development,Exam Prep,,,20,done,682328e4b838d475ecd54f91,2023-05-29T17:49:28.000Z,2023-05-28T22:00:00.000Z,0
68261e8a135f2cb0d06b12ef,New Product Development,Exam Prep,,,11,done,682328e4b838d475ecd54f91,2023-05-29T10:13:33.000Z,2023-05-28T22:00:00.000Z,0
68261e8a135f2cb0d06b12f0,New Product Development,Exam Prep,,,20,done,682328e4b838d475ecd54f91,2023-05-29T09:51:55.000Z,2023-05-28T22:00:00.000Z,0
68261e8a135f2cb0d06b12f1,New Product Development,Exam Prep,,,22,done,682328e4b838d475ecd54f91,2023-05-29T09:23:11.000Z,2023-05-28T22:00:00.000Z,0
68261e8a135f2cb0d06b12f2,History,Assignment 2,,,75,done,682328e4b838d475ecd54f91,2023-05-28T18:59:30.000Z,2023-05-27T22:00:00.000Z,0
68261e8a135f2cb0d06b12f3,History,Assignment 2,,,40,done,682328e4b838d475ecd54f91,2023-05-28T17:10:25.000Z,2023-05-27T22:00:00.000Z,0
68261e8a135f2cb0d06b12f4,History,Assignment 2,,,37,done,682328e4b838d475ecd54f91,2023-05-28T15:16:16.000Z,2023-05-27T22:00:00.000Z,0
68261e8a135f2cb0d06b12f5,History,Assignment 2,,,36,done,682328e4b838d475ecd54f91,2023-05-28T13:53:30.000Z,2023-05-27T22:00:00.000Z,0
68261e8a135f2cb0d06b12f6,History,Assignment 2,,,30,done,682328e4b838d475ecd54f91,2023-05-28T11:44:29.000Z,2023-05-27T22:00:00.000Z,0
68261e8a135f2cb0d06b12f7,History,Assignment 2,,,35,done,682328e4b838d475ecd54f91,2023-05-28T10:58:53.000Z,2023-05-27T22:00:00.000Z,0
68261e8a135f2cb0d06b12f8,History,Assignment 2,,,30,done,682328e4b838d475ecd54f91,2023-05-28T10:15:44.000Z,2023-05-27T22:00:00.000Z,0
68261e8a135f2cb0d06b12f9,Web Development,VR  Park,,,90,done,682328e4b838d475ecd54f91,2023-05-27T18:31:46.000Z,2023-05-26T22:00:00.000Z,0
68261e8a135f2cb0d06b12fa,Web Development,VR  Park,,,60,done,682328e4b838d475ecd54f91,2023-05-26T10:22:01.000Z,2023-05-25T22:00:00.000Z,0
68261e8a135f2cb0d06b12fb,Web Development,VR  Park,,,100,done,682328e4b838d475ecd54f91,2023-05-26T08:25:08.000Z,2023-05-25T22:00:00.000Z,0
68261e8a135f2cb0d06b12fc,Web Development,VR Park ,,,120,done,682328e4b838d475ecd54f91,2023-05-24T11:56:48.000Z,2023-05-23T22:00:00.000Z,0
68261e8a135f2cb0d06b12fd,Web Development,VR Park ,,,90,done,682328e4b838d475ecd54f91,2023-05-24T10:18:04.000Z,2023-05-23T22:00:00.000Z,0
68261e8a135f2cb0d06b12fe,Web Development,VR Park ,,,90,done,682328e4b838d475ecd54f91,2023-05-24T08:55:54.000Z,2023-05-23T22:00:00.000Z,0
68261e8a135f2cb0d06b12ff,Reading,The History Thieves,,,25,done,682328e4b838d475ecd54f91,2023-05-23T13:32:57.000Z,2023-05-22T22:00:00.000Z,0
68261e8a135f2cb0d06b1300,Reading,The History Thieves,,,20,done,682328e4b838d475ecd54f91,2023-05-23T12:46:03.000Z,2023-05-22T22:00:00.000Z,0
68261e8a135f2cb0d06b1301,Svenska,utredande text,,,20,done,682328e4b838d475ecd54f91,2023-05-23T07:30:33.000Z,2023-05-22T22:00:00.000Z,0
68261e8a135f2cb0d06b1302,Svenska,utredande text,,,25,done,682328e4b838d475ecd54f91,2023-05-23T06:52:14.000Z,2023-05-22T22:00:00.000Z,0
68261e8a135f2cb0d06b1303,Svenska,utredande text,,,20,done,682328e4b838d475ecd54f91,2023-05-23T06:21:56.000Z,2023-05-22T22:00:00.000Z,0
68261e8a135f2cb0d06b1304,New Product Development,Project management revision ,,,23,done,682328e4b838d475ecd54f91,2023-05-22T07:23:55.000Z,2023-05-21T22:00:00.000Z,0
68261e8a135f2cb0d06b1305,New Product Development,Project management revision ,,,23,done,682328e4b838d475ecd54f91,2023-05-22T06:22:35.000Z,2023-05-21T22:00:00.000Z,0
68261e8a135f2cb0d06b1306,New Product Development,Project management revision ,,,21,done,682328e4b838d475ecd54f91,2023-05-22T05:40:56.000Z,2023-05-21T22:00:00.000Z,0
68261e8a135f2cb0d06b1307,New Product Development,project management,,,18,done,682328e4b838d475ecd54f91,2023-05-21T14:49:27.000Z,2023-05-20T22:00:00.000Z,0
68261e8a135f2cb0d06b1308,New Product Development,project management,,,20,done,682328e4b838d475ecd54f91,2023-05-21T14:10:31.000Z,2023-05-20T22:00:00.000Z,0
68261e8a135f2cb0d06b1309,New Product Development,project management,,,35,done,682328e4b838d475ecd54f91,2023-05-21T13:00:01.000Z,2023-05-20T22:00:00.000Z,0
68261e8a135f2cb0d06b130a,New Product Development,project management,,,20,done,682328e4b838d475ecd54f91,2023-05-21T11:57:37.000Z,2023-05-20T22:00:00.000Z,0
68261e8a135f2cb0d06b130b,New Product Development,project management,,,38,done,682328e4b838d475ecd54f91,2023-05-21T11:27:37.000Z,2023-05-20T22:00:00.000Z,0
68261e8a135f2cb0d06b130c,New Product Development,project management,,,10,done,682328e4b838d475ecd54f91,2023-05-21T09:55:14.000Z,2023-05-20T22:00:00.000Z,0
68261e8a135f2cb0d06b130d,New Product Development,project management,,,16,done,682328e4b838d475ecd54f91,2023-05-21T08:59:21.000Z,2023-05-20T22:00:00.000Z,0
68261e8a135f2cb0d06b130e,New Product Development,project management,,,23,done,682328e4b838d475ecd54f91,2023-05-21T08:30:56.000Z,2023-05-20T22:00:00.000Z,0
68261e8a135f2cb0d06b130f,New Product Development,project management,,,22,done,682328e4b838d475ecd54f91,2023-05-20T19:39:45.000Z,2023-05-19T22:00:00.000Z,0
68261e8a135f2cb0d06b1310,New Product Development,project management,,,25,done,682328e4b838d475ecd54f91,2023-05-20T17:50:30.000Z,2023-05-19T22:00:00.000Z,0
68261e8a135f2cb0d06b1311,New Product Development,project management,,,26,done,682328e4b838d475ecd54f91,2023-05-20T17:14:56.000Z,2023-05-19T22:00:00.000Z,0
68261e8a135f2cb0d06b1312,New Product Development,project management,,,27,done,682328e4b838d475ecd54f91,2023-05-20T16:38:51.000Z,2023-05-19T22:00:00.000Z,0
68261e8a135f2cb0d06b1313,New Product Development,project management,,,23,done,682328e4b838d475ecd54f91,2023-05-19T11:40:27.000Z,2023-05-18T22:00:00.000Z,0
68261e8a135f2cb0d06b1314,New Product Development,project management,,,42,done,682328e4b838d475ecd54f91,2023-05-19T11:12:10.000Z,2023-05-18T22:00:00.000Z,0
68261e8a135f2cb0d06b1315,New Product Development,project management,,,40,done,682328e4b838d475ecd54f91,2023-05-18T13:18:43.000Z,2023-05-17T22:00:00.000Z,0
68261e8a135f2cb0d06b1316,New Product Development,project management,,,36,done,682328e4b838d475ecd54f91,2023-05-18T12:10:21.000Z,2023-05-17T22:00:00.000Z,0
68261e8a135f2cb0d06b1317,New Product Development,project management,,,25,done,682328e4b838d475ecd54f91,2023-05-18T10:38:11.000Z,2023-05-17T22:00:00.000Z,0
68261e8a135f2cb0d06b1318,New Product Development,project management,,,35,done,682328e4b838d475ecd54f91,2023-05-18T08:07:51.000Z,2023-05-17T22:00:00.000Z,0
68261e8a135f2cb0d06b1319,New Product Development,project management,,,20,done,682328e4b838d475ecd54f91,2023-05-18T06:45:18.000Z,2023-05-17T22:00:00.000Z,0
68261e8a135f2cb0d06b131a,New Product Development,project management,,,24,done,682328e4b838d475ecd54f91,2023-05-17T17:29:19.000Z,2023-05-16T22:00:00.000Z,0
68261e8a135f2cb0d06b131b,Reading,The History Thieves,,,40,done,682328e4b838d475ecd54f91,2023-05-17T07:44:33.000Z,2023-05-16T22:00:00.000Z,0
68261e8a135f2cb0d06b131c,English,Presentation ,,,36,done,682328e4b838d475ecd54f91,2023-05-16T17:33:31.000Z,2023-05-15T22:00:00.000Z,0
68261e8a135f2cb0d06b131d,English,Presentation ,,,31,done,682328e4b838d475ecd54f91,2023-05-16T16:10:36.000Z,2023-05-15T22:00:00.000Z,0
68261e8a135f2cb0d06b131e,English,Presentation ,,,41,done,682328e4b838d475ecd54f91,2023-05-16T15:21:27.000Z,2023-05-15T22:00:00.000Z,0
68261e8a135f2cb0d06b1298,Software Engineering - Math,Logic ,,,30,done,682328e4b838d475ecd54f91,2023-09-04T18:48:57.000Z,2023-09-03T22:00:00.000Z,0
68261e8a135f2cb0d06b1299,Software Engineering - Math,Language and Automata ,,,40,done,682328e4b838d475ecd54f91,2023-09-04T18:40:05.000Z,2023-09-03T22:00:00.000Z,0
68261e8a135f2cb0d06b1321,Reading,Brothers Karamazov ,,,15,done,682328e4b838d475ecd54f91,2023-05-14T08:28:55.000Z,2023-05-13T22:00:00.000Z,0
68261e8a135f2cb0d06b1322,Reading,Brothers Karamazov ,,,25,done,682328e4b838d475ecd54f91,2023-05-14T07:50:14.000Z,2023-05-13T22:00:00.000Z,0
68261e8a135f2cb0d06b1323,English,Presentation,,,20,done,682328e4b838d475ecd54f91,2023-05-11T18:41:13.000Z,2023-05-10T22:00:00.000Z,0
68261e8a135f2cb0d06b1324,English,Presentation,,,40,done,682328e4b838d475ecd54f91,2023-05-11T17:49:40.000Z,2023-05-10T22:00:00.000Z,0
68261e8a135f2cb0d06b1325,English,Presentation,,,25,done,682328e4b838d475ecd54f91,2023-05-11T16:35:53.000Z,2023-05-10T22:00:00.000Z,0
68261e8a135f2cb0d06b1326,English,Presentation,,,29,done,682328e4b838d475ecd54f91,2023-05-11T15:53:43.000Z,2023-05-10T22:00:00.000Z,0
68261e8a135f2cb0d06b1327,Reading,Brothers Karamazov  ,,,17,done,682328e4b838d475ecd54f91,2023-05-11T12:48:38.000Z,2023-05-10T22:00:00.000Z,0
68261e8a135f2cb0d06b1328,Reading,Brothers Karamazov  ,,,26,done,682328e4b838d475ecd54f91,2023-05-11T12:27:58.000Z,2023-05-10T22:00:00.000Z,0
68261e8a135f2cb0d06b1329,Svenska,Debatterande text,,,50,done,682328e4b838d475ecd54f91,2023-05-10T17:42:38.000Z,2023-05-09T22:00:00.000Z,0
68261e8a135f2cb0d06b132a,Svenska,Debatterande text,,,35,done,682328e4b838d475ecd54f91,2023-05-10T15:57:39.000Z,2023-05-09T22:00:00.000Z,0
68261e8a135f2cb0d06b132b,New Product Development,project management presntation,,,50,done,682328e4b838d475ecd54f91,2023-05-10T14:44:34.000Z,2023-05-09T22:00:00.000Z,0
68261e8a135f2cb0d06b132c,New Product Development,project management presntation,,,60,done,682328e4b838d475ecd54f91,2023-05-10T14:43:48.000Z,2023-05-09T22:00:00.000Z,0
68261e8a135f2cb0d06b132d,New Product Development,project management assignment ,,,25,done,682328e4b838d475ecd54f91,2023-05-10T05:45:03.000Z,2023-05-09T22:00:00.000Z,0
68261e8a135f2cb0d06b132e,New Product Development,Project management assignment ,,,20,done,682328e4b838d475ecd54f91,2023-05-09T17:59:13.000Z,2023-05-08T22:00:00.000Z,0
68261e8a135f2cb0d06b132f,New Product Development,Project management assignment ,,,60,done,682328e4b838d475ecd54f91,2023-05-09T17:15:44.000Z,2023-05-08T22:00:00.000Z,0
68261e8a135f2cb0d06b1330,Svenska,debatt,,,13,done,682328e4b838d475ecd54f91,2023-05-09T05:29:40.000Z,2023-05-08T22:00:00.000Z,0
68261e8a135f2cb0d06b1331,Svenska,debatt,,,20,done,682328e4b838d475ecd54f91,2023-05-09T04:51:59.000Z,2023-05-08T22:00:00.000Z,0
68261e8a135f2cb0d06b1332,Svenska,debatt,,,31,done,682328e4b838d475ecd54f91,2023-05-08T18:22:47.000Z,2023-05-07T22:00:00.000Z,0
68261e8a135f2cb0d06b1333,Svenska,debatt,,,31,done,682328e4b838d475ecd54f91,2023-05-08T10:09:01.000Z,2023-05-07T22:00:00.000Z,0
68261e8a135f2cb0d06b1334,Web Development,Medlem,,,35,done,682328e4b838d475ecd54f91,2023-05-07T12:56:32.000Z,2023-05-06T22:00:00.000Z,0
68261e8a135f2cb0d06b1335,History,Scandinavian History,,,45,done,682328e4b838d475ecd54f91,2023-05-07T12:01:09.000Z,2023-05-06T22:00:00.000Z,0
68261e8a135f2cb0d06b1336,History,Scandinavian History,,,47,done,682328e4b838d475ecd54f91,2023-05-07T11:19:15.000Z,2023-05-06T22:00:00.000Z,0
68261e8a135f2cb0d06b1337,History,Scandinavian History,,,40,done,682328e4b838d475ecd54f91,2023-05-07T10:11:46.000Z,2023-05-06T22:00:00.000Z,0
68261e8a135f2cb0d06b1338,History,Scandinavian History,,,65,done,682328e4b838d475ecd54f91,2023-05-07T08:17:53.000Z,2023-05-06T22:00:00.000Z,0
68261e8a135f2cb0d06b1339,History,Scandinavian History,,,66,done,682328e4b838d475ecd54f91,2023-05-07T06:39:12.000Z,2023-05-06T22:00:00.000Z,0
68261e8a135f2cb0d06b133a,History,Scandinavian history,,,20,done,682328e4b838d475ecd54f91,2023-05-04T18:00:56.000Z,2023-05-03T22:00:00.000Z,0
68261e8a135f2cb0d06b133b,History,Scandinavian history,,,20,done,682328e4b838d475ecd54f91,2023-05-03T18:15:07.000Z,2023-05-02T22:00:00.000Z,0
68261e8a135f2cb0d06b133c,History,Scandinavian History,,,65,done,682328e4b838d475ecd54f91,2023-05-03T12:52:50.000Z,2023-05-02T22:00:00.000Z,0
68261e8a135f2cb0d06b133d,History,Scandinavian History,,,45,done,682328e4b838d475ecd54f91,2023-05-03T11:14:51.000Z,2023-05-02T22:00:00.000Z,0
68261e8a135f2cb0d06b133e,History,Scandinavian History,,,31,done,682328e4b838d475ecd54f91,2023-05-03T09:32:45.000Z,2023-05-02T22:00:00.000Z,0
68261e8a135f2cb0d06b133f,History,Scandinavian History,,,41,done,682328e4b838d475ecd54f91,2023-05-03T08:31:42.000Z,2023-05-02T22:00:00.000Z,0
68261e8a135f2cb0d06b1340,History,Scandinavian history,,,24,done,682328e4b838d475ecd54f91,2023-05-02T18:12:49.000Z,2023-05-01T22:00:00.000Z,0
68261e8a135f2cb0d06b1341,History,Scandinavian history,,,17,done,682328e4b838d475ecd54f91,2023-05-02T16:03:56.000Z,2023-05-01T22:00:00.000Z,0
68261e8a135f2cb0d06b1342,History,Scandinavian history,,,27,done,682328e4b838d475ecd54f91,2023-05-02T15:24:28.000Z,2023-05-01T22:00:00.000Z,0
68261e8a135f2cb0d06b1343,History,Scandinavian history,,,14,done,682328e4b838d475ecd54f91,2023-05-01T17:05:02.000Z,2023-04-30T22:00:00.000Z,0
68261e8a135f2cb0d06b1344,History,Scandinavian history,,,15,done,682328e4b838d475ecd54f91,2023-05-01T14:32:24.000Z,2023-04-30T22:00:00.000Z,0
68261e8a135f2cb0d06b1345,History,Scandinavian history,,,20,done,682328e4b838d475ecd54f91,2023-05-01T09:33:04.000Z,2023-04-30T22:00:00.000Z,0
68261e8a135f2cb0d06b1346,History,Scandinavian history,,,20,done,682328e4b838d475ecd54f91,2023-05-01T08:50:39.000Z,2023-04-30T22:00:00.000Z,0
68261e8a135f2cb0d06b1347,History,Scandinavian history,,,20,done,682328e4b838d475ecd54f91,2023-05-01T08:06:12.000Z,2023-04-30T22:00:00.000Z,0
68261e8a135f2cb0d06b1348,History,Scandinavian history,,,20,done,682328e4b838d475ecd54f91,2023-05-01T07:22:29.000Z,2023-04-30T22:00:00.000Z,0
68261e8a135f2cb0d06b1349,History,Scandinavian history,,,25,done,682328e4b838d475ecd54f91,2023-04-30T16:50:15.000Z,2023-04-29T22:00:00.000Z,0
68261e8a135f2cb0d06b134a,History,Scandinavian history,,,22,done,682328e4b838d475ecd54f91,2023-04-30T16:30:09.000Z,2023-04-29T22:00:00.000Z,0
68261e8a135f2cb0d06b134b,History,Scandinavian history,,,27,done,682328e4b838d475ecd54f91,2023-04-30T13:24:53.000Z,2023-04-29T22:00:00.000Z,0
68261e8a135f2cb0d06b134c,History,Scandinavian history,,,40,done,682328e4b838d475ecd54f91,2023-04-30T10:12:22.000Z,2023-04-29T22:00:00.000Z,0
68261e8a135f2cb0d06b134d,History,Scandinavian history,,,36,done,682328e4b838d475ecd54f91,2023-04-30T09:16:58.000Z,2023-04-29T22:00:00.000Z,0
68261e8a135f2cb0d06b134e,History,Scandinavian history,,,22,done,682328e4b838d475ecd54f91,2023-04-29T17:52:23.000Z,2023-04-28T22:00:00.000Z,0
68261e8a135f2cb0d06b134f,History,Scandinavian history,,,31,done,682328e4b838d475ecd54f91,2023-04-29T17:25:33.000Z,2023-04-28T22:00:00.000Z,0
68261e8a135f2cb0d06b1350,History,Scandinavian history,,,28,done,682328e4b838d475ecd54f91,2023-04-29T16:18:15.000Z,2023-04-28T22:00:00.000Z,0
68261e8a135f2cb0d06b1351,History,Scandinavian history,,,29,done,682328e4b838d475ecd54f91,2023-04-29T13:02:31.000Z,2023-04-28T22:00:00.000Z,0
68261e8a135f2cb0d06b1352,History,Scandinavian history,,,20,done,682328e4b838d475ecd54f91,2023-04-29T12:00:37.000Z,2023-04-28T22:00:00.000Z,0
68261e8a135f2cb0d06b1353,History,Scandinavian history,,,35,done,682328e4b838d475ecd54f91,2023-04-29T11:36:44.000Z,2023-04-28T22:00:00.000Z,0
68261e8a135f2cb0d06b1354,History,Scandinavian history,,,22,done,682328e4b838d475ecd54f91,2023-04-29T10:43:47.000Z,2023-04-28T22:00:00.000Z,0
68261e8a135f2cb0d06b1355,History,Scandinavian history,,,26,done,682328e4b838d475ecd54f91,2023-04-29T09:58:51.000Z,2023-04-28T22:00:00.000Z,0
68261e8a135f2cb0d06b1356,History,Scandinavian history,,,26,done,682328e4b838d475ecd54f91,2023-04-29T09:10:23.000Z,2023-04-28T22:00:00.000Z,0
68261e8a135f2cb0d06b1357,Svenska,SVA2 novell analys,,,30,done,682328e4b838d475ecd54f91,2023-04-23T13:18:22.000Z,2023-04-22T22:00:00.000Z,0
68261e8a135f2cb0d06b1358,Svenska,SVA2 novell analys,,,29,done,682328e4b838d475ecd54f91,2023-04-23T12:37:03.000Z,2023-04-22T22:00:00.000Z,0
68261e8a135f2cb0d06b1359,Svenska,SVA2 novell analys,,,28,done,682328e4b838d475ecd54f91,2023-04-23T11:46:53.000Z,2023-04-22T22:00:00.000Z,0
68261e8a135f2cb0d06b135a,English,Academic writing in English ,,,20,done,682328e4b838d475ecd54f91,2023-04-19T20:23:30.000Z,2023-04-18T22:00:00.000Z,0
68261e8a135f2cb0d06b135b,English,Academic writing in English ,,,20,done,682328e4b838d475ecd54f91,2023-04-19T20:03:24.000Z,2023-04-18T22:00:00.000Z,0
68261e8a135f2cb0d06b135c,English,Academic writing in English ,,,24,done,682328e4b838d475ecd54f91,2023-04-19T19:25:38.000Z,2023-04-18T22:00:00.000Z,0
68261e8a135f2cb0d06b135d,Svenska,novell,,,20,done,682328e4b838d475ecd54f91,2023-04-15T19:54:08.000Z,2023-04-14T22:00:00.000Z,0
68261e8a135f2cb0d06b135e,Svenska,novell,,,23,done,682328e4b838d475ecd54f91,2023-04-15T18:58:10.000Z,2023-04-14T22:00:00.000Z,0
68261e8a135f2cb0d06b135f,Svenska,Postmodernism ,,,16,done,682328e4b838d475ecd54f91,2023-04-12T21:52:41.000Z,2023-04-11T22:00:00.000Z,0
68261e8a135f2cb0d06b1360,Svenska,Postmodernism ,,,30,done,682328e4b838d475ecd54f91,2023-04-12T21:12:10.000Z,2023-04-11T22:00:00.000Z,0
68261e8a135f2cb0d06b1361,Svenska,Postmodernism ,,,23,done,682328e4b838d475ecd54f91,2023-04-12T20:31:49.000Z,2023-04-11T22:00:00.000Z,0
68261e8a135f2cb0d06b1362,Svenska,Postmodernism ,,,30,done,682328e4b838d475ecd54f91,2023-04-12T19:49:50.000Z,2023-04-11T22:00:00.000Z,0
68261e8a135f2cb0d06b1363,Svenska,Postmodernism ,,,180,done,682328e4b838d475ecd54f91,2023-04-12T19:24:02.000Z,2023-04-11T22:00:00.000Z,0
68261e8a135f2cb0d06b1364,Svenska,SVA2,,,35,done,682328e4b838d475ecd54f91,2023-04-10T15:33:07.000Z,2023-04-09T22:00:00.000Z,0
68261e8a135f2cb0d06b1365,Svenska,SVA2,,,26,done,682328e4b838d475ecd54f91,2023-04-10T14:21:43.000Z,2023-04-09T22:00:00.000Z,0
68261e8a135f2cb0d06b1366,Svenska,SVA2,,,25,done,682328e4b838d475ecd54f91,2023-04-10T13:11:25.000Z,2023-04-09T22:00:00.000Z,0
68261e8a135f2cb0d06b1367,New Product Development,exam prep,,,31,done,682328e4b838d475ecd54f91,2023-04-09T20:10:08.000Z,2023-04-08T22:00:00.000Z,0
68261e8a135f2cb0d06b1368,New Product Development,exam prep,,,27,done,682328e4b838d475ecd54f91,2023-03-12T18:17:14.000Z,2023-03-11T23:00:00.000Z,0
68261e8a135f2cb0d06b1369,New Product Development,exam prep,,,8,done,682328e4b838d475ecd54f91,2023-03-12T16:40:09.000Z,2023-03-11T23:00:00.000Z,0
68261e8a135f2cb0d06b136a,New Product Development,exam prep,,,20,done,682328e4b838d475ecd54f91,2023-03-12T16:16:27.000Z,2023-03-11T23:00:00.000Z,0
68261e8a135f2cb0d06b136b,New Product Development,exam prep,,,20,done,682328e4b838d475ecd54f91,2023-03-12T15:55:37.000Z,2023-03-11T23:00:00.000Z,0
68261e8a135f2cb0d06b136c,New Product Development,exam prep,,,40,done,682328e4b838d475ecd54f91,2023-03-12T15:22:35.000Z,2023-03-11T23:00:00.000Z,0
68261e8a135f2cb0d06b136d,New Product Development,exam prep,,,20,done,682328e4b838d475ecd54f91,2023-03-12T13:52:24.000Z,2023-03-11T23:00:00.000Z,0
68261e8a135f2cb0d06b136e,New Product Development,exam prep,,,20,done,682328e4b838d475ecd54f91,2023-03-12T13:15:24.000Z,2023-03-11T23:00:00.000Z,0
68261e8a135f2cb0d06b136f,New Product Development,exam prep,,,24,done,682328e4b838d475ecd54f91,2023-03-12T12:54:37.000Z,2023-03-11T23:00:00.000Z,0
68261e8a135f2cb0d06b1370,New Product Development,exam prep,,,20,done,682328e4b838d475ecd54f91,2023-03-12T12:21:41.000Z,2023-03-11T23:00:00.000Z,0
68261e8a135f2cb0d06b1371,New Product Development,exam prep,,,17,done,682328e4b838d475ecd54f91,2023-03-12T11:14:07.000Z,2023-03-11T23:00:00.000Z,0
68261e8a135f2cb0d06b1372,New Product Development,exam prep,,,33,done,682328e4b838d475ecd54f91,2023-03-12T10:57:23.000Z,2023-03-11T23:00:00.000Z,0
68261e8a135f2cb0d06b1373,YouTube,random vids ,,,20,done,682328e4b838d475ecd54f91,2023-03-09T19:52:38.000Z,2023-03-08T23:00:00.000Z,0
68261e8a135f2cb0d06b1374,YouTube,random vids ,,,31,done,682328e4b838d475ecd54f91,2023-03-09T19:22:25.000Z,2023-03-08T23:00:00.000Z,0
68261e8a135f2cb0d06b1375,YouTube,random vids,,,20,done,682328e4b838d475ecd54f91,2023-03-08T19:49:04.000Z,2023-03-07T23:00:00.000Z,0
68261e8a135f2cb0d06b1376,YouTube,random vids,,,20,done,682328e4b838d475ecd54f91,2023-03-08T16:57:15.000Z,2023-03-07T23:00:00.000Z,0
68261e8a135f2cb0d06b1377,Academic writing - Eng,third portfolio assignment ,,,51,done,682328e4b838d475ecd54f91,2023-03-08T16:06:37.000Z,2023-03-07T23:00:00.000Z,0
68261e8a135f2cb0d06b1378,Web Development,my-blog-pomo,,,180,done,682328e4b838d475ecd54f91,2024-08-19T20:41:00.000Z,2024-08-19T20:41:05.000Z,0
68261e8a135f2cb0d06b1379,Web Development,my-blog-pomo,,,20,done,682328e4b838d475ecd54f91,2024-08-19T21:46:18.000Z,2024-08-19T21:47:23.000Z,0
68261e8a135f2cb0d06b137a,Web Development,my-blog-pomo,,,20,done,682328e4b838d475ecd54f91,2024-08-19T22:18:55.000Z,2024-08-19T22:19:01.000Z,0
68261e8a135f2cb0d06b137b,Web Development,my-blog-pomo,,,120,done,682328e4b838d475ecd54f91,2024-08-20T10:21:20.000Z,2024-08-20T10:21:24.000Z,0
68261e8a135f2cb0d06b137c,Web Development,my-blog-pomo,,,90,done,682328e4b838d475ecd54f91,2024-08-20T13:22:43.000Z,2024-08-20T13:23:23.000Z,0
68261e8a135f2cb0d06b137d,Web Development,my-blog-pomo,,,90,done,682328e4b838d475ecd54f91,2024-08-20T15:10:18.000Z,2024-08-20T15:10:22.000Z,0
68261e8a135f2cb0d06b137e,Web Development,my-blog-pomo,,,70,done,682328e4b838d475ecd54f91,2024-08-21T07:27:55.000Z,2024-08-21T07:28:08.000Z,0
68261e8a135f2cb0d06b137f,Web Development,my-blog-pomo,,,60,done,682328e4b838d475ecd54f91,2024-08-21T08:42:12.000Z,2024-08-21T08:42:16.000Z,0
68261e8a135f2cb0d06b1380,Web Development,my-blog-pomo,,,60,done,682328e4b838d475ecd54f91,2024-08-21T09:42:14.000Z,2024-08-21T09:42:18.000Z,0
68261e8a135f2cb0d06b1381,Biology,Evolution,,,150,done,682328e4b838d475ecd54f97,2024-08-21T15:50:23.000Z,2024-08-21T15:50:29.000Z,0
68261e8a135f2cb0d06b1382,Web Development,my-blog-pomo,,,20,done,682328e4b838d475ecd54f91,2024-08-21T16:35:46.000Z,2024-08-21T16:35:51.000Z,0
68261e8a135f2cb0d06b1383,Web Development,my-blog-pomo,,,100,done,682328e4b838d475ecd54f91,2024-08-21T20:54:38.000Z,2024-08-21T20:54:45.000Z,0
68261e8a135f2cb0d06b1384,Web Development,my-blog-pomo,,,150,done,682328e4b838d475ecd54f91,2024-08-22T08:20:05.000Z,2024-08-22T08:21:05.000Z,0
68261e8a135f2cb0d06b1385,Web Development,my-blog-pomo,,,25,done,682328e4b838d475ecd54f91,2024-08-22T11:20:19.000Z,2024-08-22T11:21:01.000Z,0
68261e8a135f2cb0d06b1386,Writing,Blog post,,,40,done,682328e4b838d475ecd54f91,2024-08-22T18:19:11.000Z,2024-08-22T18:19:17.000Z,0
68261e8a135f2cb0d06b1387,Web Development,my-blog-pomo,,,50,done,682328e4b838d475ecd54f91,2024-08-22T19:57:24.000Z,2024-08-22T19:57:39.000Z,0
68261e8a135f2cb0d06b1388,Writing,Blog post,,,4765,done,682328e4b838d475ecd54f97,2024-08-22T20:18:19.000Z,2024-08-22T20:18:33.000Z,0
68261e8a135f2cb0d06b1389,Web Development,my-blog-pomo,,,25,done,682328e4b838d475ecd54f91,2024-08-22T20:19:44.000Z,2024-08-22T20:20:07.000Z,0
68261e8a135f2cb0d06b138a,Web Development,React,,,130,done,682328e4b838d475ecd54f91,2024-08-23T10:23:56.000Z,2024-08-23T10:24:09.000Z,0
68261e8a135f2cb0d06b138b,Web Development,Frameworks,,,90,done,682328e4b838d475ecd54f91,2024-08-23T13:38:33.000Z,2024-08-23T13:38:47.000Z,0
68261e8a135f2cb0d06b138c,Web Development,React,,,50,done,682328e4b838d475ecd54f91,2024-08-23T15:39:19.000Z,2024-08-23T15:39:46.000Z,0
68261e8a135f2cb0d06b138d,Reading,"HTML, CSS, JS",,,72,done,682328e4b838d475ecd54f91,2024-08-24T08:44:08.000Z,2024-08-24T09:40:54.000Z,0
68261e8a135f2cb0d06b138e,Reading,"HTML, CSS, JS",,,30,done,682328e4b838d475ecd54f91,2024-08-24T10:54:19.000Z,2024-08-24T10:54:22.000Z,0
68261e8a135f2cb0d06b138f,Ma4c,Ma4c,,,50,done,682328e4b838d475ecd54f9d,2024-08-24T15:46:41.000Z,2024-08-24T15:46:43.000Z,0
68261e8a135f2cb0d06b1390,Web Development,my-blog-pomo,,,90,done,682328e4b838d475ecd54f91,2024-08-24T19:17:27.000Z,2024-08-24T19:17:31.000Z,0
68261e8a135f2cb0d06b1391,Web Development,my-blog-pomo,,,65,done,682328e4b838d475ecd54f91,2024-08-24T22:31:18.000Z,2024-08-24T22:31:21.000Z,0
68261e8a135f2cb0d06b1392,Web Development,my-blog-pomo,,,75,done,682328e4b838d475ecd54f91,2024-08-25T09:50:00.000Z,2024-08-25T07:50:41.000Z,0
68261e8a135f2cb0d06b1393,Web Development,my-blog-pomo,,,150,done,682328e4b838d475ecd54f91,2024-08-25T21:49:20.000Z,2024-08-25T19:49:24.000Z,0
68261e8a135f2cb0d06b1394,Biologi 2,Biologi 2,,,50,done,682328e4b838d475ecd54f9d,2024-08-26T14:50:53.000Z,2024-08-26T16:27:24.000Z,0
68261e8a135f2cb0d06b1395,Biologi 2,Biologi 2,,,19,done,682328e4b838d475ecd54f9d,2024-08-26T18:29:37.000Z,2024-08-26T16:57:21.000Z,0
68261e8a135f2cb0d06b1396,mikro,mikro,,,5,done,682328e4b838d475ecd54f9d,2024-08-26T18:59:02.000Z,2024-08-26T17:04:19.000Z,0
68261e8a135f2cb0d06b1397,religion,religion,,,5,done,682328e4b838d475ecd54f9d,2024-08-26T19:07:41.000Z,2024-08-26T17:12:51.000Z,0
68261e8a135f2cb0d06b1398,religion,religion,,,5,done,682328e4b838d475ecd54f9d,2024-08-26T19:07:41.000Z,2024-08-26T17:13:14.000Z,0
68261e8a135f2cb0d06b1399,Web Development,my-blog-pomo,,,120,done,682328e4b838d475ecd54f91,2024-08-26T21:16:26.000Z,2024-08-26T19:16:33.000Z,0
68261e8a135f2cb0d06b139a,math,hg,,,45,done,682328e4b838d475ecd54f94,2024-08-26T22:14:22.000Z,2024-08-26T20:14:28.000Z,0
68261e8a135f2cb0d06b139b,religion,religion,,,5,done,682328e4b838d475ecd54f9d,2024-08-26T19:07:41.000Z,2024-08-27T16:46:40.000Z,0
68261e8a135f2cb0d06b139c,religion,religion,,,5,done,682328e4b838d475ecd54f9d,2024-08-26T19:07:41.000Z,2024-08-27T16:46:50.000Z,0
68261e8a135f2cb0d06b139d,mikro,mikro,,,39,done,682328e4b838d475ecd54f9d,2024-08-27T18:50:44.000Z,2024-08-27T17:41:49.000Z,0
68261e8a135f2cb0d06b139e,religion,religion,,,10,done,682328e4b838d475ecd54f9d,2024-08-27T19:45:17.000Z,2024-08-27T17:59:50.000Z,0
68261e8a135f2cb0d06b139f,Web Development,my-blog-pomo,,,130,done,682328e4b838d475ecd54f91,2024-08-27T21:20:09.000Z,2024-08-27T19:20:11.000Z,0
68261e8a135f2cb0d06b13a0,Web Development,my-blog-pomo,,,120,done,682328e4b838d475ecd54f91,2024-08-28T00:03:07.000Z,2024-08-27T22:03:13.000Z,0
68261e8a135f2cb0d06b13a1,religion,religion,,,10,done,682328e4b838d475ecd54f9d,2024-08-27T19:45:17.000Z,2024-08-29T16:34:09.000Z,0
68261e8a135f2cb0d06b13a2,Sv3,Sv3,,,30,done,682328e4b838d475ecd54f9d,2024-08-29T18:34:36.000Z,2024-08-29T17:54:50.000Z,0
68261e8a135f2cb0d06b13a3,Sv3,Sv3,,,10,done,682328e4b838d475ecd54f9d,2024-08-29T19:59:15.000Z,2024-08-29T18:09:16.000Z,0
68261e8a135f2cb0d06b13a4,Web Development,my-blog-pomo,,,120,done,682328e4b838d475ecd54f91,2024-08-29T22:38:50.000Z,2024-08-29T20:39:13.000Z,0
68261e8a135f2cb0d06b13a5,Web Development,my-blog-pomo,,,120,done,682328e4b838d475ecd54f91,2024-08-29T22:39:51.000Z,2024-08-29T20:39:57.000Z,0
68261e8a135f2cb0d06b13a6,Biologi 2,Biologi 2,,,50,done,682328e4b838d475ecd54f9d,2024-08-30T20:21:45.000Z,2024-08-30T19:14:07.000Z,0
68261e8a135f2cb0d06b13a7,Biologi 2,Biologi 2,,,30,done,682328e4b838d475ecd54f9d,2024-08-30T21:14:36.000Z,2024-08-30T19:44:59.000Z,0
68261e8a135f2cb0d06b13a8,Biologi 2,Biologi 2,,,10,done,682328e4b838d475ecd54f9d,2024-08-30T21:45:57.000Z,2024-08-30T19:55:58.000Z,0
68261e8a135f2cb0d06b13a9,Biologi 2,Biologi 2,,,30,done,682328e4b838d475ecd54f9d,2024-08-30T22:27:40.000Z,2024-08-30T21:26:12.000Z,0
68261e8a135f2cb0d06b131f,Reading,History of Spain,,,27,done,682328e4b838d475ecd54f91,2023-05-16T08:27:44.000Z,2023-05-15T22:00:00.000Z,0
68261e8a135f2cb0d06b1320,Reading,Brothers Karamazov ,,,45,done,682328e4b838d475ecd54f91,2023-05-14T09:06:00.000Z,2023-05-13T22:00:00.000Z,0
68261e8a135f2cb0d06b13ac,Software Engineering - WebDev,Java Script,,,60,done,682328e4b838d475ecd54f91,2024-09-02T20:32:26.000Z,2024-09-02T18:32:32.000Z,0
68261e8a135f2cb0d06b13ad,eng7,eng7,,,19,done,682328e4b838d475ecd54f9d,2024-09-02T20:16:22.000Z,2024-09-02T19:37:35.000Z,0
68261e8a135f2cb0d06b13ae,eng7,eng7,,,1,done,682328e4b838d475ecd54f9d,2024-09-02T21:38:12.000Z,2024-09-02T19:39:13.000Z,0
68261e8a135f2cb0d06b13af,webDev,javascript,,,5,done,682328e4b838d475ecd54fa0,2024-09-03T11:54:19.000Z,2024-09-03T09:54:30.000Z,0
68261e8a135f2cb0d06b13b1,eng7,eng7,,,1,done,682328e4b838d475ecd54f9d,2024-09-02T21:38:12.000Z,2024-09-03T13:45:44.000Z,0
68261e8a135f2cb0d06b13b2,Biologi 2,Biologi 2,,,50,done,682328e4b838d475ecd54f9d,2024-09-03T15:48:09.000Z,2024-09-03T14:40:55.000Z,0
68261e8a135f2cb0d06b13b3,Biologi 2,Biologi 2,,,50,done,682328e4b838d475ecd54f9d,2024-09-03T16:41:53.000Z,2024-09-03T16:17:51.000Z,0
68261e8a135f2cb0d06b13b4,Biologi 2,Biologi 2,,,50,done,682328e4b838d475ecd54f9d,2024-09-03T18:18:05.000Z,2024-09-03T18:13:49.000Z,0
68261e8a135f2cb0d06b13b5,Biologi 2,Biologi 2,,,10,done,682328e4b838d475ecd54f9d,2024-09-03T20:13:58.000Z,2024-09-03T18:25:56.000Z,0
68261e8a135f2cb0d06b13b6,Biologi 2,Biologi 2,,,6,done,682328e4b838d475ecd54f9d,2024-09-03T20:27:02.000Z,2024-09-03T18:32:56.000Z,0
68261e8a135f2cb0d06b13b7,Biologi 2,Biologi 2,,,6,done,682328e4b838d475ecd54f9d,2024-09-03T20:27:02.000Z,2024-09-04T14:57:16.000Z,0
68261e8a135f2cb0d06b13b8,eng7,eng7,,,50,done,682328e4b838d475ecd54f9d,2024-09-04T17:00:04.000Z,2024-09-04T15:57:12.000Z,0
68261e8a135f2cb0d06b13b9,eng7,eng7,,,30,done,682328e4b838d475ecd54f9d,2024-09-04T17:57:23.000Z,2024-09-04T17:03:17.000Z,0
68261e8a135f2cb0d06b13ba,Software Engineering - WebDev,Milestone1,,,60,done,682328e4b838d475ecd54f91,2024-09-04T19:18:34.000Z,2024-09-04T17:18:48.000Z,0
68261e8a135f2cb0d06b13bb,eng7,eng7,,,15,done,682328e4b838d475ecd54f9d,2024-09-04T19:05:05.000Z,2024-09-04T17:20:07.000Z,0
68261e8a135f2cb0d06b13bc,eng7,eng7,,,5,done,682328e4b838d475ecd54f9d,2024-09-04T19:22:12.000Z,2024-09-04T17:27:03.000Z,0
68261e8a135f2cb0d06b13bd,religion,religion,,,20,done,682328e4b838d475ecd54f9d,2024-09-04T19:40:50.000Z,2024-09-04T18:17:41.000Z,0
68261e8a135f2cb0d06b13be,Software Engineering - WebDev,Milestone1,,,90,done,682328e4b838d475ecd54f91,2024-09-04T21:51:00.000Z,2024-09-04T19:51:07.000Z,0
68261e8a135f2cb0d06b13bf,Sv3,Sv3,,,30,done,682328e4b838d475ecd54f9d,2024-09-05T16:39:00.000Z,2024-09-05T15:09:00.000Z,0
68261e8a135f2cb0d06b13c0,Sv3,Sv3,,,30,done,682328e4b838d475ecd54f9d,2024-09-05T17:09:56.000Z,2024-09-05T16:25:00.000Z,0
68261e8a135f2cb0d06b13c1,Software Engineering - WebDev,Milestone1,,,330,done,682328e4b838d475ecd54f91,2024-09-05T18:31:39.000Z,2024-09-05T16:31:49.000Z,0
68261e8a135f2cb0d06b13c2,Sv3,Sv3,,,20,done,682328e4b838d475ecd54f9d,2024-09-05T19:34:06.000Z,2024-09-05T17:54:06.000Z,0
68261e8a135f2cb0d06b13c3,Sv3,Sv3,,,20,done,682328e4b838d475ecd54f9d,2024-09-05T19:34:06.000Z,2024-09-05T17:54:16.000Z,0
68261e8a135f2cb0d06b13c4,Sv3,Sv3,,,20,done,682328e4b838d475ecd54f9d,2024-09-05T19:34:06.000Z,2024-09-05T17:54:24.000Z,0
68261e8a135f2cb0d06b13c5,Sv3,Sv3,,,25,done,682328e4b838d475ecd54f9d,2024-09-05T19:58:21.000Z,2024-09-05T17:58:23.000Z,0
68261e8a135f2cb0d06b13c6,Software Engineering - WebDev,meeting,,,25,done,682328e4b838d475ecd54f91,2024-09-06T13:17:38.000Z,2024-09-06T11:17:41.000Z,0
68261e8a135f2cb0d06b13c7,Software Engineering - WebDev,Java Script,,,75,done,682328e4b838d475ecd54f91,2024-09-07T06:15:20.000Z,2024-09-07T04:15:26.000Z,0
68261e8a135f2cb0d06b13c8,Software Engineering - WebDev,Java Script,,,55,done,682328e4b838d475ecd54f91,2024-09-07T07:55:25.000Z,2024-09-07T05:55:28.000Z,0
68261e8a135f2cb0d06b13c9,Software Engineering - WebDev,Java Script,,,90,done,682328e4b838d475ecd54f91,2024-09-07T10:11:08.000Z,2024-09-07T08:11:12.000Z,0
68261e8a135f2cb0d06b13ca,Software Engineering - WebDev,Java Script,,,46,done,682328e4b838d475ecd54f91,2024-09-07T10:25:47.000Z,2024-09-07T09:11:29.000Z,0
68261e8a135f2cb0d06b13cb,Sv3,Sv3,,,40,done,682328e4b838d475ecd54f9d,2024-09-05T19:58:21.000Z,2024-09-07T11:00:04.000Z,0
68261e8a135f2cb0d06b13cc,eng7,eng7,,,50,done,682328e4b838d475ecd54f9d,2024-09-07T13:02:59.000Z,2024-09-07T11:53:24.000Z,0
68261e8a135f2cb0d06b13cd,eng7,eng7,,,50,done,682328e4b838d475ecd54f9d,2024-09-07T14:24:50.000Z,2024-09-07T13:22:10.000Z,0
68261e8a135f2cb0d06b13ce,eng7,eng7,,,30,done,682328e4b838d475ecd54f9d,2024-09-07T15:22:49.000Z,2024-09-07T13:53:15.000Z,0
68261e8a135f2cb0d06b13cf,eng7,eng7,,,15,done,682328e4b838d475ecd54f9d,2024-09-07T15:54:12.000Z,2024-09-07T14:15:41.000Z,0
68261e8a135f2cb0d06b13d0,eng7,eng7,,,15,done,682328e4b838d475ecd54f9d,2024-09-07T16:16:45.000Z,2024-09-07T14:33:16.000Z,0
68261e8a135f2cb0d06b13d1,Biologi 2,Biologi 2,,,50,done,682328e4b838d475ecd54f9d,2024-09-07T17:03:42.000Z,2024-09-07T16:11:30.000Z,0
68261e8a135f2cb0d06b13d2,Biologi 2,Biologi 2,,,25,done,682328e4b838d475ecd54f9d,2024-09-07T21:20:45.000Z,2024-09-07T19:50:52.000Z,0
68261e8a135f2cb0d06b13d3,Biologi 2,Biologi 2,,,25,done,682328e4b838d475ecd54f9d,2024-09-07T21:20:45.000Z,2024-09-07T19:53:56.000Z,0
68261e8a135f2cb0d06b13d4,Software Engineering - Fundamentals of Software Architecture,Assignment 1,,,120,done,682328e4b838d475ecd54f91,2024-09-08T11:10:07.000Z,2024-09-08T09:10:11.000Z,0
68261e8a135f2cb0d06b13d5,Biologi 2,Biologi 2,,,15,done,682328e4b838d475ecd54f9d,2024-09-07T22:08:15.000Z,2024-09-08T11:05:25.000Z,0
68261e8a135f2cb0d06b13d6,Biologi 2,Biologi 2,,,50,done,682328e4b838d475ecd54f9d,2024-09-08T13:17:16.000Z,2024-09-08T12:08:43.000Z,0
68261e8a135f2cb0d06b13d7,Software Engineering - Fundamentals of Software Architecture,Assignment 1,,,180,done,682328e4b838d475ecd54f91,2024-09-08T14:09:40.000Z,2024-09-08T12:09:51.000Z,0
68261e8a135f2cb0d06b13d8,Biologi 2,Biologi 2,,,50,done,682328e4b838d475ecd54f9d,2024-09-08T14:26:15.000Z,2024-09-08T13:16:43.000Z,0
68261e8a135f2cb0d06b13d9,Biologi 2,Biologi 2,,,50,done,682328e4b838d475ecd54f9d,2024-09-08T15:51:37.000Z,2024-09-08T14:47:44.000Z,0
68261e8a135f2cb0d06b13da,Biologi 2,Biologi 2,,,50,done,682328e4b838d475ecd54f9d,2024-09-08T19:50:41.000Z,2024-09-08T18:42:24.000Z,0
68261e8a135f2cb0d06b13db,webDev,terminal,,,45,done,682328e4b838d475ecd54fa0,2024-09-09T17:14:25.000Z,2024-09-09T16:06:41.000Z,0
68261e8a135f2cb0d06b13dc,webDev,terminal,,,21,done,682328e4b838d475ecd54fa0,2024-09-09T19:14:21.000Z,2024-09-09T17:35:06.000Z,0
68261e8a135f2cb0d06b13dd,Biologi 2,Biologi 2,,,50,done,682328e4b838d475ecd54f9d,2024-09-09T18:59:54.000Z,2024-09-09T18:01:13.000Z,0
68261e8a135f2cb0d06b13de,webDev,javascript,,,30,done,682328e4b838d475ecd54fa0,2024-09-09T19:35:26.000Z,2024-09-09T18:05:42.000Z,0
68261e8a135f2cb0d06b13df,Biologi 2,Biologi 2,,,50,done,682328e4b838d475ecd54f9d,2024-09-09T20:15:20.000Z,2024-09-09T19:25:49.000Z,0
68261e8a135f2cb0d06b13e0,Biologi 2,Biologi 2,,,15,done,682328e4b838d475ecd54f9d,2024-09-09T22:09:25.000Z,2024-09-09T20:26:21.000Z,0
68261e8a135f2cb0d06b13e1,Software Engineering - WebDev,Java Script,,,140,done,682328e4b838d475ecd54f91,2024-09-10T06:52:50.000Z,2024-09-10T04:52:54.000Z,0
68261e8a135f2cb0d06b13e2,Ma4c,Ma4c,,,50,done,682328e4b838d475ecd54f9d,2024-09-10T12:40:07.000Z,2024-09-10T11:30:28.000Z,0
68261e8a135f2cb0d06b13e3,Ma4c,Ma4c,,,50,done,682328e4b838d475ecd54f9d,2024-09-10T13:31:55.000Z,2024-09-10T11:32:55.000Z,0
68261e8a135f2cb0d06b13e4,Ma4c,Ma4c,,,10,done,682328e4b838d475ecd54f9d,2024-09-10T14:37:16.000Z,2024-09-10T12:52:19.000Z,0
68261e8a135f2cb0d06b13e5,Software Engineering - WebDev,Java Script,,,35,done,682328e4b838d475ecd54f91,2024-09-10T15:36:58.000Z,2024-09-10T13:37:06.000Z,0
68261e8a135f2cb0d06b13e6,mikro,mikro,,,35,done,682328e4b838d475ecd54f9d,2024-09-10T15:27:44.000Z,2024-09-10T14:02:43.000Z,0
68261e8a135f2cb0d06b13e7,Software Engineering - WebDev,Java Script,,,45,done,682328e4b838d475ecd54f91,2024-09-10T16:20:11.000Z,2024-09-10T14:20:13.000Z,0
68261e8a135f2cb0d06b13e8,religion,religion,,,15,done,682328e4b838d475ecd54f9d,2024-09-10T16:17:16.000Z,2024-09-10T14:35:25.000Z,0
68261e8a135f2cb0d06b13e9,Biologi 2,Biologi 2,,,30,done,682328e4b838d475ecd54f9d,2024-09-10T18:07:24.000Z,2024-09-10T16:40:05.000Z,0
68261e8a135f2cb0d06b13ea,Software Engineering - WebDev,Java Script,,,40,done,682328e4b838d475ecd54f91,2024-09-10T18:55:45.000Z,2024-09-10T16:55:48.000Z,0
68261e8a135f2cb0d06b13eb,Sv3,Sv3,,,20,done,682328e4b838d475ecd54f9d,2024-09-10T18:51:08.000Z,2024-09-10T17:11:10.000Z,0
68261e8a135f2cb0d06b13ec,Software Engineering - WebDev,Java Script,,,70,done,682328e4b838d475ecd54f91,2024-09-11T07:25:06.000Z,2024-09-11T05:25:23.000Z,0
68261e8a135f2cb0d06b13ed,Sv3,Sv3,,,20,done,682328e4b838d475ecd54f9d,2024-09-10T18:51:08.000Z,2024-09-11T14:44:18.000Z,0
68261e8a135f2cb0d06b13ee,religion,religion,,,50,done,682328e4b838d475ecd54f9d,2024-09-11T16:48:30.000Z,2024-09-11T15:38:31.000Z,0
68261e8a135f2cb0d06b13ef,religion,religion,,,30,done,682328e4b838d475ecd54f9d,2024-09-11T17:56:05.000Z,2024-09-11T16:48:35.000Z,0
68261e8a135f2cb0d06b13f0,religion,religion,,,20,done,682328e4b838d475ecd54f9d,2024-09-11T18:49:17.000Z,2024-09-11T17:09:34.000Z,0
68261e8a135f2cb0d06b13f1,Software Engineering - Fundamentals of Software Architecture,Assignment 1,,,121,done,682328e4b838d475ecd54f91,2024-09-11T18:02:22.000Z,2024-09-11T18:03:00.000Z,0
68261e8a135f2cb0d06b13f2,Software Engineering - Fundamentals of Software Architecture,Assignment 1,,,65,done,682328e4b838d475ecd54f91,2024-09-12T10:47:15.000Z,2024-09-12T08:47:19.000Z,0
68261e8a135f2cb0d06b13f3,Software Engineering - Fundamentals of Software Architecture,Assignment 1,,,110,done,682328e4b838d475ecd54f91,2024-09-12T13:13:48.000Z,2024-09-12T11:13:52.000Z,0
68261e8a135f2cb0d06b13f4,Software Engineering - Fundamentals of Software Architecture,Assignment 1,,,65,done,682328e4b838d475ecd54f91,2024-09-12T16:49:48.000Z,2024-09-12T14:49:51.000Z,0
68261e8a135f2cb0d06b13f5,religion,religion,,,20,done,682328e4b838d475ecd54f9d,2024-09-11T18:49:17.000Z,2024-09-12T14:55:33.000Z,0
68261e8a135f2cb0d06b13f6,fy2,fy2,,,30,done,682328e4b838d475ecd54f9d,2024-09-12T16:56:05.000Z,2024-09-12T15:26:06.000Z,0
68261e8a135f2cb0d06b13f7,Software Engineering - Fundamentals of Software Architecture,Assignment 1,,,120,done,682328e4b838d475ecd54f91,2024-09-12T18:44:42.000Z,2024-09-12T16:44:45.000Z,0
68261e8a135f2cb0d06b13f8,religion,religion,,,50,done,682328e4b838d475ecd54f9d,2024-09-12T17:51:55.000Z,2024-09-12T17:00:14.000Z,0
68261e8a135f2cb0d06b13f9,Sv3,Sv3,,,20,done,682328e4b838d475ecd54f9d,2024-09-12T19:42:47.000Z,2024-09-12T18:07:58.000Z,0
68261e8a135f2cb0d06b13fa,Software Engineering - Fundamentals of Software Architecture,Assignment 1,,,150,done,682328e4b838d475ecd54f91,2024-09-12T21:54:25.000Z,2024-09-12T19:54:40.000Z,0
68261e8a135f2cb0d06b13fb,Software Engineering - Fundamentals of Software Architecture,Assignment 1,,,90,done,682328e4b838d475ecd54f91,2024-09-13T07:54:12.000Z,2024-09-13T05:54:14.000Z,0
68261e8a135f2cb0d06b13fc,Software Engineering - Fundamentals of Software Architecture,Assignment 1,,,70,done,682328e4b838d475ecd54f91,2024-09-13T09:57:08.000Z,2024-09-13T07:57:12.000Z,0
68261e8a135f2cb0d06b13fd,Software Engineering - Fundamentals of Software Architecture,Assignment 1,,,70,done,682328e4b838d475ecd54f91,2024-09-13T14:27:02.000Z,2024-09-13T12:27:05.000Z,0
68261e8a135f2cb0d06b13fe,Sv3,Sv3,,,50,done,682328e4b838d475ecd54f9d,2024-09-14T13:13:19.000Z,2024-09-14T12:04:08.000Z,0
68261e8a135f2cb0d06b13ff,Sv3,Sv3,,,40,done,682328e4b838d475ecd54f9d,2024-09-14T14:06:02.000Z,2024-09-14T12:57:13.000Z,0
68261e8a135f2cb0d06b1400,Sv3,Sv3,,,50,done,682328e4b838d475ecd54f9d,2024-09-14T15:50:49.000Z,2024-09-14T14:50:27.000Z,0
68261e8a135f2cb0d06b1401,Sv3,Sv3,,,15,done,682328e4b838d475ecd54f9d,2024-09-14T16:53:24.000Z,2024-09-14T15:10:55.000Z,0
68261e8a135f2cb0d06b1402,Sv3,Sv3,,,30,done,682328e4b838d475ecd54f9d,2024-09-14T17:47:43.000Z,2024-09-14T18:19:06.000Z,0
68261e8a135f2cb0d06b1403,Sv3,Sv3,,,50,done,682328e4b838d475ecd54f9d,2024-09-14T20:21:45.000Z,2024-09-14T19:18:01.000Z,0
68261e8a135f2cb0d06b1404,Sv3,Sv3,,,25,done,682328e4b838d475ecd54f9d,2024-09-14T21:20:47.000Z,2024-09-14T19:44:52.000Z,0
68261e8a135f2cb0d06b1405,eng7,eng7,,,10,done,682328e4b838d475ecd54f9d,2024-09-14T22:59:38.000Z,2024-09-14T21:11:28.000Z,0
68261e8a135f2cb0d06b1406,eng7,eng7,,,15,done,682328e4b838d475ecd54f9d,2024-09-14T23:13:17.000Z,2024-09-14T21:28:27.000Z,0
68261e8a135f2cb0d06b1407,Software Engineering - Fundamentals of Software Architecture,Reading,,,90,done,682328e4b838d475ecd54f91,2024-09-15T09:53:41.000Z,2024-09-15T07:53:44.000Z,0
68261e8a135f2cb0d06b1408,Sv3,Sv3,,,50,done,682328e4b838d475ecd54f9d,2024-09-15T11:41:46.000Z,2024-09-15T11:13:14.000Z,0
68261e8a135f2cb0d06b1409,Sv3,Sv3,,,40,done,682328e4b838d475ecd54f9d,2024-09-15T13:13:37.000Z,2024-09-15T11:54:06.000Z,0
68261e8a135f2cb0d06b140a,Sv3,Sv3,,,40,done,682328e4b838d475ecd54f9d,2024-09-15T15:18:05.000Z,2024-09-15T13:58:18.000Z,0
68261e8a135f2cb0d06b140b,Sv3,Sv3,,,10,done,682328e4b838d475ecd54f9d,2024-09-15T16:01:14.000Z,2024-09-15T14:13:43.000Z,0
68261e8a135f2cb0d06b140c,eng7,eng7,,,25,done,682328e4b838d475ecd54f9d,2024-09-15T16:19:40.000Z,2024-09-15T15:02:28.000Z,0
68261e8a135f2cb0d06b140d,religion,religion,,,30,done,682328e4b838d475ecd54f9d,2024-09-15T17:24:16.000Z,2024-09-15T15:54:24.000Z,0
68261e8a135f2cb0d06b140e,religion,religion,,,50,done,682328e4b838d475ecd54f9d,2024-09-15T18:23:39.000Z,2024-09-15T18:24:47.000Z,0
68261e8a135f2cb0d06b140f,Software Engineering - WebDev,Milestone1,,,90,done,682328e4b838d475ecd54f91,2024-09-16T15:46:29.000Z,2024-09-16T13:46:34.000Z,0
68261e8a135f2cb0d06b1410,religion,religion,,,30,done,682328e4b838d475ecd54f9d,2024-09-16T18:08:51.000Z,2024-09-16T16:38:55.000Z,0
68261e8a135f2cb0d06b1411,Software Engineering - WebDev,Milestone1,,,300,done,682328e4b838d475ecd54f91,2024-09-16T21:27:03.000Z,2024-09-16T19:27:10.000Z,0
68261e8a135f2cb0d06b1412,Software Engineering - WebDev,Milestone1,,,150,done,682328e4b838d475ecd54f91,2024-09-17T11:11:30.000Z,2024-09-17T09:11:33.000Z,0
68261e8a135f2cb0d06b1413,religion,religion,,,50,done,682328e4b838d475ecd54f9d,2024-09-17T13:29:02.000Z,2024-09-17T12:42:33.000Z,0
68261e8a135f2cb0d06b1414,religion,religion,,,50,done,682328e4b838d475ecd54f9d,2024-09-17T14:43:51.000Z,2024-09-17T13:33:53.000Z,0
68261e8a135f2cb0d06b1415,Software Engineering - WebDev,Milestone1,,,130,done,682328e4b838d475ecd54f91,2024-09-17T16:25:23.000Z,2024-09-17T14:25:27.000Z,0
68261e8a135f2cb0d06b1416,religion,religion,,,30,done,682328e4b838d475ecd54f9d,2024-09-17T18:19:33.000Z,2024-09-17T16:50:00.000Z,0
68261e8a135f2cb0d06b1417,religion,religion,,,5,done,682328e4b838d475ecd54f9d,2024-09-17T18:53:13.000Z,2024-09-17T16:58:14.000Z,0
68261e8a135f2cb0d06b1418,Software Engineering - WebDev,Milestone1,,,150,done,682328e4b838d475ecd54f91,2024-09-17T19:50:25.000Z,2024-09-17T17:50:30.000Z,0
68261e8a135f2cb0d06b1419,eng7,eng7,,,15,done,682328e4b838d475ecd54f9d,2024-09-17T20:02:20.000Z,2024-09-17T18:17:22.000Z,0
68261e8a135f2cb0d06b141a,Biologi 2,Biologi 2,,,30,done,682328e4b838d475ecd54f9d,2024-09-17T20:22:54.000Z,2024-09-17T18:52:55.000Z,0
68261e8a135f2cb0d06b141b,Software Engineering - WebDev,Lectures,,,60,done,682328e4b838d475ecd54f91,2024-09-18T10:26:17.000Z,2024-09-18T08:26:22.000Z,0
68261e8a135f2cb0d06b141c,Biologi 2,Biologi 2,,,30,done,682328e4b838d475ecd54f9d,2024-09-17T20:22:54.000Z,2024-09-18T10:35:45.000Z,0
68261e8a135f2cb0d06b141d,eng7,eng7,,,45,done,682328e4b838d475ecd54f9d,2024-09-18T12:37:45.000Z,2024-09-18T11:25:12.000Z,0
68261e8a135f2cb0d06b141e,Ma4c,Ma4c,,,50,done,682328e4b838d475ecd54f9d,2024-09-18T13:54:34.000Z,2024-09-18T12:45:18.000Z,0
68261e8a135f2cb0d06b141f,Ma4c,Ma4c,,,15,done,682328e4b838d475ecd54f9d,2024-09-18T15:05:35.000Z,2024-09-18T13:38:52.000Z,0
68261e8a135f2cb0d06b1420,religion,religion,,,30,done,682328e4b838d475ecd54f9d,2024-09-18T15:40:09.000Z,2024-09-18T16:49:47.000Z,0
68261e8a135f2cb0d06b1421,Sv3,Sv3,,,20,done,682328e4b838d475ecd54f9d,2024-09-18T18:52:08.000Z,2024-09-18T17:12:29.000Z,0
68261e8a135f2cb0d06b1422,Sv3,Sv3,,,20,done,682328e4b838d475ecd54f9d,2024-09-18T19:28:28.000Z,2024-09-18T19:00:25.000Z,0
68261e8a135f2cb0d06b1423,Software Engineering - WebDev,Milestone1,,,40,done,682328e4b838d475ecd54f91,2024-09-18T21:09:07.000Z,2024-09-18T19:09:10.000Z,0
68261e8a135f2cb0d06b1424,Software Engineering - WebDev,Milestone1,,,160,done,682328e4b838d475ecd54f91,2024-09-18T21:09:26.000Z,2024-09-18T19:09:29.000Z,0
68261e8a135f2cb0d06b1425,Software Engineering - Fundamentals of Software Architecture,Assignment 2,,,55,done,682328e4b838d475ecd54f91,2024-09-19T09:06:19.000Z,2024-09-19T07:06:22.000Z,0
68261e8a135f2cb0d06b1426,fy2,fy2,,,20,done,682328e4b838d475ecd54f9d,2024-09-19T11:54:26.000Z,2024-09-19T10:14:28.000Z,0
68261e8a135f2cb0d06b1427,Software Engineering - Fundamentals of Software Architecture,Assignment 2,,,150,done,682328e4b838d475ecd54f91,2024-09-19T12:59:40.000Z,2024-09-19T10:59:43.000Z,0
68261e8a135f2cb0d06b1428,religion,religion,,,30,done,682328e4b838d475ecd54f9d,2024-09-19T17:15:42.000Z,2024-09-19T16:30:55.000Z,0
68261e8a135f2cb0d06b1429,Software Engineering - Fundamentals of Software Architecture,Assignment 2,,,55,done,682328e4b838d475ecd54f91,2024-09-19T18:51:00.000Z,2024-09-19T16:51:06.000Z,0
68261e8a135f2cb0d06b142a,eng7,eng7,,,20,done,682328e4b838d475ecd54f9d,2024-09-19T18:34:04.000Z,2024-09-19T17:01:34.000Z,0
68261e8a135f2cb0d06b142b,Sv3,Sv3,,,20,done,682328e4b838d475ecd54f9d,2024-09-19T19:17:05.000Z,2024-09-19T17:38:00.000Z,0
68261e8a135f2cb0d06b142c,Software Engineering - Fundamentals of Software Architecture,Assignment 2,,,180,done,682328e4b838d475ecd54f91,2024-09-19T21:49:28.000Z,2024-09-19T19:49:30.000Z,0
68261e8a135f2cb0d06b142d,Software Engineering - Fundamentals of Software Architecture,Assignment 2,,,210,done,682328e4b838d475ecd54f91,2024-09-20T10:30:31.000Z,2024-09-20T08:30:34.000Z,0
68261e8a135f2cb0d06b142e,Software Engineering - Fundamentals of Software Architecture,Assignment 2,,,150,done,682328e4b838d475ecd54f91,2024-09-20T14:56:03.000Z,2024-09-20T12:56:06.000Z,0
68261e8a135f2cb0d06b142f,Biologi 2,Biologi 2,,,50,done,682328e4b838d475ecd54f9d,2024-09-20T14:11:08.000Z,2024-09-20T13:13:25.000Z,0
68261e8a135f2cb0d06b1430,Biologi 2,Biologi 2,,,50,done,682328e4b838d475ecd54f9d,2024-09-20T15:23:39.000Z,2024-09-20T14:21:20.000Z,0
68261e8a135f2cb0d06b1431,Biologi 2,Biologi 2,,,25,done,682328e4b838d475ecd54f9d,2024-09-20T16:25:51.000Z,2024-09-20T14:51:58.000Z,0
68261e8a135f2cb0d06b1432,Biologi 2,Biologi 2,,,24,done,682328e4b838d475ecd54f9d,2024-09-20T16:25:51.000Z,2024-09-21T11:34:33.000Z,0
68261e8a135f2cb0d06b1433,religion,religion,,,50,done,682328e4b838d475ecd54f9d,2024-09-21T13:37:35.000Z,2024-09-21T12:33:17.000Z,0
68261e8a135f2cb0d06b1434,religion,religion,,,10,done,682328e4b838d475ecd54f9d,2024-09-21T14:36:10.000Z,2024-09-21T12:44:18.000Z,0
68261e8a135f2cb0d06b1435,Biologi 2,Biologi 2,,,50,done,682328e4b838d475ecd54f9d,2024-09-21T15:30:45.000Z,2024-09-21T15:16:23.000Z,0
68261e8a135f2cb0d06b1436,Biologi 2,Biologi 2,,,15,done,682328e4b838d475ecd54f9d,2024-09-21T17:20:40.000Z,2024-09-21T15:44:55.000Z,0
68261e8a135f2cb0d06b1437,Biologi 2,Biologi 2,,,10,done,682328e4b838d475ecd54f9d,2024-09-21T17:45:28.000Z,2024-09-21T15:55:56.000Z,0
68261e8a135f2cb0d06b1438,Biologi 2,Biologi 2,,,10,done,682328e4b838d475ecd54f9d,2024-09-21T17:45:28.000Z,2024-09-21T15:56:23.000Z,0
68261e8a135f2cb0d06b1439,Software Engineering - WebDev,Milestone1,,,240,done,682328e4b838d475ecd54f91,2024-09-21T18:04:18.000Z,2024-09-21T16:04:23.000Z,0
68261e8a135f2cb0d06b143a,Software Engineering - WebDev,Milestone1,,,120,done,682328e4b838d475ecd54f91,2024-09-21T20:13:49.000Z,2024-09-21T18:13:53.000Z,0
68261e8a135f2cb0d06b143b,Sv3,Sv3,,,30,done,682328e4b838d475ecd54f9d,2024-09-21T23:19:56.000Z,2024-09-21T21:49:58.000Z,0
68261e8a135f2cb0d06b143c,Sv3,Sv3,,,10,done,682328e4b838d475ecd54f9d,2024-09-21T23:57:49.000Z,2024-09-21T22:07:50.000Z,0
68261e8a135f2cb0d06b143d,Software Engineering - WebDev,Milestone1,,,160,done,682328e4b838d475ecd54f91,2024-09-22T11:37:55.000Z,2024-09-22T09:37:57.000Z,0
68261e8a135f2cb0d06b143e,Sv3,Sv3,,,10,done,682328e4b838d475ecd54f9d,2024-09-21T23:57:49.000Z,2024-09-22T10:33:07.000Z,0
68261e8a135f2cb0d06b143f,Software Engineering - WebDev,Milestone1,,,90,done,682328e4b838d475ecd54f91,2024-09-22T13:37:54.000Z,2024-09-22T11:37:58.000Z,0
68261e8a135f2cb0d06b1440,religion,religion,,,40,done,682328e4b838d475ecd54f9d,2024-09-22T12:34:00.000Z,2024-09-22T11:46:07.000Z,0
68261e8a135f2cb0d06b13aa,eng7,eng7,,,50,done,682328e4b838d475ecd54f9d,2024-09-02T17:38:07.000Z,2024-09-02T16:32:24.000Z,0
68261e8a135f2cb0d06b13ab,eng7,eng7,,,50,done,682328e4b838d475ecd54f9d,2024-09-02T18:34:45.000Z,2024-09-02T17:26:30.000Z,0
68261e8a135f2cb0d06b1443,Ma4c,Ma4c,,,30,done,682328e4b838d475ecd54f9d,2024-09-22T15:21:53.000Z,2024-09-22T13:53:55.000Z,0
68261e8a135f2cb0d06b1444,Software Engineering - WebDev,Milestone1,,,100,done,682328e4b838d475ecd54f91,2024-09-22T17:13:33.000Z,2024-09-22T15:13:41.000Z,0
68261e8a135f2cb0d06b1445,Software Engineering - WebDev,Milestone1,,,85,done,682328e4b838d475ecd54f91,2024-09-22T19:22:00.000Z,2024-09-22T17:22:02.000Z,0
68261e8a135f2cb0d06b1446,religion,religion,,,50,done,682328e4b838d475ecd54f9d,2024-09-22T19:40:03.000Z,2024-09-22T18:38:11.000Z,0
68261e8a135f2cb0d06b1447,religion,religion,,,40,done,682328e4b838d475ecd54f9d,2024-09-22T19:40:03.000Z,2024-09-22T18:48:12.000Z,0
68261e8a135f2cb0d06b1448,religion,religion,,,47,done,682328e4b838d475ecd54f9d,2024-09-22T19:40:03.000Z,2024-09-23T16:10:40.000Z,0
68261e8a135f2cb0d06b1449,Biologi 2,Biologi 2,,,50,done,682328e4b838d475ecd54f9d,2024-09-23T18:49:05.000Z,2024-09-23T17:39:07.000Z,0
68261e8a135f2cb0d06b144a,Biologi 2,Biologi 2,,,10,done,682328e4b838d475ecd54f9d,2024-09-23T20:01:29.000Z,2024-09-23T18:11:31.000Z,0
68261e8a135f2cb0d06b144b,Software Engineering - WebDev,Milestone1,,,520,done,682328e4b838d475ecd54f91,2024-09-23T21:56:02.000Z,2024-09-23T19:56:05.000Z,0
68261e8a135f2cb0d06b144c,Biologi 2,Biologi 2,,,50,done,682328e4b838d475ecd54f9d,2024-09-24T16:40:44.000Z,2024-09-24T15:41:02.000Z,0
68261e8a135f2cb0d06b144d,Biologi 2,Biologi 2,,,50,done,682328e4b838d475ecd54f9d,2024-09-24T18:02:04.000Z,2024-09-24T16:53:29.000Z,0
68261e8a135f2cb0d06b144e,Biologi 2,Biologi 2,,,30,done,682328e4b838d475ecd54f9d,2024-09-24T19:06:39.000Z,2024-09-24T17:36:40.000Z,0
68261e8a135f2cb0d06b144f,Sv3,Sv3,,,20,done,682328e4b838d475ecd54f9d,2024-09-24T19:48:48.000Z,2024-09-24T18:09:18.000Z,0
68261e8a135f2cb0d06b1450,Sv3,Sv3,,,10,done,682328e4b838d475ecd54f9d,2024-09-24T20:10:28.000Z,2024-09-24T18:20:28.000Z,0
68261e8a135f2cb0d06b1451,Sv3,Sv3,,,10,done,682328e4b838d475ecd54f9d,2024-09-24T20:10:28.000Z,2024-09-25T10:12:03.000Z,0
68261e8a135f2cb0d06b1452,Biologi 2,Biologi 2,,,30,done,682328e4b838d475ecd54f9d,2024-09-25T12:14:58.000Z,2024-09-25T10:56:35.000Z,0
68261e8a135f2cb0d06b1453,Biologi 2,Biologi 2,,,50,done,682328e4b838d475ecd54f9d,2024-09-25T14:14:08.000Z,2024-09-25T12:14:12.000Z,0
68261e8a135f2cb0d06b1454,Biologi 2,Biologi 2,,,20,done,682328e4b838d475ecd54f9d,2024-09-25T18:33:55.000Z,2024-09-25T16:56:57.000Z,0
68261e8a135f2cb0d06b1455,eng7,eng7,,,20,done,682328e4b838d475ecd54f9d,2024-09-25T18:59:17.000Z,2024-09-25T17:28:19.000Z,0
68261e8a135f2cb0d06b1456,Biologi 2,Biologi 2,,,10,done,682328e4b838d475ecd54f9d,2024-09-26T05:13:38.000Z,2024-09-26T03:23:29.000Z,0
68261e8a135f2cb0d06b1457,Software Engineering - Fundamentals of Software Architecture,Assignment 3,,,450,done,682328e4b838d475ecd54f91,2024-09-26T17:35:15.000Z,2024-09-26T15:35:18.000Z,0
68261e8a135f2cb0d06b1458,Biologi 2,Biologi 2,,,50,done,682328e4b838d475ecd54f9d,2024-09-26T17:45:12.000Z,2024-09-26T17:57:47.000Z,0
68261e8a135f2cb0d06b1459,Biologi 2,Biologi 2,,,40,done,682328e4b838d475ecd54f9d,2024-09-26T20:24:39.000Z,2024-09-26T19:21:16.000Z,0
68261e8a135f2cb0d06b145a,Software Engineering - WebDev,Milestone2,,,60,done,682328e4b838d475ecd54f91,2024-09-27T10:07:03.000Z,2024-09-27T08:07:07.000Z,0
68261e8a135f2cb0d06b145b,Software Engineering - Fundamentals of Software Architecture,Assignment 3,,,95,done,682328e4b838d475ecd54f91,2024-09-27T10:07:22.000Z,2024-09-27T08:07:24.000Z,0
68261e8a135f2cb0d06b145c,Software Engineering - Fundamentals of Software Architecture,Assignment 3,,,180,done,682328e4b838d475ecd54f91,2024-09-27T15:11:25.000Z,2024-09-27T13:11:27.000Z,0
68261e8a135f2cb0d06b145d,Biologi 2,Biologi 2,,,40,done,682328e4b838d475ecd54f9d,2024-09-26T20:24:39.000Z,2024-09-27T15:44:19.000Z,0
68261e8a135f2cb0d06b145e,Biologi 2,Biologi 2,,,50,done,682328e4b838d475ecd54f9d,2024-09-27T17:57:33.000Z,2024-09-27T17:09:01.000Z,0
68261e8a135f2cb0d06b145f,Biologi 2,Biologi 2,,,50,done,682328e4b838d475ecd54f9d,2024-09-27T19:10:35.000Z,2024-09-27T17:10:39.000Z,0
68261e8a135f2cb0d06b1460,Biologi 2,Biologi 2,,,50,done,682328e4b838d475ecd54f9d,2024-09-27T19:51:54.000Z,2024-09-27T18:45:33.000Z,0
68261e8a135f2cb0d06b1461,Biologi 2,Biologi 2,,,20,done,682328e4b838d475ecd54f9d,2024-09-27T20:47:06.000Z,2024-09-27T19:13:34.000Z,0
68261e8a135f2cb0d06b1462,Sv3,Sv3,,,15,done,682328e4b838d475ecd54f9d,2024-09-27T21:14:32.000Z,2024-09-27T19:29:17.000Z,0
68261e8a135f2cb0d06b1463,Software Engineering - WebDev,Milestone2,,,570,done,682328e4b838d475ecd54f91,2024-09-28T11:03:18.000Z,2024-09-28T09:03:20.000Z,0
68261e8a135f2cb0d06b1464,Sv3,Sv3,,,15,done,682328e4b838d475ecd54f9d,2024-09-27T21:14:32.000Z,2024-09-28T11:21:43.000Z,0
68261e8a135f2cb0d06b1465,Biologi 2,Biologi 2,,,50,done,682328e4b838d475ecd54f9d,2024-09-28T13:22:00.000Z,2024-09-28T13:35:47.000Z,0
68261e8a135f2cb0d06b1466,Biologi 2,Biologi 2,,,50,done,682328e4b838d475ecd54f9d,2024-09-28T15:52:35.000Z,2024-09-28T15:21:07.000Z,0
68261e8a135f2cb0d06b1467,Biologi 2,Biologi 2,,,20,done,682328e4b838d475ecd54f9d,2024-09-28T17:22:09.000Z,2024-09-28T16:30:05.000Z,0
68261e8a135f2cb0d06b1468,Biologi 2,Biologi 2,,,50,done,682328e4b838d475ecd54f9d,2024-09-28T22:15:54.000Z,2024-09-28T22:06:46.000Z,0
68261e8a135f2cb0d06b1469,Biologi 2,Biologi 2,,,50,done,682328e4b838d475ecd54f9d,2024-09-29T00:08:18.000Z,2024-09-28T23:08:04.000Z,0
68261e8a135f2cb0d06b146a,Biologi 2,Biologi 2,,,50,done,682328e4b838d475ecd54f9d,2024-09-29T12:46:54.000Z,2024-09-29T11:37:42.000Z,0
68261e8a135f2cb0d06b146b,Software Engineering - WebDev,Milestone2,,,200,done,682328e4b838d475ecd54f91,2024-09-29T14:07:53.000Z,2024-09-29T12:07:55.000Z,0
68261e8a135f2cb0d06b146c,Software Engineering - WebDev,Milestone2,,,150,done,682328e4b838d475ecd54f91,2024-09-29T14:08:39.000Z,2024-09-29T12:08:41.000Z,0
68261e8a135f2cb0d06b146d,Biologi 2,Biologi 2,,,50,done,682328e4b838d475ecd54f9d,2024-09-29T14:52:36.000Z,2024-09-29T13:55:04.000Z,0
68261e8a135f2cb0d06b146e,Biologi 2,Biologi 2,,,25,done,682328e4b838d475ecd54f9d,2024-09-29T16:42:55.000Z,2024-09-29T15:33:08.000Z,0
68261e8a135f2cb0d06b146f,Software Engineering - WebDev,Milestone2,,,100,done,682328e4b838d475ecd54f91,2024-09-29T18:59:26.000Z,2024-09-29T16:59:28.000Z,0
68261e8a135f2cb0d06b1470,Biologi 2,Biologi 2,,,50,done,682328e4b838d475ecd54f9d,2024-09-29T19:00:59.000Z,2024-09-29T18:27:36.000Z,0
68261e8a135f2cb0d06b1471,Software Engineering - WebDev,Milestone2,,,80,done,682328e4b838d475ecd54f91,2024-09-29T21:54:54.000Z,2024-09-29T19:54:56.000Z,0
68261e8a135f2cb0d06b1472,Biologi 2,Biologi 2,,,28,done,682328e4b838d475ecd54f9d,2024-09-29T21:31:15.000Z,2024-09-29T20:00:03.000Z,0
68261e8a135f2cb0d06b1473,Software Engineering - WebDev,Milestone2,,,400,done,682328e4b838d475ecd54f91,2024-09-30T16:05:22.000Z,2024-09-30T14:05:25.000Z,0
68261e8a135f2cb0d06b1474,Biologi 2,Biologi 2,,,5,done,682328e4b838d475ecd54f9d,2024-09-29T22:05:22.000Z,2024-09-30T15:47:19.000Z,0
68261e8a135f2cb0d06b1475,Sv3,Sv3,,,25,done,682328e4b838d475ecd54f9d,2024-09-30T17:47:34.000Z,2024-09-30T16:16:04.000Z,0
68261e8a135f2cb0d06b1476,mikro,mikro,,,30,done,682328e4b838d475ecd54f9d,2024-09-30T20:36:55.000Z,2024-09-30T18:36:59.000Z,0
68261e8a135f2cb0d06b1477,Biologi 2,Biologi 2,,,30,done,682328e4b838d475ecd54f9d,2024-09-30T20:40:30.000Z,2024-09-30T19:12:08.000Z,0
68261e8a135f2cb0d06b1478,Biologi 2,Biologi 2,,,5,done,682328e4b838d475ecd54f9d,2024-09-30T21:13:35.000Z,2024-09-30T19:24:17.000Z,0
68261e8a135f2cb0d06b1479,Software Engineering - WebDev,Milestone2,,,50,done,682328e4b838d475ecd54f91,2024-10-01T09:07:03.000Z,2024-10-01T07:07:08.000Z,0
68261e8a135f2cb0d06b147a,Biologi 2,Biologi 2,,,50,done,682328e4b838d475ecd54f9d,2024-10-01T20:36:16.000Z,2024-10-01T20:07:25.000Z,0
68261e8a135f2cb0d06b147b,Biologi 2,Biologi 2,,,50,done,682328e4b838d475ecd54f9d,2024-10-01T22:11:59.000Z,2024-10-01T21:28:57.000Z,0
68261e8a135f2cb0d06b147c,Biologi 2,Biologi 2,,,10,done,682328e4b838d475ecd54f9d,2024-10-01T23:34:36.000Z,2024-10-01T21:34:40.000Z,0
68261e8a135f2cb0d06b147d,eng7,eng7,,,10,done,682328e4b838d475ecd54f9d,2024-10-02T14:15:02.000Z,2024-10-02T12:15:19.000Z,0
68261e8a135f2cb0d06b147e,Biologi 2,Biologi 2,,,20,done,682328e4b838d475ecd54f9d,2024-10-02T14:16:13.000Z,2024-10-02T12:17:02.000Z,0
68261e8a135f2cb0d06b147f,Biologi 2,Biologi 2,,,50,done,682328e4b838d475ecd54f9d,2024-10-02T14:35:39.000Z,2024-10-02T14:03:50.000Z,0
68261e8a135f2cb0d06b1480,Biologi 2,Biologi 2,,,50,done,682328e4b838d475ecd54f9d,2024-10-02T16:07:55.000Z,2024-10-02T17:27:50.000Z,0
68261e8a135f2cb0d06b1481,Biologi 2,Biologi 2,,,50,done,682328e4b838d475ecd54f9d,2024-10-02T19:30:07.000Z,2024-10-02T19:40:57.000Z,0
68261e8a135f2cb0d06b1482,Biologi 2,Biologi 2,,,15,done,682328e4b838d475ecd54f9d,2024-10-02T21:43:17.000Z,2024-10-02T19:58:40.000Z,0
68261e8a135f2cb0d06b1483,Biologi 2,Biologi 2,,,50,done,682328e4b838d475ecd54f9d,2024-10-02T22:07:57.000Z,2024-10-02T22:10:54.000Z,0
68261e8a135f2cb0d06b1484,Biologi 2,Biologi 2,,,5,done,682328e4b838d475ecd54f9d,2024-10-03T00:11:02.000Z,2024-10-02T22:16:19.000Z,0
68261e8a135f2cb0d06b1485,Software Engineering - WebDev,Milestone2,,,540,done,682328e4b838d475ecd54f91,2024-10-03T16:22:18.000Z,2024-10-03T14:22:20.000Z,0
68261e8a135f2cb0d06b1486,Biologi 2,Biologi 2,,,25,done,682328e4b838d475ecd54f9d,2024-10-03T15:46:30.000Z,2024-10-03T14:24:59.000Z,0
68261e8a135f2cb0d06b1487,Biologi 2,Biologi 2,,,50,done,682328e4b838d475ecd54f9d,2024-10-03T18:54:05.000Z,2024-10-03T18:51:13.000Z,0
68261e8a135f2cb0d06b1488,Software Engineering - WebDev,Milestone2,,,120,done,682328e4b838d475ecd54f91,2024-10-03T21:54:10.000Z,2024-10-03T19:54:12.000Z,0
68261e8a135f2cb0d06b1489,Biologi 2,Biologi 2,,,35,done,682328e4b838d475ecd54f9d,2024-10-03T21:10:47.000Z,2024-10-03T19:57:14.000Z,0
68261e8a135f2cb0d06b148a,Biologi 2,Biologi 2,,,45,done,682328e4b838d475ecd54f9d,2024-10-03T22:08:17.000Z,2024-10-03T20:57:47.000Z,0
68261e8a135f2cb0d06b148b,Software Engineering - WebDev,Milestone2,,,180,done,682328e4b838d475ecd54f91,2024-10-04T18:38:00.000Z,2024-10-04T16:38:03.000Z,0
68261e8a135f2cb0d06b148c,Web Development,webshop,,,90,done,682328e4b838d475ecd54f91,2024-10-05T07:30:51.000Z,2024-10-05T05:30:54.000Z,0
68261e8a135f2cb0d06b148d,Biologi 2,Biologi 2,,,44,done,682328e4b838d475ecd54f9d,2024-10-03T22:08:17.000Z,2024-10-05T12:38:36.000Z,0
68261e8a135f2cb0d06b148e,Software Engineering - Fundamentals of Software Architecture,Assignment 4,,,500,done,682328e4b838d475ecd54f91,2024-10-05T15:49:39.000Z,2024-10-05T13:49:41.000Z,0
68261e8a135f2cb0d06b148f,Sv3,Sv3,,,50,done,682328e4b838d475ecd54f9d,2024-10-05T14:40:24.000Z,2024-10-05T14:16:53.000Z,0
68261e8a135f2cb0d06b1490,Sv3,Sv3,,,50,done,682328e4b838d475ecd54f9d,2024-10-05T16:17:18.000Z,2024-10-05T15:39:00.000Z,0
68261e8a135f2cb0d06b1491,Software Engineering - Fundamentals of Software Architecture,Assignemnt 4,,,100,done,682328e4b838d475ecd54f91,2024-10-05T20:14:12.000Z,2024-10-05T18:14:15.000Z,0
68261e8a135f2cb0d06b1492,Sv3,Sv3,,,30,done,682328e4b838d475ecd54f9d,2024-10-05T19:58:05.000Z,2024-10-05T18:41:33.000Z,0
68261e8a135f2cb0d06b1493,eng7,eng7,,,45,done,682328e4b838d475ecd54f9d,2024-10-05T21:04:15.000Z,2024-10-05T19:55:20.000Z,0
68261e8a135f2cb0d06b1494,eng7,eng7,,,50,done,682328e4b838d475ecd54f9d,2024-10-05T22:21:15.000Z,2024-10-06T11:12:02.000Z,0
68261e8a135f2cb0d06b1495,Software Engineering - Fundamentals of Software Architecture,Assignment 4,,,360,done,682328e4b838d475ecd54f91,2024-10-06T14:23:26.000Z,2024-10-06T12:23:29.000Z,0
68261e8a135f2cb0d06b1496,religion,religion,,,50,done,682328e4b838d475ecd54f9d,2024-10-06T13:12:19.000Z,2024-10-06T13:06:20.000Z,0
68261e8a135f2cb0d06b1497,religion,religion,,,50,done,682328e4b838d475ecd54f9d,2024-10-06T15:07:10.000Z,2024-10-06T14:24:27.000Z,0
68261e8a135f2cb0d06b1498,religion,religion,,,5,done,682328e4b838d475ecd54f9d,2024-10-06T16:25:02.000Z,2024-10-06T14:30:04.000Z,0
68261e8a135f2cb0d06b1499,eng7,eng7,,,30,done,682328e4b838d475ecd54f9d,2024-10-06T16:46:26.000Z,2024-10-06T15:24:04.000Z,0
68261e8a135f2cb0d06b149a,Software Engineering - Fundamentals of Software Architecture,Assignment 4,,,350,done,682328e4b838d475ecd54f91,2024-10-06T20:49:16.000Z,2024-10-06T18:49:20.000Z,0
68261e8a135f2cb0d06b149b,Sv3,Sv3,,,30,done,682328e4b838d475ecd54f9d,2024-10-06T20:04:29.000Z,2024-10-06T18:50:23.000Z,0
68261e8a135f2cb0d06b149c,Software Engineering - Fundamentals of Software Architecture,Assignment 4,,,720,done,682328e4b838d475ecd54f91,2024-10-07T20:59:24.000Z,2024-10-07T18:59:28.000Z,0
68261e8a135f2cb0d06b149d,GA,GA,,,50,done,682328e4b838d475ecd54f9d,2024-10-07T20:31:09.000Z,2024-10-07T19:44:15.000Z,0
68261e8a135f2cb0d06b149e,GA,GA,,,20,done,682328e4b838d475ecd54f9d,2024-10-07T21:44:38.000Z,2024-10-07T19:44:45.000Z,0
68261e8a135f2cb0d06b149f,GA,GA,,,10,done,682328e4b838d475ecd54f9d,2024-10-07T21:59:39.000Z,2024-10-07T19:59:41.000Z,0
68261e8a135f2cb0d06b14a0,GA,GA,,,40,done,682328e4b838d475ecd54f9d,2024-10-07T21:59:39.000Z,2024-10-08T15:06:47.000Z,0
68261e8a135f2cb0d06b14a1,eng7,eng7,,,50,done,682328e4b838d475ecd54f9d,2024-10-08T17:07:21.000Z,2024-10-08T16:59:52.000Z,0
68261e8a135f2cb0d06b14a2,eng7,eng7,,,25,done,682328e4b838d475ecd54f9d,2024-10-08T19:18:33.000Z,2024-10-08T17:43:34.000Z,0
68261e8a135f2cb0d06b14a3,GA,GA,,,20,done,682328e4b838d475ecd54f9d,2024-10-08T19:46:55.000Z,2024-10-08T18:07:57.000Z,0
68261e8a135f2cb0d06b14a4,Software Engineering - Fundamentals of Software Architecture,Assignment 4,,,180,done,682328e4b838d475ecd54f91,2024-10-09T08:51:53.000Z,2024-10-09T06:51:58.000Z,0
68261e8a135f2cb0d06b14a5,GA,GA,,,40,done,682328e4b838d475ecd54f9d,2024-10-08T20:14:46.000Z,2024-10-09T14:46:29.000Z,0
68261e8a135f2cb0d06b14a6,mikro,mikro,,,30,done,682328e4b838d475ecd54f9d,2024-10-09T16:47:23.000Z,2024-10-09T15:19:08.000Z,0
68261e8a135f2cb0d06b14a7,mikro,mikro,,,30,done,682328e4b838d475ecd54f9d,2024-10-09T17:59:51.000Z,2024-10-09T16:53:33.000Z,0
68261e8a135f2cb0d06b14a8,Ma4c,Ma4c,,,50,done,682328e4b838d475ecd54f9d,2024-10-09T19:04:44.000Z,2024-10-09T17:57:50.000Z,0
68261e8a135f2cb0d06b14a9,Software Engineering - WebDev,Milestone3,,,240,done,682328e4b838d475ecd54f91,2024-10-09T21:43:27.000Z,2024-10-09T19:43:36.000Z,0
68261e8a135f2cb0d06b14aa,Software Engineering - WebDev,Milestone3,,,190,done,682328e4b838d475ecd54f91,2024-10-10T10:41:06.000Z,2024-10-10T08:41:09.000Z,0
68261e8a135f2cb0d06b14ab,Ma4c,Ma4c,,,50,done,682328e4b838d475ecd54f9d,2024-10-09T19:04:44.000Z,2024-10-10T15:26:57.000Z,0
68261e8a135f2cb0d06b14ac,Ma4c,Ma4c,,,50,done,682328e4b838d475ecd54f9d,2024-10-10T17:33:31.000Z,2024-10-10T16:43:13.000Z,0
68261e8a135f2cb0d06b14ad,Ma4c,Ma4c,,,15,done,682328e4b838d475ecd54f9d,2024-10-10T18:44:16.000Z,2024-10-10T16:57:08.000Z,0
68261e8a135f2cb0d06b14ae,Sv3,Sv3,,,30,done,682328e4b838d475ecd54f9d,2024-10-10T19:56:52.000Z,2024-10-10T18:27:19.000Z,0
68261e8a135f2cb0d06b14af,Software Engineering - WebDev,Milestone3,,,180,done,682328e4b838d475ecd54f91,2024-10-11T16:37:15.000Z,2024-10-11T14:37:17.000Z,0
68261e8a135f2cb0d06b14b0,Software Engineering - WebDev,Milestone3,,,100,done,682328e4b838d475ecd54f91,2024-10-11T19:19:50.000Z,2024-10-11T17:19:57.000Z,0
68261e8a135f2cb0d06b14b1,religion,religion,,,50,done,682328e4b838d475ecd54f9d,2024-10-11T19:19:01.000Z,2024-10-11T18:19:38.000Z,0
68261e8a135f2cb0d06b14b2,religion,religion,,,10,done,682328e4b838d475ecd54f9d,2024-10-11T20:20:07.000Z,2024-10-11T18:30:27.000Z,0
68261e8a135f2cb0d06b14b3,Software Engineering - WebDev,Milestone3,,,130,done,682328e4b838d475ecd54f91,2024-10-11T21:49:37.000Z,2024-10-11T19:49:40.000Z,0
68261e8a135f2cb0d06b14b4,Software Engineering - WebDev,Milestone3,,,180,done,682328e4b838d475ecd54f91,2024-10-12T11:53:56.000Z,2024-10-12T09:53:59.000Z,0
68261e8a135f2cb0d06b14b5,religion,religion,,,10,done,682328e4b838d475ecd54f9d,2024-10-11T20:20:07.000Z,2024-10-12T17:21:34.000Z,0
68261e8a135f2cb0d06b14b6,Software Engineering - Fundamentals of Software Architecture,Assignment 5,,,120,done,682328e4b838d475ecd54f91,2024-10-12T19:38:20.000Z,2024-10-12T17:38:24.000Z,0
68261e8a135f2cb0d06b14b7,Sv3,Sv3,,,50,done,682328e4b838d475ecd54f9d,2024-10-12T19:22:37.000Z,2024-10-12T18:44:07.000Z,0
68261e8a135f2cb0d06b14b8,Software Engineering - Fundamentals of Software Architecture,Assignment 5,,,120,done,682328e4b838d475ecd54f91,2024-10-12T21:33:33.000Z,2024-10-12T19:33:38.000Z,0
68261e8a135f2cb0d06b14b9,Sv3,Sv3,,,45,done,682328e4b838d475ecd54f9d,2024-10-12T21:11:36.000Z,2024-10-12T19:56:08.000Z,0
68261e8a135f2cb0d06b14ba,Sv3,Sv3,,,30,done,682328e4b838d475ecd54f9d,2024-10-12T22:08:02.000Z,2024-10-12T22:13:55.000Z,0
68261e8a135f2cb0d06b14bb,Sv3,Sv3,,,50,done,682328e4b838d475ecd54f9d,2024-10-13T14:30:32.000Z,2024-10-13T13:21:08.000Z,0
68261e8a135f2cb0d06b14bc,Sv3,Sv3,,,25,done,682328e4b838d475ecd54f9d,2024-10-13T16:27:44.000Z,2024-10-13T15:17:28.000Z,0
68261e8a135f2cb0d06b14bd,Ma4c,Ma4c,,,50,done,682328e4b838d475ecd54f9d,2024-10-13T17:29:39.000Z,2024-10-13T16:58:44.000Z,0
68261e8a135f2cb0d06b14be,mikro,mikro,,,50,done,682328e4b838d475ecd54f9d,2024-10-13T20:38:05.000Z,2024-10-13T19:35:23.000Z,0
68261e8a135f2cb0d06b14bf,Software Engineering - Fundamentals of Software Architecture,Assignment 5,,,750,done,682328e4b838d475ecd54f91,2024-10-14T21:43:43.000Z,2024-10-14T19:43:46.000Z,0
68261e8a135f2cb0d06b14c0,Software Engineering - Fundamentals of Software Architecture,Assignment 5,,,90,done,682328e4b838d475ecd54f91,2024-10-14T23:06:18.000Z,2024-10-14T21:06:20.000Z,0
68261e8a135f2cb0d06b14c1,mikro,mikro,,,50,done,682328e4b838d475ecd54f9d,2024-10-13T20:38:05.000Z,2024-10-15T01:37:43.000Z,0
68261e8a135f2cb0d06b14c2,Sv3,Sv3,,,50,done,682328e4b838d475ecd54f9d,2024-10-15T03:38:17.000Z,2024-10-15T02:34:52.000Z,0
68261e8a135f2cb0d06b14c3,Sv3,Sv3,,,15,done,682328e4b838d475ecd54f9d,2024-10-15T04:42:09.000Z,2024-10-15T02:42:20.000Z,0
68261e8a135f2cb0d06b14c4,mikro,mikro,,,50,done,682328e4b838d475ecd54f9d,2024-10-15T05:07:59.000Z,2024-10-15T16:10:31.000Z,0
68261e8a135f2cb0d06b14c5,mikro,mikro,,,50,done,682328e4b838d475ecd54f9d,2024-10-15T18:28:00.000Z,2024-10-15T17:22:22.000Z,0
68261e8a135f2cb0d06b14c6,mikro,mikro,,,30,done,682328e4b838d475ecd54f9d,2024-10-15T19:23:16.000Z,2024-10-15T17:55:41.000Z,0
68261e8a135f2cb0d06b14c7,Sv3,Sv3,,,50,done,682328e4b838d475ecd54f9d,2024-10-16T17:50:33.000Z,2024-10-16T17:25:08.000Z,0
68261e8a135f2cb0d06b14c8,Sv3,Sv3,,,35,done,682328e4b838d475ecd54f9d,2024-10-16T19:26:52.000Z,2024-10-16T19:22:32.000Z,0
68261e8a135f2cb0d06b14c9,Software Engineering - Fundamentals of Software Architecture,Assignment 5,,,600,done,682328e4b838d475ecd54f91,2024-10-17T08:29:25.000Z,2024-10-17T06:29:28.000Z,0
68261e8a135f2cb0d06b14ca,Software Engineering - WebDev,Milestone3,,,300,done,682328e4b838d475ecd54f91,2024-10-17T08:31:15.000Z,2024-10-17T06:31:17.000Z,0
68261e8a135f2cb0d06b14cb,Sv3,Sv3,,,35,done,682328e4b838d475ecd54f9d,2024-10-16T19:26:52.000Z,2024-10-17T15:31:35.000Z,0
68261e8a135f2cb0d06b14cc,Sv3,Sv3,,,50,done,682328e4b838d475ecd54f9d,2024-10-17T17:47:32.000Z,2024-10-17T18:08:51.000Z,0
68261e8a135f2cb0d06b14cd,fy2,fy2,,,15,done,682328e4b838d475ecd54f9d,2024-10-17T20:32:35.000Z,2024-10-17T19:28:25.000Z,0
68261e8a135f2cb0d06b14ce,Software Engineering - WebDev,Milestone3,,,420,done,682328e4b838d475ecd54f91,2024-10-17T21:38:42.000Z,2024-10-17T19:38:50.000Z,0
68261e8a135f2cb0d06b14cf,Software Engineering - WebDev,Milestone3,,,60,done,682328e4b838d475ecd54f91,2024-10-18T00:05:01.000Z,2024-10-17T22:05:03.000Z,0
68261e8a135f2cb0d06b14d0,mikro,mikro,,,50,done,682328e4b838d475ecd54f9d,2024-10-19T13:11:59.000Z,2024-10-19T12:41:17.000Z,0
68261e8a135f2cb0d06b14d1,mikro,mikro,,,50,done,682328e4b838d475ecd54f9d,2024-10-19T14:47:49.000Z,2024-10-19T13:39:07.000Z,0
68261e8a135f2cb0d06b14d2,mikro,mikro,,,50,done,682328e4b838d475ecd54f9d,2024-10-19T16:09:50.000Z,2024-10-19T15:59:00.000Z,0
68261e8a135f2cb0d06b14d3,mikro,mikro,,,50,done,682328e4b838d475ecd54f9d,2024-10-19T19:32:28.000Z,2024-10-19T18:59:00.000Z,0
68261e8a135f2cb0d06b14d4,mikro,mikro,,,40,done,682328e4b838d475ecd54f9d,2024-10-19T21:04:07.000Z,2024-10-19T19:54:23.000Z,0
68261e8a135f2cb0d06b14d5,Software Engineering - WebDev,Milestone3,,,750,done,682328e4b838d475ecd54f91,2024-10-19T09:00:01.000Z,2024-10-19T20:00:03.000Z,0
68261e8a135f2cb0d06b14d6,Software Engineering - WebDev,Milestone3,,,120,done,682328e4b838d475ecd54f91,2024-10-19T22:02:48.000Z,2024-10-19T20:02:51.000Z,0
68261e8a135f2cb0d06b14d7,mikro,mikro,,,40,done,682328e4b838d475ecd54f9d,2024-10-19T22:01:53.000Z,2024-10-19T21:45:43.000Z,0
68261e8a135f2cb0d06b14d8,Software Engineering - WebDev,Milestone3,,,270,done,682328e4b838d475ecd54f91,2024-10-20T10:55:41.000Z,2024-10-20T08:55:45.000Z,0
68261e8a135f2cb0d06b14d9,Ma4c,Ma4c,,,50,done,682328e4b838d475ecd54f9d,2024-10-20T14:20:53.000Z,2024-10-20T14:13:58.000Z,0
68261e8a135f2cb0d06b14da,Software Engineering - WebDev,Milestone3,,,450,done,682328e4b838d475ecd54f91,2024-10-20T21:14:05.000Z,2024-10-20T19:14:06.000Z,0
68261e8a135f2cb0d06b14db,religion,religion,,,50,done,682328e4b838d475ecd54f9d,2024-10-20T16:20:59.000Z,2024-10-20T21:43:56.000Z,0
68261e8a135f2cb0d06b1441,eng7,eng7,,,20,done,682328e4b838d475ecd54f9d,2024-09-22T13:51:24.000Z,2024-09-22T12:22:27.000Z,0
68261e8a135f2cb0d06b1442,Ma4c,Ma4c,,,30,done,682328e4b838d475ecd54f9d,2024-09-22T14:34:05.000Z,2024-09-22T13:21:06.000Z,0
68261e8a135f2cb0d06b14de,religion,religion,,,13,done,682328e4b838d475ecd54f9d,2024-10-21T20:29:58.000Z,2024-10-21T18:42:45.000Z,0
68261e8a135f2cb0d06b14df,religion,religion,,,13,done,682328e4b838d475ecd54f9d,2024-10-21T20:29:58.000Z,2024-10-21T18:42:51.000Z,0
68261e8a135f2cb0d06b14e0,religion,religion,,,15,done,682328e4b838d475ecd54f9d,2024-10-21T20:43:20.000Z,2024-10-21T18:43:36.000Z,0
68261e8a135f2cb0d06b14e1,Software Engineering - WebDev,Milestone3,,,600,done,682328e4b838d475ecd54f91,2024-10-22T06:28:26.000Z,2024-10-22T04:28:28.000Z,0
68261e8a135f2cb0d06b14e2,religion,religion,,,40,done,682328e4b838d475ecd54f9d,2024-10-21T20:43:20.000Z,2024-10-22T15:47:08.000Z,0
68261e8a135f2cb0d06b14e3,Biologi 2,Biologi 2,,,50,done,682328e4b838d475ecd54f9d,2024-10-22T17:56:35.000Z,2024-10-22T17:51:22.000Z,0
68261e8a135f2cb0d06b14e4,Biologi 2,Biologi 2,,,10,done,682328e4b838d475ecd54f9d,2024-10-22T20:01:11.000Z,2024-10-22T18:01:15.000Z,0
68261e8a135f2cb0d06b14e5,religion,religion,,,20,done,682328e4b838d475ecd54f9d,2024-10-22T20:20:33.000Z,2024-10-22T18:54:47.000Z,0
68261e8a135f2cb0d06b14e6,Biologi 2,Biologi 2,,,60,done,682328e4b838d475ecd54f9d,2024-10-23T14:33:30.000Z,2024-10-23T14:03:17.000Z,0
68261e8a135f2cb0d06b14e7,GA,GA,,,50,done,682328e4b838d475ecd54f9d,2024-10-23T18:24:32.000Z,2024-10-23T17:15:38.000Z,0
68261e8a135f2cb0d06b14e8,GA,GA,,,30,done,682328e4b838d475ecd54f9d,2024-10-23T19:21:55.000Z,2024-10-23T17:51:29.000Z,0
68261e8a135f2cb0d06b14e9,mikro,mikro,,,30,done,682328e4b838d475ecd54f9d,2024-10-23T20:04:16.000Z,2024-10-23T18:50:02.000Z,0
68261e8a135f2cb0d06b14ea,Software Engineering - WebDev,Deployment,,,180,done,682328e4b838d475ecd54f91,2024-10-24T09:21:50.000Z,2024-10-24T07:21:53.000Z,0
68261e8a135f2cb0d06b14eb,Web Development,webshop,,,180,done,682328e4b838d475ecd54f91,2024-10-24T09:22:47.000Z,2024-10-24T07:22:51.000Z,0
68261e8a135f2cb0d06b14ec,webDev,Exam,,,30,done,682328e4b838d475ecd54fa0,2024-10-24T10:13:52.000Z,2024-10-24T08:43:52.000Z,0
68261e8a135f2cb0d06b14ed,Software Engineering - WebDev,Exam Preparation,,,90,done,682328e4b838d475ecd54f91,2024-10-24T10:48:17.000Z,2024-10-24T08:48:21.000Z,0
68261e8a135f2cb0d06b14ee,webDev,Exam,,,31,done,682328e4b838d475ecd54fa0,2024-10-24T10:48:16.000Z,2024-10-24T09:19:17.000Z,0
68261e8a135f2cb0d06b14ef,Software Engineering - WebDev,Exam Preparation,,,90,done,682328e4b838d475ecd54f91,2024-10-24T13:35:22.000Z,2024-10-24T11:35:27.000Z,0
68261e8a135f2cb0d06b14f0,Software Engineering - WebDev,Exam Preparation,,,190,done,682328e4b838d475ecd54f91,2024-10-24T17:28:49.000Z,2024-10-24T15:28:53.000Z,0
68261e8a135f2cb0d06b14f1,mikro,mikro,,,30,done,682328e4b838d475ecd54f9d,2024-10-23T20:04:16.000Z,2024-10-24T16:48:34.000Z,0
68261e8a135f2cb0d06b14f2,mikro,mikro,,,50,done,682328e4b838d475ecd54f9d,2024-10-24T18:55:40.000Z,2024-10-24T17:55:54.000Z,0
68261e8a135f2cb0d06b14f3,Software Engineering - WebDev,Exam Preparation,,,110,done,682328e4b838d475ecd54f91,2024-10-24T20:07:58.000Z,2024-10-24T18:08:02.000Z,0
68261e8a135f2cb0d06b14f4,mikro,mikro,,,50,done,682328e4b838d475ecd54f9d,2024-10-24T19:56:09.000Z,2024-10-24T18:47:17.000Z,0
68261e8a135f2cb0d06b14f5,mikro,mikro,,,40,done,682328e4b838d475ecd54f9d,2024-10-24T21:09:17.000Z,2024-10-24T19:48:54.000Z,0
68261e8a135f2cb0d06b14f6,mikro,mikro,,,15,done,682328e4b838d475ecd54f9d,2024-10-24T22:18:40.000Z,2024-10-24T20:18:55.000Z,0
68261e8a135f2cb0d06b14f7,Software Engineering - WebDev,Exam Preparation,,,150,done,682328e4b838d475ecd54f91,2024-10-25T14:03:13.000Z,2024-10-25T12:03:16.000Z,0
68261e8a135f2cb0d06b14f8,Software Engineering - WebDev,Exam Preparation,,,270,done,682328e4b838d475ecd54f91,2024-10-25T20:08:28.000Z,2024-10-25T18:08:32.000Z,0
68261e8a135f2cb0d06b14f9,Software Engineering - WebDev,Exam Preparation,,,102,done,682328e4b838d475ecd54f91,2024-10-26T08:57:30.000Z,2024-10-26T08:39:39.000Z,0
68261e8a135f2cb0d06b14fa,Software Engineering - WebDev,Exam Preparation,,,90,done,682328e4b838d475ecd54f91,2024-10-26T12:48:07.000Z,2024-10-26T10:48:14.000Z,0
68261e8a135f2cb0d06b14fb,Software Engineering - WebDev,Exam Preparation,,,20,done,682328e4b838d475ecd54f91,2024-10-26T13:07:22.000Z,2024-10-26T11:07:25.000Z,0
68261e8a135f2cb0d06b14fc,Software Engineering - WebDev,Exam Preparation,,,75,done,682328e4b838d475ecd54f91,2024-10-26T14:45:22.000Z,2024-10-26T12:45:23.000Z,0
68261e8a135f2cb0d06b14fd,Software Engineering - WebDev,Exam Preparation,,,60,done,682328e4b838d475ecd54f91,2024-10-26T17:20:44.000Z,2024-10-26T15:20:48.000Z,0
68261e8a135f2cb0d06b14fe,Software Engineering - WebDev,Exam Preparation,,,140,done,682328e4b838d475ecd54f91,2024-10-26T19:48:03.000Z,2024-10-26T17:48:07.000Z,0
68261e8a135f2cb0d06b14ff,mikro,mikro,,,50,done,682328e4b838d475ecd54f9d,2024-10-28T15:15:55.000Z,2024-10-28T15:40:37.000Z,0
68261e8a135f2cb0d06b1500,mikro,mikro,,,50,done,682328e4b838d475ecd54f9d,2024-10-28T18:25:43.000Z,2024-10-28T19:25:45.000Z,0
68261e8a135f2cb0d06b1501,mikro,mikro,,,50,done,682328e4b838d475ecd54f9d,2024-10-28T20:27:59.000Z,2024-10-28T20:42:22.000Z,0
68261e8a135f2cb0d06b1502,mikro,mikro,,,10,done,682328e4b838d475ecd54f9d,2024-10-28T21:47:01.000Z,2024-10-28T20:57:11.000Z,0
68261e8a135f2cb0d06b1503,Software Engineering - WebDev,Exam Preparation,,,60,done,682328e4b838d475ecd54f91,2024-10-29T09:53:48.000Z,2024-10-29T08:53:51.000Z,0
68261e8a135f2cb0d06b1504,Software Engineering - Fundamentals of Software Architecture,Exam Preparation,,,210,done,682328e4b838d475ecd54f91,2024-10-29T09:54:09.000Z,2024-10-29T08:54:12.000Z,0
68261e8a135f2cb0d06b1505,mikro,mikro,,,10,done,682328e4b838d475ecd54f9d,2024-10-28T21:47:01.000Z,2024-10-29T11:04:35.000Z,0
68261e8a135f2cb0d06b1506,mikro,mikro,,,10,done,682328e4b838d475ecd54f9d,2024-10-28T21:47:01.000Z,2024-10-29T11:04:50.000Z,0
68261e8a135f2cb0d06b1507,mikro,mikro,,,50,done,682328e4b838d475ecd54f9d,2024-10-29T12:09:49.000Z,2024-10-29T12:04:39.000Z,0
68261e8a135f2cb0d06b1508,Software Engineering - Fundamentals of Software Architecture,Exam Preparation,,,120,done,682328e4b838d475ecd54f91,2024-10-29T13:12:04.000Z,2024-10-29T12:12:09.000Z,0
68261e8a135f2cb0d06b1509,mikro,mikro,,,15,done,682328e4b838d475ecd54f9d,2024-10-29T13:18:56.000Z,2024-10-29T12:44:48.000Z,0
68261e8a135f2cb0d06b150a,Software Engineering - Fundamentals of Software Architecture,Exam Preparation,,,60,done,682328e4b838d475ecd54f91,2024-10-29T19:23:03.000Z,2024-10-29T18:23:05.000Z,0
68261e8a135f2cb0d06b150b,mikro,mikro,,,40,done,682328e4b838d475ecd54f9d,2024-10-29T20:20:13.000Z,2024-10-29T20:42:28.000Z,0
68261e8a135f2cb0d06b150c,mikro,mikro,,,50,done,682328e4b838d475ecd54f9d,2024-10-29T21:49:31.000Z,2024-10-29T21:55:49.000Z,0
68261e8a135f2cb0d06b150d,mikro,mikro,,,50,done,682328e4b838d475ecd54f9d,2024-10-29T21:49:31.000Z,2024-10-29T22:01:10.000Z,0
68261e8a135f2cb0d06b150e,mikro,mikro,,,15,done,682328e4b838d475ecd54f9d,2024-10-29T23:01:25.000Z,2024-10-29T22:16:04.000Z,0
68261e8a135f2cb0d06b150f,religion,religion,,,50,done,682328e4b838d475ecd54f9d,2024-10-29T23:29:57.000Z,2024-10-29T23:20:24.000Z,0
68261e8a135f2cb0d06b1510,religion,religion,,,20,done,682328e4b838d475ecd54f9d,2024-10-30T00:48:00.000Z,2024-10-30T00:08:01.000Z,0
68261e8a135f2cb0d06b1511,Software Engineering - Fundamentals of Software Architecture,Exam Preparation,,,60,done,682328e4b838d475ecd54f91,2024-10-30T04:58:55.000Z,2024-10-30T03:58:58.000Z,0
68261e8a135f2cb0d06b1512,Software Engineering - Fundamentals of Software Architecture,Exam Preparation,,,95,done,682328e4b838d475ecd54f91,2024-10-30T06:37:00.000Z,2024-10-30T05:37:03.000Z,0
68261e8a135f2cb0d06b1513,religion,religion,,,20,done,682328e4b838d475ecd54f9d,2024-10-30T00:48:00.000Z,2024-10-30T12:29:25.000Z,0
68261e8a135f2cb0d06b1514,Software Engineering - Fundamentals of Software Architecture,Exam Preparation,,,60,done,682328e4b838d475ecd54f91,2024-10-30T15:39:49.000Z,2024-10-30T14:39:53.000Z,0
68261e8a135f2cb0d06b1515,Software Engineering - Fundamentals of Software Architecture,Exam Preparation,,,90,done,682328e4b838d475ecd54f91,2024-10-30T17:44:37.000Z,2024-10-30T16:44:43.000Z,0
68261e8a135f2cb0d06b1516,mikro,mikro,,,35,done,682328e4b838d475ecd54f9d,2024-10-30T14:11:39.000Z,2024-10-30T18:41:36.000Z,0
68261e8a135f2cb0d06b1517,mikro,mikro,,,50,done,682328e4b838d475ecd54f9d,2024-10-30T19:50:25.000Z,2024-10-30T19:40:36.000Z,0
68261e8a135f2cb0d06b1518,Software Engineering - Fundamentals of Software Architecture,Exam Preparation,,,60,done,682328e4b838d475ecd54f91,2024-10-30T21:33:57.000Z,2024-10-30T20:34:00.000Z,0
68261e8a135f2cb0d06b1519,mikro,mikro,,,50,done,682328e4b838d475ecd54f9d,2024-10-30T21:24:39.000Z,2024-10-30T21:15:09.000Z,0
68261e8a135f2cb0d06b151a,mikro,mikro,,,25,done,682328e4b838d475ecd54f9d,2024-10-30T22:31:36.000Z,2024-10-30T21:56:38.000Z,0
68261e8a135f2cb0d06b151b,Software Engineering - Fundamentals of Software Architecture,Exam Preparation,,,60,done,682328e4b838d475ecd54f91,2024-10-30T22:58:43.000Z,2024-10-30T21:58:45.000Z,0
68261e8a135f2cb0d06b151c,mikro,mikro,,,25,done,682328e4b838d475ecd54f9d,2024-10-30T23:02:23.000Z,2024-10-30T22:27:36.000Z,0
68261e8a135f2cb0d06b151d,religion,religion,,,30,done,682328e4b838d475ecd54f9d,2024-10-31T00:22:07.000Z,2024-10-30T23:52:33.000Z,0
68261e8a135f2cb0d06b151e,Software Engineering - Fundamentals of Software Architecture,Exam Preparation,,,100,done,682328e4b838d475ecd54f91,2024-10-31T13:25:36.000Z,2024-10-31T12:25:39.000Z,0
68261e8a135f2cb0d06b151f,religion,religion,,,30,done,682328e4b838d475ecd54f9d,2024-10-31T00:22:07.000Z,2024-10-31T13:47:39.000Z,0
68261e8a135f2cb0d06b1520,mikro,mikro,,,50,done,682328e4b838d475ecd54f9d,2024-10-31T14:52:40.000Z,2024-10-31T14:48:29.000Z,0
68261e8a135f2cb0d06b1521,Software Engineering - Fundamentals of Software Architecture,Exam Preparation,,,100,done,682328e4b838d475ecd54f91,2024-10-31T16:16:40.000Z,2024-10-31T15:16:43.000Z,0
68261e8a135f2cb0d06b1522,mikro,mikro,,,50,done,682328e4b838d475ecd54f9d,2024-10-31T15:57:23.000Z,2024-10-31T15:47:24.000Z,0
68261e8a135f2cb0d06b1523,Software Engineering - Fundamentals of Software Architecture,Exam Preparation,,,65,done,682328e4b838d475ecd54f91,2024-10-31T17:46:53.000Z,2024-10-31T16:46:57.000Z,0
68261e8a135f2cb0d06b1524,mikro,mikro,,,50,done,682328e4b838d475ecd54f9d,2024-10-31T17:00:14.000Z,2024-10-31T16:50:15.000Z,0
68261e8a135f2cb0d06b1525,Software Engineering - Fundamentals of Software Architecture,Exam Preparation,,,120,done,682328e4b838d475ecd54f91,2024-10-31T20:36:32.000Z,2024-10-31T19:36:34.000Z,0
68261e8a135f2cb0d06b1526,mikro,mikro,,,5,done,682328e4b838d475ecd54f9d,2024-10-31T20:32:54.000Z,2024-10-31T22:15:52.000Z,0
68261e8a135f2cb0d06b1527,mikro,mikro,,,20,done,682328e4b838d475ecd54f9d,2024-10-31T23:26:02.000Z,2024-10-31T22:46:14.000Z,0
68261e8a135f2cb0d06b1528,religion,religion,,,50,done,682328e4b838d475ecd54f9d,2024-11-01T00:41:01.000Z,2024-11-01T16:15:23.000Z,0
68261e8a135f2cb0d06b1529,religion,religion,,,50,done,682328e4b838d475ecd54f9d,2024-11-01T17:20:40.000Z,2024-11-01T17:11:34.000Z,0
68261e8a135f2cb0d06b152a,religion,religion,,,50,done,682328e4b838d475ecd54f9d,2024-11-01T18:18:07.000Z,2024-11-01T19:24:01.000Z,0
68261e8a135f2cb0d06b152b,Biologi 2,Biologi 2,,,50,done,682328e4b838d475ecd54f9d,2024-11-01T20:39:55.000Z,2024-11-01T20:33:21.000Z,0
68261e8a135f2cb0d06b152c,Biologi 2,Biologi 2,,,35,done,682328e4b838d475ecd54f9d,2024-11-01T22:17:30.000Z,2024-11-01T21:52:31.000Z,0
68261e8a135f2cb0d06b152d,Biologi 2,Biologi 2,,,5,done,682328e4b838d475ecd54f9d,2024-11-01T22:53:43.000Z,2024-11-01T21:58:45.000Z,0
68261e8a135f2cb0d06b152e,Biologi 2,Biologi 2,,,50,done,682328e4b838d475ecd54f9d,2024-11-02T00:03:45.000Z,2024-11-01T23:53:47.000Z,0
68261e8a135f2cb0d06b152f,Biologi 2,Biologi 2,,,30,done,682328e4b838d475ecd54f9d,2024-11-02T01:14:06.000Z,2024-11-02T12:08:26.000Z,0
68261e8a135f2cb0d06b1530,religion,religion,,,35,done,682328e4b838d475ecd54f9d,2024-11-02T13:36:08.000Z,2024-11-02T14:00:47.000Z,0
68261e8a135f2cb0d06b1531,Web Development,VR Park,,,120,done,682328e4b838d475ecd54f91,2024-11-02T15:11:32.000Z,2024-11-02T14:11:34.000Z,0
68261e8a135f2cb0d06b1532,Web Development,VR Park,,,220,done,682328e4b838d475ecd54f91,2024-11-02T15:11:58.000Z,2024-11-02T14:12:00.000Z,0
68261e8a135f2cb0d06b1533,religion,religion,,,50,done,682328e4b838d475ecd54f9d,2024-11-02T20:47:59.000Z,2024-11-02T20:38:00.000Z,0
68261e8a135f2cb0d06b1534,religion,religion,,,5,done,682328e4b838d475ecd54f9d,2024-11-02T21:38:10.000Z,2024-11-02T20:43:11.000Z,0
68261e8a135f2cb0d06b1535,mikro,mikro,,,50,done,682328e4b838d475ecd54f9d,2024-11-02T21:51:08.000Z,2024-11-02T21:41:10.000Z,0
68261e8a135f2cb0d06b1536,mikro,mikro,,,10,done,682328e4b838d475ecd54f9d,2024-11-02T22:41:21.000Z,2024-11-02T21:51:23.000Z,0
68261e8a135f2cb0d06b1537,mikro,mikro,,,50,done,682328e4b838d475ecd54f9d,2024-11-03T00:25:24.000Z,2024-11-03T12:36:30.000Z,0
68261e8a135f2cb0d06b1538,religion,religion,,,20,done,682328e4b838d475ecd54f9d,2024-11-03T13:38:41.000Z,2024-11-03T12:57:58.000Z,0
68261e8a135f2cb0d06b1539,mikro,mikro,,,50,done,682328e4b838d475ecd54f9d,2024-11-03T14:13:26.000Z,2024-11-03T16:26:16.000Z,0
68261e8a135f2cb0d06b153a,mikro,mikro,,,30,done,682328e4b838d475ecd54f9d,2024-11-03T20:03:40.000Z,2024-11-03T19:39:27.000Z,0
68261e8a135f2cb0d06b153b,Web Development,VR Park,,,420,done,682328e4b838d475ecd54f91,2024-11-03T22:08:23.000Z,2024-11-03T21:08:26.000Z,0
68261e8a135f2cb0d06b153c,mikro,mikro,,,30,done,682328e4b838d475ecd54f9d,2024-11-03T20:03:40.000Z,2024-11-04T07:12:03.000Z,0
68261e8a135f2cb0d06b153d,mikro,mikro,,,50,done,682328e4b838d475ecd54f9d,2024-11-04T08:14:32.000Z,2024-11-04T08:07:54.000Z,0
68261e8a135f2cb0d06b153e,mikro,mikro,,,25,done,682328e4b838d475ecd54f9d,2024-11-04T09:08:13.000Z,2024-11-04T08:33:15.000Z,0
68261e8a135f2cb0d06b153f,religion,religion,,,10,done,682328e4b838d475ecd54f9d,2024-11-04T09:39:29.000Z,2024-11-04T08:49:30.000Z,0
68261e8a135f2cb0d06b1540,religion,religion,,,5,done,682328e4b838d475ecd54f9d,2024-11-04T09:49:46.000Z,2024-11-04T08:53:08.000Z,0
68261e8a135f2cb0d06b1541,religion,religion,,,3,done,682328e4b838d475ecd54f9d,2024-11-04T09:49:46.000Z,2024-11-04T18:17:46.000Z,0
68261e8a135f2cb0d06b1542,Web Development,VR Park,,,390,done,682328e4b838d475ecd54f91,2024-11-04T19:48:11.000Z,2024-11-04T18:48:12.000Z,0
68261e8a135f2cb0d06b1543,mikro,mikro,,,45,done,682328e4b838d475ecd54f9d,2024-11-04T19:23:14.000Z,2024-11-04T19:43:29.000Z,0
68261e8a135f2cb0d06b1544,mikro,mikro,,,15,done,682328e4b838d475ecd54f9d,2024-11-04T20:48:14.000Z,2024-11-04T20:03:15.000Z,0
68261e8a135f2cb0d06b1545,mikro,mikro,,,15,done,682328e4b838d475ecd54f9d,2024-11-04T20:48:14.000Z,2024-11-05T16:40:07.000Z,0
68261e8a135f2cb0d06b1546,mikro,mikro,,,25,done,682328e4b838d475ecd54f9d,2024-11-05T17:40:25.000Z,2024-11-05T17:08:03.000Z,0
68261e8a135f2cb0d06b1547,mikro,mikro,,,30,done,682328e4b838d475ecd54f9d,2024-11-05T18:16:24.000Z,2024-11-05T18:02:51.000Z,0
68261e8a135f2cb0d06b1548,mikro,mikro,,,30,done,682328e4b838d475ecd54f9d,2024-11-05T19:42:07.000Z,2024-11-05T19:21:33.000Z,0
68261e8a135f2cb0d06b1549,mikro,mikro,,,35,done,682328e4b838d475ecd54f9d,2024-11-05T20:32:41.000Z,2024-11-05T20:07:41.000Z,0
68261e8a135f2cb0d06b154a,mikro,mikro,,,35,done,682328e4b838d475ecd54f9d,2024-11-05T20:32:41.000Z,2024-11-05T22:14:11.000Z,0
68261e8a135f2cb0d06b154b,mikro,mikro,,,50,done,682328e4b838d475ecd54f9d,2024-11-06T08:57:22.000Z,2024-11-06T08:58:13.000Z,0
68261e8a135f2cb0d06b154c,mikro,mikro,,,15,done,682328e4b838d475ecd54f9d,2024-11-06T10:03:52.000Z,2024-11-06T09:32:55.000Z,0
68261e8a135f2cb0d06b154d,mikro,mikro,,,50,done,682328e4b838d475ecd54f9d,2024-11-06T13:23:58.000Z,2024-11-06T13:14:06.000Z,0
68261e8a135f2cb0d06b154e,mikro,mikro,,,25,done,682328e4b838d475ecd54f9d,2024-11-06T14:36:32.000Z,2024-11-06T14:16:50.000Z,0
68261e8a135f2cb0d06b154f,mikro,mikro,,,40,done,682328e4b838d475ecd54f9d,2024-11-06T15:20:30.000Z,2024-11-06T15:03:50.000Z,0
68261e8a135f2cb0d06b1550,mikro,mikro,,,50,done,682328e4b838d475ecd54f9d,2024-11-06T20:18:07.000Z,2024-11-06T21:12:53.000Z,0
68261e8a135f2cb0d06b1551,mikro,mikro,,,35,done,682328e4b838d475ecd54f9d,2024-11-06T22:13:27.000Z,2024-11-06T21:49:29.000Z,0
68261e8a135f2cb0d06b1552,Web Development,VR Park,,,360,done,682328e4b838d475ecd54f91,2024-11-06T11:44:32.000Z,2024-11-08T10:44:35.000Z,0
68261e8a135f2cb0d06b1553,Software Engineering - SDM,Assignment 1,,,200,done,682328e4b838d475ecd54f91,2024-11-07T11:45:58.000Z,2024-11-08T10:46:01.000Z,0
68261e8a135f2cb0d06b1554,Software Engineering - SDM,Assignment 1,,,330,done,682328e4b838d475ecd54f91,2024-11-08T07:23:47.000Z,2024-11-09T06:23:50.000Z,0
68261e8a135f2cb0d06b1555,Web Development,VR Park,,,200,done,682328e4b838d475ecd54f91,2024-11-09T14:04:34.000Z,2024-11-09T13:04:38.000Z,0
68261e8a135f2cb0d06b1556,Web Development,VR Park,,,210,done,682328e4b838d475ecd54f91,2024-11-09T17:34:00.000Z,2024-11-10T16:34:04.000Z,0
68261e8a135f2cb0d06b1557,Software Engineering - SDM,Assignment 1,,,75,done,682328e4b838d475ecd54f91,2024-11-10T17:38:33.000Z,2024-11-10T16:38:36.000Z,0
68261e8a135f2cb0d06b1558,Software Engineering - SDM,Assignment 1,,,60,done,682328e4b838d475ecd54f91,2024-11-10T18:25:02.000Z,2024-11-10T17:25:06.000Z,0
68261e8a135f2cb0d06b1559,Ma4c,Ma4c,,,50,done,682328e4b838d475ecd54f9d,2024-11-11T07:15:21.000Z,2024-11-11T07:07:52.000Z,0
68261e8a135f2cb0d06b155a,Ma4c,Ma4c,,,25,done,682328e4b838d475ecd54f9d,2024-11-11T08:17:41.000Z,2024-11-11T07:41:33.000Z,0
68261e8a135f2cb0d06b155b,Ma4c,Ma4c,,,24,done,682328e4b838d475ecd54f9d,2024-11-11T08:17:41.000Z,2024-11-11T16:42:49.000Z,0
68261e8a135f2cb0d06b155c,eng7,eng7,,,30,done,682328e4b838d475ecd54f9d,2024-11-11T17:43:42.000Z,2024-11-11T17:14:35.000Z,0
68261e8a135f2cb0d06b155d,eng7,eng7,,,30,done,682328e4b838d475ecd54f9d,2024-11-11T18:15:24.000Z,2024-11-11T18:15:35.000Z,0
68261e8a135f2cb0d06b155e,eng7,eng7,,,20,done,682328e4b838d475ecd54f9d,2024-11-11T19:17:58.000Z,2024-11-11T20:56:44.000Z,0
68261e8a135f2cb0d06b155f,Biologi 2,Biologi 2,,,35,done,682328e4b838d475ecd54f9d,2024-11-11T22:15:35.000Z,2024-11-11T21:58:35.000Z,0
68261e8a135f2cb0d06b1560,eng7,eng7,,,10,done,682328e4b838d475ecd54f9d,2024-11-11T22:58:52.000Z,2024-11-11T21:58:54.000Z,0
68261e8a135f2cb0d06b1561,eng7,eng7,,,40,done,682328e4b838d475ecd54f9d,2024-11-11T22:58:52.000Z,2024-11-12T16:44:45.000Z,0
68261e8a135f2cb0d06b1562,eng7,eng7,,,30,done,682328e4b838d475ecd54f9d,2024-11-12T18:54:12.000Z,2024-11-12T19:08:52.000Z,0
68261e8a135f2cb0d06b1563,eng7,eng7,,,30,done,682328e4b838d475ecd54f9d,2024-11-12T20:10:54.000Z,2024-11-12T19:53:53.000Z,0
68261e8a135f2cb0d06b1564,Ma4c,Ma4c,,,25,done,682328e4b838d475ecd54f9d,2024-11-13T17:27:09.000Z,2024-11-13T17:56:03.000Z,0
68261e8a135f2cb0d06b1565,Ma4c,Ma4c,,,50,done,682328e4b838d475ecd54f9d,2024-11-13T18:58:59.000Z,2024-11-13T18:53:03.000Z,0
68261e8a135f2cb0d06b1566,Ma4c,Ma4c,,,30,done,682328e4b838d475ecd54f9d,2024-11-13T20:12:59.000Z,2024-11-13T19:47:04.000Z,0
68261e8a135f2cb0d06b1567,Ma4c,Ma4c,,,10,done,682328e4b838d475ecd54f9d,2024-11-13T20:50:17.000Z,2024-11-13T19:50:22.000Z,0
68261e8a135f2cb0d06b1568,Ma4c,Ma4c,,,40,done,682328e4b838d475ecd54f9d,2024-11-13T20:50:17.000Z,2024-11-13T22:00:48.000Z,0
68261e8a135f2cb0d06b1569,GA,GA,,,30,done,682328e4b838d475ecd54f9d,2024-11-13T23:01:17.000Z,2024-11-13T22:32:16.000Z,0
68261e8a135f2cb0d06b156a,GA,GA,,,30,done,682328e4b838d475ecd54f9d,2024-11-13T23:41:24.000Z,2024-11-13T23:12:16.000Z,0
68261e8a135f2cb0d06b156b,GA,GA,,,30,done,682328e4b838d475ecd54f9d,2024-11-14T00:28:39.000Z,2024-11-13T23:28:51.000Z,0
68261e8a135f2cb0d06b156c,Ma4c,Ma4c,,,50,done,682328e4b838d475ecd54f9d,2024-11-14T11:16:41.000Z,2024-11-14T11:38:25.000Z,0
68261e8a135f2cb0d06b156d,Ma4c,Ma4c,,,50,done,682328e4b838d475ecd54f9d,2024-11-14T12:42:08.000Z,2024-11-14T12:56:25.000Z,0
68261e8a135f2cb0d06b156e,Ma4c,Ma4c,,,50,done,682328e4b838d475ecd54f9d,2024-11-14T14:18:19.000Z,2024-11-14T14:57:09.000Z,0
68261e8a135f2cb0d06b156f,Ma4c,Ma4c,,,30,done,682328e4b838d475ecd54f9d,2024-11-14T15:58:22.000Z,2024-11-14T16:50:03.000Z,0
68261e8a135f2cb0d06b1570,Software Engineering - DSD,Milestone1,,,401,done,682328e4b838d475ecd54f91,2024-11-14T19:09:57.000Z,2024-11-14T18:10:01.000Z,0
68261e8a135f2cb0d06b1571,Software Engineering - DSD,Milestone1,,,480,done,682328e4b838d475ecd54f91,2024-11-14T19:19:47.000Z,2024-11-14T18:19:49.000Z,0
68261e8a135f2cb0d06b1572,Biologi 2,Biologi 2,,,35,done,682328e4b838d475ecd54f9d,2024-11-14T20:49:56.000Z,2024-11-14T20:53:18.000Z,0
68261e8a135f2cb0d06b1573,Software Engineering - DSD,Milestone1,,,90,done,682328e4b838d475ecd54f91,2024-11-15T13:10:07.000Z,2024-11-15T12:10:11.000Z,0
68261e8a135f2cb0d06b1574,Biologi 2,Biologi 2,,,37,done,682328e4b838d475ecd54f9d,2024-11-14T20:49:56.000Z,2024-11-15T14:39:40.000Z,0
68261e8a135f2cb0d06b1575,Biologi 2,Biologi 2,,,35,done,682328e4b838d475ecd54f9d,2024-11-15T15:43:37.000Z,2024-11-15T16:53:50.000Z,0
68261e8a135f2cb0d06b1576,Biologi 2,Biologi 2,,,37,done,682328e4b838d475ecd54f9d,2024-11-14T20:49:56.000Z,2024-11-15T21:11:06.000Z,0
68261e8a135f2cb0d06b1577,Biologi 2,Biologi 2,,,37,done,682328e4b838d475ecd54f9d,2024-11-14T20:49:56.000Z,2024-11-15T21:11:15.000Z,0
68261e8a135f2cb0d06b1578,Biologi 2,Biologi 2,,,37,done,682328e4b838d475ecd54f9d,2024-11-14T20:49:56.000Z,2024-11-16T11:05:53.000Z,0
68261e8a135f2cb0d06b1579,Ma4c,Ma4c,,,50,done,682328e4b838d475ecd54f9d,2024-11-16T12:35:33.000Z,2024-11-16T12:51:20.000Z,0
68261e8a135f2cb0d06b157a,Ma4c,Ma4c,,,50,done,682328e4b838d475ecd54f9d,2024-11-16T14:17:04.000Z,2024-11-16T14:00:06.000Z,0
68261e8a135f2cb0d06b157b,Ma4c,Ma4c,,,50,done,682328e4b838d475ecd54f9d,2024-11-16T15:06:59.000Z,2024-11-16T15:44:28.000Z,0
68261e8a135f2cb0d06b157c,Ma4c,Ma4c,,,50,done,682328e4b838d475ecd54f9d,2024-11-16T16:59:04.000Z,2024-11-16T17:07:50.000Z,0
68261e8a135f2cb0d06b157d,Ma4c,Ma4c,,,30,done,682328e4b838d475ecd54f9d,2024-11-16T19:41:26.000Z,2024-11-16T20:12:48.000Z,0
68261e8a135f2cb0d06b157e,Biologi 2,Biologi 2,,,50,done,682328e4b838d475ecd54f9d,2024-11-16T21:24:39.000Z,2024-11-16T21:39:04.000Z,0
68261e8a135f2cb0d06b14dc,GA,GA,,,30,done,682328e4b838d475ecd54f9d,2024-10-21T16:51:06.000Z,2024-10-21T15:46:25.000Z,0
68261e8a135f2cb0d06b14dd,GA,GA,,,15,done,682328e4b838d475ecd54f9d,2024-10-21T18:02:59.000Z,2024-10-21T16:03:02.000Z,0
68261e8a135f2cb0d06b1581,Biologi 2,Biologi 2,,,50,done,682328e4b838d475ecd54f9d,2024-11-17T13:13:54.000Z,2024-11-17T13:16:23.000Z,0
68261e8a135f2cb0d06b1582,Biologi 2,Biologi 2,,,30,done,682328e4b838d475ecd54f9d,2024-11-17T14:47:28.000Z,2024-11-17T14:27:31.000Z,0
68261e8a135f2cb0d06b1583,Sv3,Sv3,,,50,done,682328e4b838d475ecd54f9d,2024-11-17T15:40:26.000Z,2024-11-17T15:35:49.000Z,0
68261e8a135f2cb0d06b1584,Sv3,Sv3,,,15,done,682328e4b838d475ecd54f9d,2024-11-17T16:47:48.000Z,2024-11-17T16:01:56.000Z,0
68261e8a135f2cb0d06b1585,mikro,mikro,,,50,done,682328e4b838d475ecd54f9d,2024-11-17T17:16:45.000Z,2024-11-17T17:24:49.000Z,0
68261e8a135f2cb0d06b1586,mikro,mikro,,,40,done,682328e4b838d475ecd54f9d,2024-11-17T18:49:23.000Z,2024-11-17T18:48:18.000Z,0
68261e8a135f2cb0d06b1587,Sv3,Sv3,,,25,done,682328e4b838d475ecd54f9d,2024-11-17T21:35:56.000Z,2024-11-17T21:01:21.000Z,0
68261e8a135f2cb0d06b1588,Software Engineering - DSD,Milestone1,,,660,done,682328e4b838d475ecd54f91,2024-11-17T22:56:10.000Z,2024-11-17T21:56:14.000Z,0
68261e8a135f2cb0d06b1589,Software Engineering - DSD,Milestone1,,,120,done,682328e4b838d475ecd54f91,2024-11-17T22:57:22.000Z,2024-11-17T21:57:25.000Z,0
68261e8a135f2cb0d06b158a,Ma4c,Ma4c,,,50,done,682328e4b838d475ecd54f9d,2024-11-18T19:14:09.000Z,2024-11-18T19:09:09.000Z,0
68261e8a135f2cb0d06b158b,Ma4c,Ma4c,,,25,done,682328e4b838d475ecd54f9d,2024-11-18T20:09:45.000Z,2024-11-18T20:05:05.000Z,0
68261e8a135f2cb0d06b158c,Biologi 2,Biologi 2,,,30,done,682328e4b838d475ecd54f9d,2024-11-18T21:23:04.000Z,2024-11-18T21:01:48.000Z,0
68261e8a135f2cb0d06b158d,Biologi 2,Biologi 2,,,32,done,682328e4b838d475ecd54f9d,2024-11-18T21:23:04.000Z,2024-11-19T16:43:01.000Z,0
68261e8a135f2cb0d06b158e,Ma4c,Ma4c,,,50,done,682328e4b838d475ecd54f9d,2024-11-19T17:43:16.000Z,2024-11-19T19:30:39.000Z,0
68261e8a135f2cb0d06b158f,Ma4c,Ma4c,,,10,done,682328e4b838d475ecd54f9d,2024-11-19T20:34:05.000Z,2024-11-19T20:11:06.000Z,0
68261e8a135f2cb0d06b1590,Sv3,Sv3,,,5,done,682328e4b838d475ecd54f9d,2024-11-19T21:12:42.000Z,2024-11-19T20:23:36.000Z,0
68261e8a135f2cb0d06b1591,Reading,"Muslim, Actually!",,,80,done,682328e4b838d475ecd54f91,2024-11-20T09:05:22.000Z,2024-11-20T08:05:25.000Z,0
68261e8a135f2cb0d06b1592,Sv3,Sv3,,,10,done,682328e4b838d475ecd54f9d,2024-11-19T21:12:42.000Z,2024-11-20T16:07:51.000Z,0
68261e8a135f2cb0d06b1593,Sv3,Sv3,,,50,done,682328e4b838d475ecd54f9d,2024-11-20T17:08:40.000Z,2024-11-20T17:32:21.000Z,0
68261e8a135f2cb0d06b1594,Sv3,Sv3,,,50,done,682328e4b838d475ecd54f9d,2024-11-20T18:35:13.000Z,2024-11-20T18:25:21.000Z,0
68261e8a135f2cb0d06b1595,Sv3,Sv3,,,50,done,682328e4b838d475ecd54f9d,2024-11-20T19:40:37.000Z,2024-11-20T20:21:21.000Z,0
68261e8a135f2cb0d06b1596,Software Engineering - DSD,Milestone2,,,450,done,682328e4b838d475ecd54f91,2024-11-21T14:47:14.000Z,2024-11-21T13:47:16.000Z,0
68261e8a135f2cb0d06b1597,Sv3,Sv3,,,51,done,682328e4b838d475ecd54f9d,2024-11-20T19:40:37.000Z,2024-11-21T17:42:45.000Z,0
68261e8a135f2cb0d06b1598,Software Engineering - DSD,Milestone2,,,360,done,682328e4b838d475ecd54f91,2024-11-21T20:01:35.000Z,2024-11-21T19:01:38.000Z,0
68261e8a135f2cb0d06b1599,Ma4c,Ma4c,,,50,done,682328e4b838d475ecd54f9d,2024-11-21T19:34:38.000Z,2024-11-21T20:59:33.000Z,0
68261e8a135f2cb0d06b159a,Software Engineering - DSD,Milestone2,,,60,done,682328e4b838d475ecd54f91,2024-11-22T08:40:57.000Z,2024-11-22T07:41:00.000Z,0
68261e8a135f2cb0d06b159b,Ma4c,Ma4c,,,51,done,682328e4b838d475ecd54f9d,2024-11-21T19:34:38.000Z,2024-11-23T09:23:52.000Z,0
68261e8a135f2cb0d06b159c,Ma4c,Ma4c,,,50,done,682328e4b838d475ecd54f9d,2024-11-23T10:42:35.000Z,2024-11-23T10:54:39.000Z,0
68261e8a135f2cb0d06b159d,Ma4c,Ma4c,,,50,done,682328e4b838d475ecd54f9d,2024-11-23T12:57:14.000Z,2024-11-23T13:25:49.000Z,0
68261e8a135f2cb0d06b159e,Ma4c,Ma4c,,,45,done,682328e4b838d475ecd54f9d,2024-11-23T14:27:29.000Z,2024-11-23T14:59:01.000Z,0
68261e8a135f2cb0d06b159f,Ma4c,Ma4c,,,45,done,682328e4b838d475ecd54f9d,2024-11-23T16:28:03.000Z,2024-11-23T16:30:34.000Z,0
68261e8a135f2cb0d06b15a0,Ma4c,Ma4c,,,10,done,682328e4b838d475ecd54f9d,2024-11-23T17:33:53.000Z,2024-11-23T17:17:02.000Z,0
68261e8a135f2cb0d06b15a1,Ma4c,Ma4c,,,50,done,682328e4b838d475ecd54f9d,2024-11-23T20:59:50.000Z,2024-11-23T20:49:51.000Z,0
68261e8a135f2cb0d06b15a2,Ma4c,Ma4c,,,10,done,682328e4b838d475ecd54f9d,2024-11-23T22:13:27.000Z,2024-11-23T21:50:29.000Z,0
68261e8a135f2cb0d06b15a3,Ma4c,Ma4c,,,34,done,682328e4b838d475ecd54f9d,2024-11-23T22:13:27.000Z,2024-11-23T22:32:33.000Z,0
68261e8a135f2cb0d06b15a4,Ma4c,Ma4c,,,15,done,682328e4b838d475ecd54f9d,2024-11-23T23:33:02.000Z,2024-11-23T22:46:19.000Z,0
68261e8a135f2cb0d06b15a5,Biologi 2,Biologi 2,,,50,done,682328e4b838d475ecd54f9d,2024-11-24T11:00:41.000Z,2024-11-24T10:50:43.000Z,0
68261e8a135f2cb0d06b15a6,Biologi 2,Biologi 2,,,50,done,682328e4b838d475ecd54f9d,2024-11-24T12:49:36.000Z,2024-11-24T12:40:13.000Z,0
68261e8a135f2cb0d06b15a7,Biologi 2,Biologi 2,,,45,done,682328e4b838d475ecd54f9d,2024-11-24T14:18:31.000Z,2024-11-24T13:56:57.000Z,0
68261e8a135f2cb0d06b15a8,Biologi 2,Biologi 2,,,20,done,682328e4b838d475ecd54f9d,2024-11-24T15:44:23.000Z,2024-11-24T16:28:14.000Z,0
68261e8a135f2cb0d06b15a9,mikro,mikro,,,50,done,682328e4b838d475ecd54f9d,2024-11-24T17:41:31.000Z,2024-11-24T17:40:27.000Z,0
68261e8a135f2cb0d06b15aa,mikro,mikro,,,50,done,682328e4b838d475ecd54f9d,2024-11-24T18:50:51.000Z,2024-11-24T18:42:30.000Z,0
68261e8a135f2cb0d06b15ab,mikro,mikro,,,50,done,682328e4b838d475ecd54f9d,2024-11-24T19:43:26.000Z,2024-11-24T19:38:28.000Z,0
68261e8a135f2cb0d06b15ac,mikro,mikro,,,20,done,682328e4b838d475ecd54f9d,2024-11-24T20:51:00.000Z,2024-11-24T20:12:27.000Z,0
68261e8a135f2cb0d06b15ad,mikro,mikro,,,21,done,682328e4b838d475ecd54f9d,2024-11-24T20:51:00.000Z,2024-11-25T06:53:28.000Z,0
68261e8a135f2cb0d06b15ae,Web Development,VR Park,,,180,done,682328e4b838d475ecd54f91,2024-11-25T13:02:28.000Z,2024-11-25T12:02:31.000Z,0
68261e8a135f2cb0d06b15af,Software Engineering - DSD,Milestone2,,,360,done,682328e4b838d475ecd54f91,2024-11-25T13:03:30.000Z,2024-11-22T12:03:34.000Z,0
68261e8a135f2cb0d06b15b0,Software Engineering - DSD,Milestone2,,,360,done,682328e4b838d475ecd54f91,2024-11-25T13:03:59.000Z,2024-11-23T12:04:02.000Z,0
68261e8a135f2cb0d06b15b1,Software Engineering - DSD,Milestone2,,,480,done,682328e4b838d475ecd54f91,2024-11-25T13:04:16.000Z,2024-11-24T12:04:18.000Z,0
68261e8a135f2cb0d06b15b2,Reading,"Muslim, Actually!",,,90,done,682328e4b838d475ecd54f91,2024-11-25T13:04:44.000Z,2024-11-23T12:04:47.000Z,0
68261e8a135f2cb0d06b15b3,Software Engineering - SDM,Assignment 2,,,150,done,682328e4b838d475ecd54f91,2024-11-25T14:20:10.000Z,2024-11-25T13:20:13.000Z,0
68261e8a135f2cb0d06b15b4,Biologi 2,Biologi 2,,,50,done,682328e4b838d475ecd54f9d,2024-11-25T07:54:35.000Z,2024-11-25T16:47:02.000Z,0
68261e8a135f2cb0d06b15b5,Ma4c,Ma4c,,,50,done,682328e4b838d475ecd54f9d,2024-11-25T18:00:41.000Z,2024-11-25T17:53:18.000Z,0
68261e8a135f2cb0d06b15b6,Ma4c,Ma4c,,,50,done,682328e4b838d475ecd54f9d,2024-11-25T19:24:39.000Z,2024-11-25T19:18:22.000Z,0
68261e8a135f2cb0d06b15b7,Biologi 2,Biologi 2,,,50,done,682328e4b838d475ecd54f9d,2024-11-25T20:21:43.000Z,2024-11-25T20:15:19.000Z,0
68261e8a135f2cb0d06b15b8,Software Engineering - SDM,Assignment 2,,,180,done,682328e4b838d475ecd54f91,2024-11-26T13:07:18.000Z,2024-11-26T12:07:22.000Z,0
68261e8a135f2cb0d06b15b9,Biologi 2,Biologi 2,,,50,done,682328e4b838d475ecd54f9d,2024-11-25T20:21:43.000Z,2024-11-26T16:29:36.000Z,0
68261e8a135f2cb0d06b15ba,Sv3,Sv3,,,30,done,682328e4b838d475ecd54f9d,2024-11-26T17:30:04.000Z,2024-11-26T17:00:32.000Z,0
68261e8a135f2cb0d06b15bb,Sv3,Sv3,,,20,done,682328e4b838d475ecd54f9d,2024-11-26T18:02:49.000Z,2024-11-26T17:23:04.000Z,0
68261e8a135f2cb0d06b15bc,Sv3,Sv3,,,10,done,682328e4b838d475ecd54f9d,2024-11-26T18:35:26.000Z,2024-11-26T17:35:31.000Z,0
68261e8a135f2cb0d06b15bd,Ma4c,Ma4c,,,50,done,682328e4b838d475ecd54f9d,2024-11-26T19:08:37.000Z,2024-11-26T18:59:33.000Z,0
68261e8a135f2cb0d06b15be,Biologi 2,Biologi 2,,,50,done,682328e4b838d475ecd54f9d,2024-11-26T20:07:57.000Z,2024-11-26T20:43:45.000Z,0
68261e8a135f2cb0d06b15bf,Software Engineering - DSD,Milestone2,,,480,done,682328e4b838d475ecd54f91,2024-11-26T23:33:08.000Z,2024-11-26T22:33:10.000Z,0
68261e8a135f2cb0d06b15c0,Software Engineering - DSD,Milestone2,,,90,done,682328e4b838d475ecd54f91,2024-11-27T06:40:04.000Z,2024-11-27T05:40:10.000Z,0
68261e8a135f2cb0d06b15c1,Biologi 2,Biologi 2,,,50,done,682328e4b838d475ecd54f9d,2024-11-26T20:07:57.000Z,2024-11-27T14:04:55.000Z,0
68261e8a135f2cb0d06b15c2,Ma4c,Ma4c,,,50,done,682328e4b838d475ecd54f9d,2024-11-27T15:10:49.000Z,2024-11-27T15:20:52.000Z,0
68261e8a135f2cb0d06b15c3,Ma4c,Ma4c,,,50,done,682328e4b838d475ecd54f9d,2024-11-27T16:23:12.000Z,2024-11-27T16:26:53.000Z,0
68261e8a135f2cb0d06b15c4,Ma4c,Ma4c,,,5,done,682328e4b838d475ecd54f9d,2024-11-27T17:33:59.000Z,2024-11-27T16:39:01.000Z,0
68261e8a135f2cb0d06b15c5,Biologi 2,Biologi 2,,,50,done,682328e4b838d475ecd54f9d,2024-11-27T20:04:06.000Z,2024-11-27T19:56:43.000Z,0
68261e8a135f2cb0d06b15c6,Biologi 2,Biologi 2,,,47,done,682328e4b838d475ecd54f9d,2024-11-27T20:04:06.000Z,2024-11-28T05:14:24.000Z,0
68261e8a135f2cb0d06b15c7,Ma4c,Ma4c,,,50,done,682328e4b838d475ecd54f9d,2024-11-28T06:17:31.000Z,2024-11-28T06:09:43.000Z,0
68261e8a135f2cb0d06b15c8,Ma4c,Ma4c,,,50,done,682328e4b838d475ecd54f9d,2024-11-28T07:25:28.000Z,2024-11-28T07:15:29.000Z,0
68261e8a135f2cb0d06b15c9,Ma4c,Ma4c,,,15,done,682328e4b838d475ecd54f9d,2024-11-28T08:49:21.000Z,2024-11-28T08:07:14.000Z,0
68261e8a135f2cb0d06b15ca,Software Engineering - DSD,Milestone2,,,480,done,682328e4b838d475ecd54f91,2024-11-27T09:19:12.000Z,2024-11-27T08:19:16.000Z,0
68261e8a135f2cb0d06b15cb,Ma4c,Ma4c,,,30,done,682328e4b838d475ecd54f9d,2024-11-28T09:28:39.000Z,2024-11-28T08:58:54.000Z,0
68261e8a135f2cb0d06b15cc,Software Engineering - DSD,Milestone2,,,180,done,682328e4b838d475ecd54f91,2024-11-28T15:22:25.000Z,2024-11-28T14:22:28.000Z,0
68261e8a135f2cb0d06b15cd,Ma4c,Ma4c,,,30,done,682328e4b838d475ecd54f9d,2024-11-28T09:28:39.000Z,2024-11-28T17:04:42.000Z,0
68261e8a135f2cb0d06b15ce,Biologi 2,Biologi 2,,,50,done,682328e4b838d475ecd54f9d,2024-11-28T18:37:43.000Z,2024-11-28T21:12:05.000Z,0
68261e8a135f2cb0d06b15cf,Biologi 2,Biologi 2,,,30,done,682328e4b838d475ecd54f9d,2024-11-28T22:12:52.000Z,2024-11-28T21:39:08.000Z,0
68261e8a135f2cb0d06b15d0,Software Engineering - DSD,Milestone2,,,180,done,682328e4b838d475ecd54f91,2024-11-29T15:04:51.000Z,2024-11-29T14:04:54.000Z,0
68261e8a135f2cb0d06b15d1,Biologi 2,Biologi 2,,,26,done,682328e4b838d475ecd54f9d,2024-11-28T22:12:52.000Z,2024-11-29T19:33:04.000Z,0
68261e8a135f2cb0d06b15d2,Biologi 2,Biologi 2,,,30,done,682328e4b838d475ecd54f9d,2024-11-29T20:33:42.000Z,2024-11-29T20:55:36.000Z,0
68261e8a135f2cb0d06b15d3,Biologi 2,Biologi 2,,,76,done,682328e4b838d475ecd54f9d,2024-11-29T20:33:42.000Z,2024-11-29T20:55:50.000Z,0
68261e8a135f2cb0d06b15d4,Biologi 2,Biologi 2,,,76,done,682328e4b838d475ecd54f9d,2024-11-29T20:33:42.000Z,2024-11-30T09:37:56.000Z,0
68261e8a135f2cb0d06b15d5,Biologi 2,Biologi 2,,,50,done,682328e4b838d475ecd54f9d,2024-11-30T10:47:19.000Z,2024-11-30T12:23:32.000Z,0
68261e8a135f2cb0d06b15d6,Biologi 2,Biologi 2,,,40,done,682328e4b838d475ecd54f9d,2024-11-30T13:56:28.000Z,2024-11-30T13:35:31.000Z,0
68261e8a135f2cb0d06b15d7,Biologi 2,Biologi 2,,,30,done,682328e4b838d475ecd54f9d,2024-11-30T15:15:12.000Z,2024-11-30T14:45:22.000Z,0
68261e8a135f2cb0d06b15d8,Biologi 2,Biologi 2,,,30,done,682328e4b838d475ecd54f9d,2024-11-30T16:12:28.000Z,2024-11-30T15:48:40.000Z,0
68261e8a135f2cb0d06b15d9,Software Engineering - DSD,Milestone2,,,480,done,682328e4b838d475ecd54f91,2024-11-29T21:52:53.000Z,2024-11-29T20:52:55.000Z,0
68261e8a135f2cb0d06b15da,Biologi 2,Biologi 2,,,28,done,682328e4b838d475ecd54f9d,2024-11-30T16:12:28.000Z,2024-11-30T22:04:51.000Z,0
68261e8a135f2cb0d06b15db,Software Engineering - DSD,Milestone2,,,480,done,682328e4b838d475ecd54f91,2024-11-29T23:16:40.000Z,2024-11-30T22:16:41.000Z,0
68261e8a135f2cb0d06b15dc,Biologi 2,Biologi 2,,,40,done,682328e4b838d475ecd54f9d,2024-11-30T23:09:57.000Z,2024-11-30T23:10:03.000Z,0
68261e8a135f2cb0d06b15dd,Biologi 2,Biologi 2,,,30,done,682328e4b838d475ecd54f9d,2024-12-01T11:54:13.000Z,2024-12-01T11:56:26.000Z,0
68261e8a135f2cb0d06b15de,Biologi 2,Biologi 2,,,50,done,682328e4b838d475ecd54f9d,2024-12-01T13:00:54.000Z,2024-12-01T12:55:51.000Z,0
68261e8a135f2cb0d06b15df,Biologi 2,Biologi 2,,,50,done,682328e4b838d475ecd54f9d,2024-12-01T15:38:40.000Z,2024-12-01T15:28:43.000Z,0
68261e8a135f2cb0d06b15e0,Biologi 2,Biologi 2,,,50,done,682328e4b838d475ecd54f9d,2024-12-01T18:14:42.000Z,2024-12-01T18:16:08.000Z,0
68261e8a135f2cb0d06b15e1,Biologi 2,Biologi 2,,,40,done,682328e4b838d475ecd54f9d,2024-12-01T20:19:22.000Z,2024-12-01T19:57:36.000Z,0
68261e8a135f2cb0d06b15e2,religion,religion,,,25,done,682328e4b838d475ecd54f9d,2024-12-01T21:04:37.000Z,2024-12-01T20:27:44.000Z,0
68261e8a135f2cb0d06b15e3,Software Engineering - DSD,Milestone2,,,720,done,682328e4b838d475ecd54f91,2024-12-01T23:05:24.000Z,2024-12-01T22:05:25.000Z,0
68261e8a135f2cb0d06b15e4,religion,religion,,,23,done,682328e4b838d475ecd54f9d,2024-12-01T21:04:37.000Z,2024-12-02T16:05:35.000Z,0
68261e8a135f2cb0d06b15e5,Biologi 2,Biologi 2,,,50,done,682328e4b838d475ecd54f9d,2024-12-02T17:07:43.000Z,2024-12-02T16:58:12.000Z,0
68261e8a135f2cb0d06b15e6,Biologi 2,Biologi 2,,,50,done,682328e4b838d475ecd54f9d,2024-12-02T18:35:57.000Z,2024-12-02T19:10:25.000Z,0
68261e8a135f2cb0d06b15e7,Biologi 2,Biologi 2,,,50,done,682328e4b838d475ecd54f9d,2024-12-02T20:11:02.000Z,2024-12-02T20:27:37.000Z,0
68261e8a135f2cb0d06b15e8,Biologi 2,Biologi 2,,,5,done,682328e4b838d475ecd54f9d,2024-12-02T21:28:39.000Z,2024-12-02T20:33:47.000Z,0
68261e8a135f2cb0d06b15e9,mikro,mikro,,,15,done,682328e4b838d475ecd54f9d,2024-12-02T21:46:24.000Z,2024-12-02T21:01:24.000Z,0
68261e8a135f2cb0d06b15ea,mikro,mikro,,,10,done,682328e4b838d475ecd54f9d,2024-12-02T22:06:46.000Z,2024-12-02T21:06:48.000Z,0
68261e8a135f2cb0d06b15eb,fy2,fy2,,,25,done,682328e4b838d475ecd54f9d,2024-12-04T17:06:05.000Z,2024-12-04T16:28:36.000Z,0
68261e8a135f2cb0d06b15ec,fy2,fy2,,,50,done,682328e4b838d475ecd54f9d,2024-12-04T18:01:34.000Z,2024-12-04T18:28:47.000Z,0
68261e8a135f2cb0d06b15ed,fy2,fy2,,,50,done,682328e4b838d475ecd54f9d,2024-12-04T20:29:40.000Z,2024-12-04T20:27:13.000Z,0
68261e8a135f2cb0d06b15ee,fy2,fy2,,,48,done,682328e4b838d475ecd54f9d,2024-12-04T20:29:40.000Z,2024-12-05T17:16:05.000Z,0
68261e8a135f2cb0d06b15ef,fy2,fy2,,,48,done,682328e4b838d475ecd54f9d,2024-12-04T20:29:40.000Z,2024-12-07T15:01:42.000Z,0
68261e8a135f2cb0d06b15f0,religion,religion,,,40,done,682328e4b838d475ecd54f9d,2024-12-07T16:15:05.000Z,2024-12-07T21:55:01.000Z,0
68261e8a135f2cb0d06b15f1,religion,religion,,,38,done,682328e4b838d475ecd54f9d,2024-12-07T16:15:05.000Z,2024-12-07T22:01:09.000Z,0
68261e8a135f2cb0d06b15f2,religion,religion,,,10,done,682328e4b838d475ecd54f9d,2024-12-07T23:01:24.000Z,2024-12-07T22:07:34.000Z,0
68261e8a135f2cb0d06b15f3,religion,religion,,,25,done,682328e4b838d475ecd54f9d,2024-12-08T13:58:47.000Z,2024-12-08T16:31:55.000Z,0
68261e8a135f2cb0d06b15f4,religion,religion,,,10,done,682328e4b838d475ecd54f9d,2024-12-08T21:24:19.000Z,2024-12-08T20:47:23.000Z,0
68261e8a135f2cb0d06b15f5,Web Development,VR Park,,,240,done,682328e4b838d475ecd54f91,2024-12-10T16:47:58.000Z,2024-12-10T15:48:03.000Z,0
68261e8a135f2cb0d06b15f6,Software Engineering - DSD,Milestone3,,,1200,done,682328e4b838d475ecd54f91,2024-12-10T16:49:47.000Z,2024-12-10T15:49:52.000Z,0
68261e8a135f2cb0d06b15f7,fy2,fy2,,,50,done,682328e4b838d475ecd54f9d,2024-12-10T18:25:19.000Z,2024-12-10T18:15:22.000Z,0
68261e8a135f2cb0d06b15f8,fy2,fy2,,,50,done,682328e4b838d475ecd54f9d,2024-12-10T19:34:23.000Z,2024-12-10T20:12:18.000Z,0
68261e8a135f2cb0d06b15f9,fy2,fy2,,,50,done,682328e4b838d475ecd54f9d,2024-12-10T19:34:23.000Z,2024-12-11T11:15:17.000Z,0
68261e8a135f2cb0d06b15fa,fy2,fy2,,,45,done,682328e4b838d475ecd54f9d,2024-12-11T12:16:04.000Z,2024-12-11T14:06:17.000Z,0
68261e8a135f2cb0d06b15fb,fy2,fy2,,,50,done,682328e4b838d475ecd54f9d,2024-12-11T19:23:52.000Z,2024-12-11T19:19:35.000Z,0
68261e8a135f2cb0d06b15fc,Software Engineering - DSD,Milestone3,,,240,done,682328e4b838d475ecd54f91,2024-12-11T20:23:43.000Z,2024-12-11T19:23:45.000Z,0
68261e8a135f2cb0d06b15fd,fy2,fy2,,,50,done,682328e4b838d475ecd54f9d,2024-12-11T20:21:55.000Z,2024-12-11T20:32:06.000Z,0
68261e8a135f2cb0d06b15fe,fy2,fy2,,,50,done,682328e4b838d475ecd54f9d,2024-12-11T20:21:55.000Z,2024-12-12T16:16:00.000Z,0
68261e8a135f2cb0d06b15ff,fy2,fy2,,,50,done,682328e4b838d475ecd54f9d,2024-12-12T17:21:11.000Z,2024-12-12T17:45:57.000Z,0
68261e8a135f2cb0d06b1600,fy2,fy2,,,50,done,682328e4b838d475ecd54f9d,2024-12-12T18:46:14.000Z,2024-12-12T18:51:43.000Z,0
68261e8a135f2cb0d06b1601,fy2,fy2,,,20,done,682328e4b838d475ecd54f9d,2024-12-12T21:28:06.000Z,2024-12-12T20:55:04.000Z,0
68261e8a135f2cb0d06b1602,fy2,fy2,,,37,done,682328e4b838d475ecd54f9d,2024-12-13T20:48:16.000Z,2024-12-13T22:03:21.000Z,0
68261e8a135f2cb0d06b1603,fy2,fy2,,,37,done,682328e4b838d475ecd54f9d,2024-12-13T20:48:16.000Z,2024-12-14T11:25:12.000Z,0
68261e8a135f2cb0d06b1604,fy2,fy2,,,50,done,682328e4b838d475ecd54f9d,2024-12-14T12:26:55.000Z,2024-12-14T12:35:29.000Z,0
68261e8a135f2cb0d06b1605,fy2,fy2,,,50,done,682328e4b838d475ecd54f9d,2024-12-14T13:47:46.000Z,2024-12-14T14:36:39.000Z,0
68261e8a135f2cb0d06b1606,fy2,fy2,,,50,done,682328e4b838d475ecd54f9d,2024-12-14T16:16:01.000Z,2024-12-14T16:50:39.000Z,0
68261e8a135f2cb0d06b1607,fy2,fy2,,,50,done,682328e4b838d475ecd54f9d,2024-12-14T19:35:09.000Z,2024-12-14T20:44:30.000Z,0
68261e8a135f2cb0d06b1608,fy2,fy2,,,15,done,682328e4b838d475ecd54f9d,2024-12-14T22:29:50.000Z,2024-12-14T21:43:01.000Z,0
68261e8a135f2cb0d06b1609,GA,GA,,,11,done,682328e4b838d475ecd54f9d,2024-12-14T22:44:04.000Z,2024-12-14T21:54:40.000Z,0
68261e8a135f2cb0d06b160a,GA,GA,,,11,done,682328e4b838d475ecd54f9d,2024-12-14T22:44:04.000Z,2024-12-14T22:03:32.000Z,0
68261e8a135f2cb0d06b160b,GA,GA,,,40,done,682328e4b838d475ecd54f9d,2024-12-14T23:03:57.000Z,2024-12-15T00:05:16.000Z,0
68261e8a135f2cb0d06b160c,GA,GA,,,50,done,682328e4b838d475ecd54f9d,2024-12-15T15:27:45.000Z,2024-12-15T15:52:24.000Z,0
68261e8a135f2cb0d06b160d,Software Engineering - DSD,Milestone3,,,660,done,682328e4b838d475ecd54f91,2024-12-15T17:57:05.000Z,2024-12-15T16:57:10.000Z,0
68261e8a135f2cb0d06b160e,Software Engineering - DSD,Milestone3,,,650,done,682328e4b838d475ecd54f91,2024-12-15T17:58:44.000Z,2024-12-15T16:58:46.000Z,0
68261e8a135f2cb0d06b160f,Software Engineering - DSD,Milestone3,,,480,done,682328e4b838d475ecd54f91,2024-12-15T17:58:55.000Z,2024-12-15T16:59:00.000Z,0
68261e8a135f2cb0d06b1610,Software Engineering - DSD,Milestone3,,,480,done,682328e4b838d475ecd54f91,2024-12-15T17:59:09.000Z,2024-12-15T16:59:11.000Z,0
68261e8a135f2cb0d06b1611,GA,GA,,,50,done,682328e4b838d475ecd54f9d,2024-12-15T16:52:47.000Z,2024-12-15T17:33:49.000Z,0
68261e8a135f2cb0d06b1612,GA,GA,,,10,done,682328e4b838d475ecd54f9d,2024-12-15T18:46:11.000Z,2024-12-15T17:54:07.000Z,0
68261e8a135f2cb0d06b1613,GA,GA,,,8,done,682328e4b838d475ecd54f9d,2024-12-15T18:46:11.000Z,2024-12-16T08:28:54.000Z,0
68261e8a135f2cb0d06b1614,fy2,fy2,,,50,done,682328e4b838d475ecd54f9d,2024-12-16T09:31:50.000Z,2024-12-16T09:29:25.000Z,0
68261e8a135f2cb0d06b1615,fy2,fy2,,,50,done,682328e4b838d475ecd54f9d,2024-12-16T10:52:15.000Z,2024-12-16T11:07:06.000Z,0
68261e8a135f2cb0d06b1616,fy2,fy2,,,50,done,682328e4b838d475ecd54f9d,2024-12-16T12:08:06.000Z,2024-12-16T12:58:09.000Z,0
68261e8a135f2cb0d06b1617,fy2,fy2,,,15,done,682328e4b838d475ecd54f9d,2024-12-16T14:01:04.000Z,2024-12-16T13:46:47.000Z,0
68261e8a135f2cb0d06b1618,fy2,fy2,,,50,done,682328e4b838d475ecd54f9d,2024-12-16T18:23:46.000Z,2024-12-16T19:19:22.000Z,0
68261e8a135f2cb0d06b1619,fy2,fy2,,,28,done,682328e4b838d475ecd54f9d,2024-12-16T20:51:58.000Z,2024-12-16T20:42:43.000Z,0
68261e8a135f2cb0d06b161a,fy2,fy2,,,28,done,682328e4b838d475ecd54f9d,2024-12-16T20:51:58.000Z,2024-12-17T16:36:26.000Z,0
68261e8a135f2cb0d06b161b,fy2,fy2,,,50,done,682328e4b838d475ecd54f9d,2024-12-17T17:37:43.000Z,2024-12-17T17:54:32.000Z,0
68261e8a135f2cb0d06b161c,fy2,fy2,,,50,done,682328e4b838d475ecd54f9d,2024-12-17T18:59:47.000Z,2024-12-17T20:18:59.000Z,0
68261e8a135f2cb0d06b161d,Software Engineering - SDM,Assignment 3,,,420,done,682328e4b838d475ecd54f91,2024-12-17T22:02:53.000Z,2024-12-17T21:02:55.000Z,0
68261e8a135f2cb0d06b161e,Software Engineering - DSD,Milestone4,,,120,done,682328e4b838d475ecd54f91,2024-12-17T22:03:22.000Z,2024-12-17T21:03:25.000Z,0
68261e8a135f2cb0d06b161f,Software Engineering - DSD,Milestone4,,,840,done,682328e4b838d475ecd54f91,2024-12-20T14:50:31.000Z,2024-12-20T13:50:33.000Z,0
68261e8a135f2cb0d06b1620,Software Engineering - DSD,Milestone4,,,90,done,682328e4b838d475ecd54f91,2024-12-21T14:52:34.000Z,2024-12-21T13:52:37.000Z,0
68261e8a135f2cb0d06b1621,Software Engineering - DSD,Milestone4,,,210,done,682328e4b838d475ecd54f91,2024-12-21T19:29:01.000Z,2024-12-21T18:29:03.000Z,0
68261e8a135f2cb0d06b1622,Software Engineering - DSD,Milestone4,,,720,done,682328e4b838d475ecd54f91,2024-12-24T13:52:16.000Z,2024-12-24T12:52:19.000Z,0
68261e8a135f2cb0d06b1623,Software Engineering - DSD,Milestone4,,,420,done,682328e4b838d475ecd54f91,2024-12-24T16:30:56.000Z,2024-12-24T15:30:57.000Z,0
68261e8a135f2cb0d06b1624,Biologi 2,Biologi 2,,,50,done,682328e4b838d475ecd54f9d,2024-12-24T16:59:13.000Z,2024-12-24T16:52:28.000Z,0
68261e8a135f2cb0d06b1625,Biologi 2,Biologi 2,,,15,done,682328e4b838d475ecd54f9d,2024-12-24T19:17:11.000Z,2024-12-24T18:31:30.000Z,0
68261e8a135f2cb0d06b1626,Biologi 2,Biologi 2,,,14,done,682328e4b838d475ecd54f9d,2024-12-24T19:17:11.000Z,2024-12-26T15:43:28.000Z,0
68261e8a135f2cb0d06b1627,Biologi 2,Biologi 2,,,30,done,682328e4b838d475ecd54f9d,2024-12-26T17:34:27.000Z,2024-12-26T17:04:13.000Z,0
68261e8a135f2cb0d06b1628,Biologi 2,Biologi 2,,,26,done,682328e4b838d475ecd54f9d,2024-12-26T17:34:27.000Z,2024-12-27T12:07:12.000Z,0
68261e8a135f2cb0d06b1629,Biologi 2,Biologi 2,,,35,done,682328e4b838d475ecd54f9d,2024-12-27T14:26:54.000Z,2024-12-27T13:26:56.000Z,0
68261e8a135f2cb0d06b157f,Biologi 2,Biologi 2,,,20,done,682328e4b838d475ecd54f9d,2024-11-16T22:39:37.000Z,2024-11-16T21:54:39.000Z,0
68261e8a135f2cb0d06b1580,Biologi 2,Biologi 2,,,50,done,682328e4b838d475ecd54f9d,2024-11-17T11:27:14.000Z,2024-11-17T11:23:20.000Z,0
68261e8a135f2cb0d06b162c,Software Engineering - DSD,Milestone4,,,600,done,682328e4b838d475ecd54f91,2024-12-28T13:14:03.000Z,2024-12-28T12:14:05.000Z,0
68261e8a135f2cb0d06b162d,Software Engineering - DSD,Milestone4,,,420,done,682328e4b838d475ecd54f91,2024-12-29T20:49:08.000Z,2024-12-29T19:49:12.000Z,0
68261e8a135f2cb0d06b162e,Software Engineering - DSD,Milestone4,,,450,done,682328e4b838d475ecd54f91,2024-12-31T01:09:33.000Z,2024-12-31T00:09:35.000Z,0
68261e8a135f2cb0d06b162f,Biologi 2,Biologi 2,,,28,done,682328e4b838d475ecd54f9d,2024-12-27T22:14:23.000Z,2025-01-06T18:17:41.000Z,0
68261e8a135f2cb0d06b1630,eng7,eng7,,,39,done,682328e4b838d475ecd54f9d,2025-01-06T21:46:39.000Z,2025-01-06T22:13:58.000Z,0
68261e8a135f2cb0d06b1631,Software Engineering - DSD,Milestone5,,,720,done,682328e4b838d475ecd54f91,2025-01-08T00:14:28.000Z,2025-01-07T23:14:31.000Z,0
68261e8a135f2cb0d06b1632,Software Engineering - DSD,Milestone5,,,720,done,682328e4b838d475ecd54f91,2025-01-08T00:14:47.000Z,2025-01-07T23:14:50.000Z,0
68261e8a135f2cb0d06b1633,eng7,eng7,,,39,done,682328e4b838d475ecd54f9d,2025-01-06T21:46:39.000Z,2025-01-08T11:06:39.000Z,0
68261e8a135f2cb0d06b1634,GA,GA,,,50,done,682328e4b838d475ecd54f9d,2025-01-08T12:07:13.000Z,2025-01-08T13:16:50.000Z,0
68261e8a135f2cb0d06b1635,Software Engineering - DSD,Milestone5,,,280,done,682328e4b838d475ecd54f91,2025-01-09T00:45:33.000Z,2025-01-08T23:45:37.000Z,0
68261e8a135f2cb0d06b1636,Software Engineering - DSD,Milestone5,,,300,done,682328e4b838d475ecd54f91,2025-01-09T19:58:06.000Z,2025-01-09T18:58:09.000Z,0
68261e8a135f2cb0d06b1637,Software Engineering - DSD,Milestone5,,,600,done,682328e4b838d475ecd54f91,2025-01-11T00:22:06.000Z,2025-01-10T23:22:10.000Z,0
68261e8a135f2cb0d06b1638,Software Engineering - DSD,Milestone5,,,480,done,682328e4b838d475ecd54f91,2025-01-11T09:21:12.000Z,2025-01-11T08:21:16.000Z,0
68261e8a135f2cb0d06b1639,GA,GA,,,51,done,682328e4b838d475ecd54f9d,2025-01-08T12:07:13.000Z,2025-01-11T15:21:12.000Z,0
68261e8a135f2cb0d06b163a,Sv3,Sv3,,,25,done,682328e4b838d475ecd54f9d,2025-01-11T16:21:40.000Z,2025-01-11T15:47:25.000Z,0
68261e8a135f2cb0d06b163b,eng7,eng7,,,30,done,682328e4b838d475ecd54f9d,2025-01-11T17:50:07.000Z,2025-01-11T17:49:20.000Z,0
68261e8a135f2cb0d06b163c,eng7,eng7,,,15,done,682328e4b838d475ecd54f9d,2025-01-11T19:41:04.000Z,2025-01-11T21:16:53.000Z,0
68261e8a135f2cb0d06b163d,Software Engineering - DSD,Milestone5,,,200,done,682328e4b838d475ecd54f91,2025-01-11T23:37:08.000Z,2025-01-11T22:37:12.000Z,0
68261e8a135f2cb0d06b163e,eng7,eng7,,,27,done,682328e4b838d475ecd54f9d,2025-01-11T19:41:04.000Z,2025-01-12T15:18:39.000Z,0
68261e8a135f2cb0d06b163f,Ma4c,Ma4c,,,50,done,682328e4b838d475ecd54f9d,2025-01-12T16:24:36.000Z,2025-01-12T18:54:23.000Z,0
68261e8a135f2cb0d06b1640,Ma4c,Ma4c,,,10,done,682328e4b838d475ecd54f9d,2025-01-12T21:57:38.000Z,2025-01-12T21:07:45.000Z,0
68261e8a135f2cb0d06b1641,Sv3,Sv3,,,25,done,682328e4b838d475ecd54f9d,2025-01-12T22:08:47.000Z,2025-01-12T21:59:12.000Z,0
68261e8a135f2cb0d06b1642,Sv3,Sv3,,,33,done,682328e4b838d475ecd54f9d,2025-01-12T22:08:47.000Z,2025-01-12T22:00:13.000Z,0
68261e8a135f2cb0d06b1643,Sv3,Sv3,,,30,done,682328e4b838d475ecd54f9d,2025-01-12T23:01:34.000Z,2025-01-12T23:02:39.000Z,0
68261e8a135f2cb0d06b1644,Sv3,Sv3,,,15,done,682328e4b838d475ecd54f9d,2025-01-13T00:06:58.000Z,2025-01-12T23:30:54.000Z,0
68261e8a135f2cb0d06b1645,Sv3,Sv3,,,15,done,682328e4b838d475ecd54f9d,2025-01-13T00:06:58.000Z,2025-01-13T16:44:52.000Z,0
68261e8a135f2cb0d06b1646,eng7,eng7,,,45,done,682328e4b838d475ecd54f9d,2025-01-13T17:47:08.000Z,2025-01-13T17:43:36.000Z,0
68261e8a135f2cb0d06b1647,eng7,eng7,,,50,done,682328e4b838d475ecd54f9d,2025-01-13T21:20:02.000Z,2025-01-13T21:24:41.000Z,0
68261e8a135f2cb0d06b1648,eng7,eng7,,,16,done,682328e4b838d475ecd54f9d,2025-01-13T22:30:57.000Z,2025-01-13T21:51:53.000Z,0
68261e8a135f2cb0d06b1649,eng7,eng7,,,16,done,682328e4b838d475ecd54f9d,2025-01-13T22:30:57.000Z,2025-01-14T09:08:28.000Z,0
68261e8a135f2cb0d06b164a,eng7,eng7,,,30,done,682328e4b838d475ecd54f9d,2025-01-14T10:08:44.000Z,2025-01-14T09:35:32.000Z,0
68261e8a135f2cb0d06b164b,Software Engineering - DSD,Milestone5,,,720,done,682328e4b838d475ecd54f91,2025-01-14T15:11:46.000Z,2025-01-14T14:14:47.000Z,0
68261e8a135f2cb0d06b164c,eng7,eng7,,,51,done,682328e4b838d475ecd54f9d,2025-01-14T20:01:48.000Z,2025-01-14T22:10:53.000Z,0
68261e8a135f2cb0d06b164d,eng7,eng7,,,51,done,682328e4b838d475ecd54f9d,2025-01-14T20:01:48.000Z,2025-01-15T10:16:17.000Z,0
68261e8a135f2cb0d06b164e,eng7,eng7,,,30,done,682328e4b838d475ecd54f9d,2025-01-15T11:22:48.000Z,2025-01-15T10:55:57.000Z,0
68261e8a135f2cb0d06b164f,eng7,eng7,,,40,done,682328e4b838d475ecd54f9d,2025-01-15T17:32:08.000Z,2025-01-15T17:18:07.000Z,0
68261e8a135f2cb0d06b1650,eng7,eng7,,,50,done,682328e4b838d475ecd54f9d,2025-01-15T19:03:55.000Z,2025-01-15T18:54:38.000Z,0
68261e8a135f2cb0d06b1651,eng7,eng7,,,50,done,682328e4b838d475ecd54f9d,2025-01-15T19:55:14.000Z,2025-01-15T20:01:10.000Z,0
68261e8a135f2cb0d06b1652,eng7,eng7,,,30,done,682328e4b838d475ecd54f9d,2025-01-15T21:20:41.000Z,2025-01-15T21:14:56.000Z,0
68261e8a135f2cb0d06b1653,eng7,eng7,,,15,done,682328e4b838d475ecd54f9d,2025-01-15T22:15:04.000Z,2025-01-15T21:26:47.000Z,0
68261e8a135f2cb0d06b1654,Sv3,Sv3,,,25,done,682328e4b838d475ecd54f9d,2025-01-15T22:31:15.000Z,2025-01-15T21:59:13.000Z,0
68261e8a135f2cb0d06b1655,Sv3,Sv3,,,25,done,682328e4b838d475ecd54f9d,2025-01-15T22:31:15.000Z,2025-01-15T22:01:25.000Z,0
68261e8a135f2cb0d06b1656,Sv3,Sv3,,,50,done,682328e4b838d475ecd54f9d,2025-01-15T23:01:46.000Z,2025-01-15T22:52:12.000Z,0
68261e8a135f2cb0d06b1657,Sv3,Sv3,,,30,done,682328e4b838d475ecd54f9d,2025-01-16T00:18:20.000Z,2025-01-15T23:18:24.000Z,0
68261e8a135f2cb0d06b1658,Web Development,VR Park,,,300,done,682328e4b838d475ecd54f91,2025-01-16T04:36:35.000Z,2025-01-16T03:36:38.000Z,0
68261e8a135f2cb0d06b1659,Sv3,Sv3,,,40,done,682328e4b838d475ecd54f9d,2025-01-16T00:18:20.000Z,2025-01-18T13:25:50.000Z,0
68261e8a135f2cb0d06b165a,Biologi 2,Biologi 2,,,40,done,682328e4b838d475ecd54f9d,2025-01-18T14:35:27.000Z,2025-01-18T14:14:29.000Z,0
68261e8a135f2cb0d06b165b,Biologi 2,Biologi 2,,,50,done,682328e4b838d475ecd54f9d,2025-01-18T16:39:55.000Z,2025-01-18T16:30:52.000Z,0
68261e8a135f2cb0d06b165c,Biologi 2,Biologi 2,,,50,done,682328e4b838d475ecd54f9d,2025-01-18T18:48:29.000Z,2025-01-18T18:45:52.000Z,0
68261e8a135f2cb0d06b165d,Biologi 2,Biologi 2,,,45,done,682328e4b838d475ecd54f9d,2025-01-18T20:11:40.000Z,2025-01-18T20:24:32.000Z,0
68261e8a135f2cb0d06b165e,Biologi 2,Biologi 2,,,44,done,682328e4b838d475ecd54f9d,2025-01-18T20:11:40.000Z,2025-01-18T22:36:54.000Z,0
68261e8a135f2cb0d06b165f,Biologi 2,Biologi 2,,,40,done,682328e4b838d475ecd54f9d,2025-01-18T23:37:28.000Z,2025-01-18T23:56:24.000Z,0
68261e8a135f2cb0d06b1660,Biologi 2,Biologi 2,,,50,done,682328e4b838d475ecd54f9d,2025-01-19T15:46:52.000Z,2025-01-19T15:48:24.000Z,0
68261e8a135f2cb0d06b1661,Biologi 2,Biologi 2,,,50,done,682328e4b838d475ecd54f9d,2025-01-19T17:54:12.000Z,2025-01-19T17:54:16.000Z,0
68261e8a135f2cb0d06b1662,Biologi 2,Biologi 2,,,51,done,682328e4b838d475ecd54f9d,2025-01-19T17:54:12.000Z,2025-01-20T08:05:40.000Z,0
68261e8a135f2cb0d06b1663,Sv3,Sv3,,,30,done,682328e4b838d475ecd54f9d,2025-01-20T09:07:37.000Z,2025-01-20T08:37:43.000Z,0
68261e8a135f2cb0d06b1664,Sv3,Sv3,,,30,done,682328e4b838d475ecd54f9d,2025-01-20T09:07:37.000Z,2025-01-20T16:55:30.000Z,0
68261e8a135f2cb0d06b1665,Sv3,Sv3,,,50,done,682328e4b838d475ecd54f9d,2025-01-20T17:57:47.000Z,2025-01-20T17:58:43.000Z,0
68261e8a135f2cb0d06b1666,Sv3,Sv3,,,50,done,682328e4b838d475ecd54f9d,2025-01-20T19:46:29.000Z,2025-01-20T20:24:26.000Z,0
68261e8a135f2cb0d06b1667,Software Engineering - DERTS,Literature,,,90,done,682328e4b838d475ecd54f91,2025-01-20T21:41:06.000Z,2025-01-20T20:41:12.000Z,0
68261e8a135f2cb0d06b1668,Software Engineering - SQT,Literature,,,60,done,682328e4b838d475ecd54f91,2025-01-20T21:41:38.000Z,2025-01-20T20:41:41.000Z,0
68261e8a135f2cb0d06b1669,Sv3,Sv3,,,30,done,682328e4b838d475ecd54f9d,2025-01-20T21:28:50.000Z,2025-01-20T21:00:40.000Z,0
68261e8a135f2cb0d06b166a,Software Engineering - DERTS,Literature,,,60,done,682328e4b838d475ecd54f91,2025-01-21T00:43:55.000Z,2025-01-20T23:43:57.000Z,0
68261e8a135f2cb0d06b166b,Sv3,Sv3,,,30,done,682328e4b838d475ecd54f9d,2025-01-20T21:28:50.000Z,2025-01-21T13:25:24.000Z,0
68261e8a135f2cb0d06b166c,Sv3,Sv3,,,30,done,682328e4b838d475ecd54f9d,2025-01-21T14:32:06.000Z,2025-01-21T14:04:24.000Z,0
68261e8a135f2cb0d06b166d,Software Engineering - DERTS,Literature,,,60,done,682328e4b838d475ecd54f91,2025-01-21T15:57:21.000Z,2025-01-21T14:57:33.000Z,0
68261e8a135f2cb0d06b166e,eng7,eng7,,,30,done,682328e4b838d475ecd54f9d,2025-01-21T19:28:22.000Z,2025-01-21T18:58:25.000Z,0
68261e8a135f2cb0d06b166f,eng7,eng7,,,30,done,682328e4b838d475ecd54f9d,2025-01-21T20:00:33.000Z,2025-01-21T19:42:52.000Z,0
68261e8a135f2cb0d06b1670,eng7,eng7,,,45,done,682328e4b838d475ecd54f9d,2025-01-21T20:52:42.000Z,2025-01-21T20:38:25.000Z,0
68261e8a135f2cb0d06b1671,Sv3,Sv3,,,15,done,682328e4b838d475ecd54f9d,2025-01-21T21:46:00.000Z,2025-01-21T21:01:11.000Z,0
68261e8a135f2cb0d06b1672,Sv3,Sv3,,,15,done,682328e4b838d475ecd54f9d,2025-01-21T21:46:00.000Z,2025-01-22T16:32:59.000Z,0
68261e8a135f2cb0d06b1673,Biologi 2,Biologi 2,,,50,done,682328e4b838d475ecd54f9d,2025-01-22T17:36:30.000Z,2025-01-22T17:35:33.000Z,0
68261e8a135f2cb0d06b1674,Biologi 2,Biologi 2,,,50,done,682328e4b838d475ecd54f9d,2025-01-22T19:02:41.000Z,2025-01-22T19:55:33.000Z,0
68261e8a135f2cb0d06b1675,Biologi 2,Biologi 2,,,51,done,682328e4b838d475ecd54f9d,2025-01-22T21:01:58.000Z,2025-01-22T20:57:32.000Z,0
68261e8a135f2cb0d06b1676,Biologi 2,Biologi 2,,,51,done,682328e4b838d475ecd54f9d,2025-01-22T21:01:58.000Z,2025-01-24T04:01:03.000Z,0
68261e8a135f2cb0d06b1677,Biologi 2,Biologi 2,,,50,done,682328e4b838d475ecd54f9d,2025-01-24T05:03:06.000Z,2025-01-24T04:56:49.000Z,0
68261e8a135f2cb0d06b1678,Biologi 2,Biologi 2,,,40,done,682328e4b838d475ecd54f9d,2025-01-24T06:15:41.000Z,2025-01-24T06:01:06.000Z,0
68261e8a135f2cb0d06b1679,Biologi 2,Biologi 2,,,41,done,682328e4b838d475ecd54f9d,2025-01-24T06:15:41.000Z,2025-01-25T07:15:35.000Z,0
68261e8a135f2cb0d06b167a,Biologi 2,Biologi 2,,,50,done,682328e4b838d475ecd54f9d,2025-01-25T08:17:49.000Z,2025-01-25T08:33:24.000Z,0
68261e8a135f2cb0d06b167b,Software Engineering - DERTS,Assignment 1,,,750,done,682328e4b838d475ecd54f91,2025-01-25T09:41:40.000Z,2025-01-25T08:42:10.000Z,0
68261e8a135f2cb0d06b167c,Software Engineering - SQT,Literature,,,45,done,682328e4b838d475ecd54f91,2025-01-25T10:22:20.000Z,2025-01-25T09:22:23.000Z,0
68261e8a135f2cb0d06b167d,Biologi 2,Biologi 2,,,50,done,682328e4b838d475ecd54f9d,2025-01-25T09:33:41.000Z,2025-01-25T10:44:55.000Z,0
68261e8a135f2cb0d06b167e,Biologi 2,Biologi 2,,,30,done,682328e4b838d475ecd54f9d,2025-01-25T12:30:04.000Z,2025-01-25T12:00:07.000Z,0
68261e8a135f2cb0d06b167f,Biologi 2,Biologi 2,,,50,done,682328e4b838d475ecd54f9d,2025-01-25T13:22:53.000Z,2025-01-25T13:28:54.000Z,0
68261e8a135f2cb0d06b1680,Biologi 2,Biologi 2,,,40,done,682328e4b838d475ecd54f9d,2025-01-25T14:45:42.000Z,2025-01-25T14:58:17.000Z,0
68261e8a135f2cb0d06b1681,Biologi 2,Biologi 2,,,50,done,682328e4b838d475ecd54f9d,2025-01-25T16:48:56.000Z,2025-01-25T16:52:12.000Z,0
68261e8a135f2cb0d06b1682,Biologi 2,Biologi 2,,,25,done,682328e4b838d475ecd54f9d,2025-01-25T18:02:41.000Z,2025-01-25T18:37:33.000Z,0
68261e8a135f2cb0d06b1683,Biologi 2,Biologi 2,,,15,done,682328e4b838d475ecd54f9d,2025-01-25T21:45:38.000Z,2025-01-25T21:01:09.000Z,0
68261e8a135f2cb0d06b1684,Biologi 2,Biologi 2,,,50,done,682328e4b838d475ecd54f9d,2025-01-25T22:01:26.000Z,2025-01-25T21:55:09.000Z,0
68261e8a135f2cb0d06b1685,Biologi 2,Biologi 2,,,50,done,682328e4b838d475ecd54f9d,2025-01-26T10:55:12.000Z,2025-01-26T10:45:13.000Z,0
68261e8a135f2cb0d06b1686,Biologi 2,Biologi 2,,,50,done,682328e4b838d475ecd54f9d,2025-01-26T12:00:46.000Z,2025-01-26T11:56:27.000Z,0
68261e8a135f2cb0d06b1687,Biologi 2,Biologi 2,,,50,done,682328e4b838d475ecd54f9d,2025-01-26T16:40:42.000Z,2025-01-26T15:40:48.000Z,0
68261e8a135f2cb0d06b1688,باطنة ٣ غدية كمال,Hypercalcemia ,,,54,done,682328e4b838d475ecd54f9a,2025-01-26T18:43:34.000Z,2025-01-26T16:37:32.000Z,0
68261e8a135f2cb0d06b1689,Biologi 2,Biologi 2,,,50,done,682328e4b838d475ecd54f9d,2025-01-26T17:03:33.000Z,2025-01-26T16:52:30.000Z,0
68261e8a135f2cb0d06b168a,Biologi 2,Biologi 2,,,50,done,682328e4b838d475ecd54f9d,2025-01-26T19:14:20.000Z,2025-01-26T19:21:45.000Z,0
68261e8a135f2cb0d06b168b,Biologi 2,Biologi 2,,,30,done,682328e4b838d475ecd54f9d,2025-01-26T20:22:05.000Z,2025-01-26T19:52:07.000Z,0
68261e8a135f2cb0d06b168e,Software Engineering - SQT,Literature,,,120,done,682328e4b838d475ecd54f91,2025-01-27T08:29:21.000Z,2025-01-27T07:29:23.000Z,0
68261e8a135f2cb0d06b168f,Software Engineering - SQT,Literature,,,70,done,682328e4b838d475ecd54f91,2025-01-27T08:31:39.000Z,2025-01-27T07:31:42.000Z,0
68261e8a135f2cb0d06b1690,Biologi 2,Biologi 2,,,30,done,682328e4b838d475ecd54f9d,2025-01-26T20:22:05.000Z,2025-01-27T07:39:31.000Z,0
68261e8a135f2cb0d06b1691,Biologi 2,Biologi 2,,,25,done,682328e4b838d475ecd54f9d,2025-01-27T08:53:45.000Z,2025-01-27T09:18:38.000Z,0
68261e8a135f2cb0d06b1692,باطنة ٣ غدية كمال,Adrenal gland,,,700,done,682328e4b838d475ecd54f9a,2025-01-27T02:02:16.000Z,2025-01-27T10:42:26.000Z,0
68261e8a135f2cb0d06b1693,Biologi 2,Biologi 2,,,15,done,682328e4b838d475ecd54f9d,2025-01-27T13:18:44.000Z,2025-01-27T12:33:19.000Z,0
68261e8a135f2cb0d06b1694,Biologi 2,Biologi 2,,,14,done,682328e4b838d475ecd54f9d,2025-01-27T13:18:44.000Z,2025-01-27T16:28:05.000Z,0
68261e8a135f2cb0d06b1695,Biologi 2,Biologi 2,,,30,done,682328e4b838d475ecd54f9d,2025-01-27T17:28:33.000Z,2025-01-27T17:00:15.000Z,0
68261e8a135f2cb0d06b1696,Biologi 2,Biologi 2,,,50,done,682328e4b838d475ecd54f9d,2025-01-27T20:02:07.000Z,2025-01-27T19:52:42.000Z,0
68261e8a135f2cb0d06b1697,Biologi 2,Biologi 2,,,25,done,682328e4b838d475ecd54f9d,2025-01-27T21:25:54.000Z,2025-01-27T20:50:57.000Z,0
68261e8a135f2cb0d06b1698,Software Engineering - SQT,Literature,,,30,done,682328e4b838d475ecd54f91,2025-01-28T04:56:48.000Z,2025-01-28T03:56:50.000Z,0
68261e8a135f2cb0d06b1699,باطنة ٣ غدية كمال,Adrenal gland,,,700,done,682328e4b838d475ecd54f9a,2025-01-27T02:02:16.000Z,2025-01-28T15:19:14.000Z,0
68261e8a135f2cb0d06b169a,Emergency medicine,Inhaled anesthetics ,,,50,done,682328e4b838d475ecd54f9a,2025-01-28T19:26:40.000Z,2025-01-28T16:26:43.000Z,0
68261e8a135f2cb0d06b169b,Biologi 2,Biologi 2,,,25,done,682328e4b838d475ecd54f9d,2025-01-27T21:25:54.000Z,2025-01-28T16:50:44.000Z,0
68261e8a135f2cb0d06b169c,Biologi 2,Biologi 2,,,20,done,682328e4b838d475ecd54f9d,2025-01-28T17:52:15.000Z,2025-01-28T16:52:19.000Z,0
68261e8a135f2cb0d06b169d,Biologi 2,Biologi 2,,,40,done,682328e4b838d475ecd54f9d,2025-01-28T18:23:33.000Z,2025-01-28T18:05:15.000Z,0
68261e8a135f2cb0d06b169e,Biologi 2,Biologi 2,,,50,done,682328e4b838d475ecd54f9d,2025-01-28T19:25:24.000Z,2025-01-28T19:56:08.000Z,0
68261e8a135f2cb0d06b169f,Biologi 2,Biologi 2,,,40,done,682328e4b838d475ecd54f9d,2025-01-28T20:56:39.000Z,2025-01-28T21:27:46.000Z,0
68261e8a135f2cb0d06b16a0,Biologi 2,Biologi 2,,,83,done,682328e4b838d475ecd54f9d,2025-01-28T20:56:39.000Z,2025-01-29T15:49:44.000Z,0
68261e8a135f2cb0d06b16a1,Biologi 2,Biologi 2,,,20,done,682328e4b838d475ecd54f9d,2025-01-29T16:50:32.000Z,2025-01-29T16:12:11.000Z,0
68261e8a135f2cb0d06b16a2,Biologi 2,Biologi 2,,,50,done,682328e4b838d475ecd54f9d,2025-01-29T18:19:21.000Z,2025-01-29T18:38:13.000Z,0
68261e8a135f2cb0d06b16a3,Biologi 2,Biologi 2,,,50,done,682328e4b838d475ecd54f9d,2025-01-29T19:38:57.000Z,2025-01-29T20:08:40.000Z,0
68261e8a135f2cb0d06b16a4,Biologi 2,Biologi 2,,,30,done,682328e4b838d475ecd54f9d,2025-01-29T21:41:57.000Z,2025-01-29T21:12:08.000Z,0
68261e8a135f2cb0d06b16a5,Software Engineering - DERTS,Bonus tasks,,,140,done,682328e4b838d475ecd54f91,2025-01-30T09:48:42.000Z,2025-01-30T08:48:46.000Z,0
68261e8a135f2cb0d06b16a6,Biologi 2,Biologi 2,,,30,done,682328e4b838d475ecd54f9d,2025-01-29T21:41:57.000Z,2025-01-30T11:10:22.000Z,0
68261e8a135f2cb0d06b16a7,Biologi 2,Biologi 2,,,50,done,682328e4b838d475ecd54f9d,2025-01-30T12:16:58.000Z,2025-01-30T12:10:23.000Z,0
68261e8a135f2cb0d06b16a8,Biologi 2,Biologi 2,,,50,done,682328e4b838d475ecd54f9d,2025-01-30T13:28:48.000Z,2025-01-30T13:30:41.000Z,0
68261e8a135f2cb0d06b16a9,Biologi 2,Biologi 2,,,50,done,682328e4b838d475ecd54f9d,2025-01-30T14:55:07.000Z,2025-01-30T14:51:00.000Z,0
68261e8a135f2cb0d06b16aa,Biologi 2,Biologi 2,,,50,done,682328e4b838d475ecd54f9d,2025-01-30T16:15:30.000Z,2025-01-30T16:21:36.000Z,0
68261e8a135f2cb0d06b16ab,Biologi 2,Biologi 2,,,15,done,682328e4b838d475ecd54f9d,2025-01-30T17:21:46.000Z,2025-01-30T16:34:22.000Z,0
68261e8a135f2cb0d06b16ac,Biologi 2,Biologi 2,,,15,done,682328e4b838d475ecd54f9d,2025-01-30T21:00:41.000Z,2025-01-30T20:27:24.000Z,0
68261e8a135f2cb0d06b16ad,Software Engineering - SQT,Assignment 1,,,30,done,682328e4b838d475ecd54f91,2025-01-31T14:44:41.000Z,2025-01-31T13:44:44.000Z,0
68261e8a135f2cb0d06b16ae,Software Engineering - DERTS,WP2,,,300,done,682328e4b838d475ecd54f91,2025-01-31T22:50:11.000Z,2025-01-31T21:50:13.000Z,0
68261e8a135f2cb0d06b16af,Software Engineering - DERTS,WP2,,,150,done,682328e4b838d475ecd54f91,2025-02-01T10:58:17.000Z,2025-02-01T09:58:20.000Z,0
68261e8a135f2cb0d06b16b0,Biologi 2,Biologi 2,,,14,done,682328e4b838d475ecd54f9d,2025-01-30T21:00:41.000Z,2025-02-01T13:43:09.000Z,0
68261e8a135f2cb0d06b16b1,Ma4c,Ma4c,,,50,done,682328e4b838d475ecd54f9d,2025-02-01T15:01:48.000Z,2025-02-01T15:10:15.000Z,0
68261e8a135f2cb0d06b16b2,Ma4c,Ma4c,,,50,done,682328e4b838d475ecd54f9d,2025-02-01T16:40:24.000Z,2025-02-01T17:48:28.000Z,0
68261e8a135f2cb0d06b16b3,Ma4c,Ma4c,,,10,done,682328e4b838d475ecd54f9d,2025-02-01T19:39:04.000Z,2025-02-01T19:45:00.000Z,0
68261e8a135f2cb0d06b16b4,Ma4c,Ma4c,,,8,done,682328e4b838d475ecd54f9d,2025-02-01T19:39:04.000Z,2025-02-02T17:56:22.000Z,0
68261e8a135f2cb0d06b16b5,eng7,eng7,,,50,done,682328e4b838d475ecd54f9d,2025-02-02T19:06:13.000Z,2025-02-02T19:24:30.000Z,0
68261e8a135f2cb0d06b16b6,eng7,eng7,,,30,done,682328e4b838d475ecd54f9d,2025-02-02T20:24:43.000Z,2025-02-02T19:55:23.000Z,0
68261e8a135f2cb0d06b16b7,Sv3,Sv3,,,30,done,682328e4b838d475ecd54f9d,2025-02-02T21:20:00.000Z,2025-02-02T20:50:30.000Z,0
68261e8a135f2cb0d06b16b8,Sv3,Sv3,,,10,done,682328e4b838d475ecd54f9d,2025-02-02T21:58:58.000Z,2025-02-02T20:59:01.000Z,0
68261e8a135f2cb0d06b16b9,Sv3,Sv3,,,40,done,682328e4b838d475ecd54f9d,2025-02-02T21:58:58.000Z,2025-02-03T16:48:02.000Z,0
68261e8a135f2cb0d06b16ba,Ma4c,Ma4c,,,50,done,682328e4b838d475ecd54f9d,2025-02-03T18:21:01.000Z,2025-02-03T18:29:24.000Z,0
68261e8a135f2cb0d06b16bb,Ma4c,Ma4c,,,30,done,682328e4b838d475ecd54f9d,2025-02-03T19:29:47.000Z,2025-02-03T18:59:54.000Z,0
68261e8a135f2cb0d06b16bc,Sv3,Sv3,,,25,done,682328e4b838d475ecd54f9d,2025-02-03T21:15:53.000Z,2025-02-03T20:43:23.000Z,0
68261e8a135f2cb0d06b16bd,Software Engineering - DERTS,WP2,,,180,done,682328e4b838d475ecd54f91,2025-02-04T03:47:09.000Z,2025-02-04T02:47:11.000Z,0
68261e8a135f2cb0d06b16be,Sv3,Sv3,,,25,done,682328e4b838d475ecd54f9d,2025-02-03T21:15:53.000Z,2025-02-04T17:29:13.000Z,0
68261e8a135f2cb0d06b16bf,Software Engineering - DERTS,WP2,,,210,done,682328e4b838d475ecd54f91,2025-02-04T18:31:21.000Z,2025-02-04T17:31:24.000Z,0
68261e8a135f2cb0d06b16c0,Sv3,Sv3,,,30,done,682328e4b838d475ecd54f9d,2025-02-04T18:29:30.000Z,2025-02-04T17:59:31.000Z,0
68261e8a135f2cb0d06b16c1,Sv3,Sv3,,,10,done,682328e4b838d475ecd54f9d,2025-02-04T19:25:50.000Z,2025-02-04T18:34:57.000Z,0
68261e8a135f2cb0d06b16c2,Ma4c,Ma4c,,,50,done,682328e4b838d475ecd54f9d,2025-02-04T19:49:21.000Z,2025-02-04T19:43:38.000Z,0
68261e8a135f2cb0d06b16c3,fy2,fy2,,,30,done,682328e4b838d475ecd54f9d,2025-02-04T20:53:54.000Z,2025-02-04T20:24:45.000Z,0
68261e8a135f2cb0d06b16c4,fy2,fy2,,,30,done,682328e4b838d475ecd54f9d,2025-02-04T20:53:54.000Z,2025-02-05T16:05:34.000Z,0
68261e8a135f2cb0d06b16c5,fy2,fy2,,,50,done,682328e4b838d475ecd54f9d,2025-02-05T17:19:16.000Z,2025-02-05T17:16:03.000Z,0
68261e8a135f2cb0d06b16c6,fy2,fy2,,,50,done,682328e4b838d475ecd54f9d,2025-02-05T18:38:08.000Z,2025-02-05T18:27:09.000Z,0
68261e8a135f2cb0d06b16c7,Software Engineering - DERTS,WP2,,,200,done,682328e4b838d475ecd54f91,2025-02-05T19:32:00.000Z,2025-02-05T18:32:03.000Z,0
68261e8a135f2cb0d06b16c8,Ma4c,Ma4c,,,45,done,682328e4b838d475ecd54f9d,2025-02-05T20:12:57.000Z,2025-02-05T20:02:48.000Z,0
68261e8a135f2cb0d06b16c9,eng7,eng7,,,20,done,682328e4b838d475ecd54f9d,2025-02-05T21:27:32.000Z,2025-02-05T20:27:56.000Z,0
68261e8a135f2cb0d06b16ca,Software Engineering - DERTS,WP2,,,60,done,682328e4b838d475ecd54f91,2025-02-06T13:50:36.000Z,2025-02-06T12:50:37.000Z,0
68261e8a135f2cb0d06b16cb,Software Engineering - SQT,Assignment 1,,,20,done,682328e4b838d475ecd54f91,2025-02-06T13:51:01.000Z,2025-02-06T12:51:02.000Z,0
68261e8a135f2cb0d06b16cc,eng7,eng7,,,40,done,682328e4b838d475ecd54f9d,2025-02-05T21:27:32.000Z,2025-02-06T19:02:51.000Z,0
68261e8a135f2cb0d06b16cd,Software Engineering - SQT,Literature,,,250,done,682328e4b838d475ecd54f91,2025-02-07T10:02:16.000Z,2025-02-07T09:02:19.000Z,0
68261e8a135f2cb0d06b16ce,Ma4c,Ma4c,,,50,done,682328e4b838d475ecd54f9d,2025-02-08T12:59:46.000Z,2025-02-08T12:55:57.000Z,0
68261e8a135f2cb0d06b16cf,Ma4c,Ma4c,,,50,done,682328e4b838d475ecd54f9d,2025-02-08T15:12:45.000Z,2025-02-08T15:09:32.000Z,0
68261e8a135f2cb0d06b16d0,Ma4c,Ma4c,,,50,done,682328e4b838d475ecd54f9d,2025-02-08T16:21:06.000Z,2025-02-08T16:09:39.000Z,0
68261e8a135f2cb0d06b16d1,Biologi 2,Biologi 2,,,30,done,682328e4b838d475ecd54f9d,2025-02-08T17:31:41.000Z,2025-02-08T17:08:36.000Z,0
68261e8a135f2cb0d06b16d2,Biologi 2,Biologi 2,,,50,done,682328e4b838d475ecd54f9d,2025-02-08T20:15:39.000Z,2025-02-08T20:16:25.000Z,0
68261e8a135f2cb0d06b16d3,Biologi 2,Biologi 2,,,40,done,682328e4b838d475ecd54f9d,2025-02-08T22:06:46.000Z,2025-02-08T21:48:01.000Z,0
68261e8a135f2cb0d06b16d4,Biologi 2,Biologi 2,,,5,done,682328e4b838d475ecd54f9d,2025-02-08T22:48:15.000Z,2025-02-08T21:54:39.000Z,0
68261e8a135f2cb0d06b16d5,Software Engineering - SQT,Literature,,,60,done,682328e4b838d475ecd54f91,2025-02-09T11:45:41.000Z,2025-02-09T10:45:43.000Z,0
68261e8a135f2cb0d06b16d6,Biologi 2,Biologi 2,,,6,done,682328e4b838d475ecd54f9d,2025-02-08T22:48:15.000Z,2025-02-09T11:49:11.000Z,0
68261e8a135f2cb0d06b16d7,Software Engineering - SQT,Literature,,,90,done,682328e4b838d475ecd54f91,2025-02-09T13:03:28.000Z,2025-02-09T12:03:30.000Z,0
68261e8a135f2cb0d06b16d8,Biologi 2,Biologi 2,,,30,done,682328e4b838d475ecd54f9d,2025-02-09T12:49:36.000Z,2025-02-09T12:10:00.000Z,0
68261e8a135f2cb0d06b16d9,Biologi 2,Biologi 2,,,50,done,682328e4b838d475ecd54f9d,2025-02-09T19:55:10.000Z,2025-02-09T20:40:26.000Z,0
68261e8a135f2cb0d06b16da,Biologi 2,Biologi 2,,,30,done,682328e4b838d475ecd54f9d,2025-02-09T21:46:10.000Z,2025-02-09T21:18:22.000Z,0
68261e8a135f2cb0d06b16db,Sv3,Sv3,,,25,done,682328e4b838d475ecd54f9d,2025-02-09T22:30:41.000Z,2025-02-09T21:57:27.000Z,0
68261e8a135f2cb0d06b16dc,Sv3,Sv3,,,25,done,682328e4b838d475ecd54f9d,2025-02-09T22:30:41.000Z,2025-02-09T22:01:36.000Z,0
68261e8a135f2cb0d06b16dd,Software Engineering - SQT,Literature,,,180,done,682328e4b838d475ecd54f91,2025-02-10T14:30:42.000Z,2025-02-10T13:30:45.000Z,0
68261e8a135f2cb0d06b162a,Biologi 2,Biologi 2,,,50,done,682328e4b838d475ecd54f9d,2024-12-27T21:22:02.000Z,2024-12-27T21:14:11.000Z,0
68261e8a135f2cb0d06b162b,Biologi 2,Biologi 2,,,30,done,682328e4b838d475ecd54f9d,2024-12-27T22:14:23.000Z,2024-12-27T21:42:46.000Z,0
68261e8a135f2cb0d06b16e0,Sv3,Sv3,,,50,done,682328e4b838d475ecd54f9d,2025-02-10T16:28:01.000Z,2025-02-10T16:08:30.000Z,0
68261e8a135f2cb0d06b16e1,Sv3,Sv3,,,50,done,682328e4b838d475ecd54f9d,2025-02-10T19:16:13.000Z,2025-02-10T19:12:40.000Z,0
68261e8a135f2cb0d06b16e2,Software Engineering - SQT,Literature,,,60,done,682328e4b838d475ecd54f91,2025-02-10T23:23:09.000Z,2025-02-10T22:23:12.000Z,0
68261e8a135f2cb0d06b16e3,Software Engineering - SQT,Literature,,,150,done,682328e4b838d475ecd54f91,2025-02-11T23:03:46.000Z,2025-02-11T22:03:50.000Z,0
68261e8a135f2cb0d06b16e4,Sv3,Sv3,,,50,done,682328e4b838d475ecd54f9d,2025-02-13T22:36:50.000Z,2025-02-13T21:36:54.000Z,0
68261e8a135f2cb0d06b16e5,Sv3,Sv3,,,15,done,682328e4b838d475ecd54f9d,2025-02-13T22:38:37.000Z,2025-02-13T21:54:04.000Z,0
68261e8a135f2cb0d06b16e6,Sv3,Sv3,,,15,done,682328e4b838d475ecd54f9d,2025-02-13T22:38:37.000Z,2025-02-13T22:04:11.000Z,0
68261e8a135f2cb0d06b16e7,Sv3,Sv3,,,20,done,682328e4b838d475ecd54f9d,2025-02-13T23:05:06.000Z,2025-02-13T22:35:08.000Z,0
68261e8a135f2cb0d06b16e8,fy2,fy2,,,9,done,682328e4b838d475ecd54f9d,2025-02-14T00:07:28.000Z,2025-02-13T23:16:36.000Z,0
68261e8a135f2cb0d06b16e9,Software Engineering - SQT,Assignment 2,,,180,done,682328e4b838d475ecd54f91,2025-02-14T22:35:59.000Z,2025-02-14T21:36:03.000Z,0
68261e8a135f2cb0d06b16ea,Software Engineering - SQT,Assignment 2,,,150,done,682328e4b838d475ecd54f91,2025-02-15T17:43:00.000Z,2025-02-15T16:43:02.000Z,0
68261e8a135f2cb0d06b16eb,Biologi 2,Biologi 2,,,50,done,682328e4b838d475ecd54f9d,2025-02-16T20:21:52.000Z,2025-02-16T20:16:17.000Z,0
68261e8a135f2cb0d06b16ec,Biologi 2,Biologi 2,,,50,done,682328e4b838d475ecd54f9d,2025-02-16T20:21:52.000Z,2025-02-16T22:03:06.000Z,0
68261e8a135f2cb0d06b16ed,Biologi 2,Biologi 2,,,30,done,682328e4b838d475ecd54f9d,2025-02-16T23:03:34.000Z,2025-02-16T22:32:39.000Z,0
68261e8a135f2cb0d06b16ee,Software Engineering - DERTS,WP3,,,300,done,682328e4b838d475ecd54f91,2025-02-17T21:56:54.000Z,2025-02-17T20:56:57.000Z,0
68261e8a135f2cb0d06b16ef,Software Engineering - SQT,Assignment 2,,,240,done,682328e4b838d475ecd54f91,2025-02-17T21:59:14.000Z,2025-02-17T20:59:16.000Z,0
68261e8a135f2cb0d06b16f0,Ma4c,Ma4c,,,50,done,682328e4b838d475ecd54f9d,2025-02-17T22:40:13.000Z,2025-02-17T22:33:36.000Z,0
68261e8a135f2cb0d06b16f1,Ma4c,Ma4c,,,50,done,682328e4b838d475ecd54f9d,2025-02-17T23:36:11.000Z,2025-02-17T23:27:55.000Z,0
68261e8a135f2cb0d06b16f2,Ma4c,Ma4c,,,50,done,682328e4b838d475ecd54f9d,2025-02-17T23:36:11.000Z,2025-02-18T13:27:54.000Z,0
68261e8a135f2cb0d06b16f3,Ma4c,Ma4c,,,50,done,682328e4b838d475ecd54f9d,2025-02-18T14:34:51.000Z,2025-02-18T14:29:26.000Z,0
68261e8a135f2cb0d06b16f4,Ma4c,Ma4c,,,50,done,682328e4b838d475ecd54f9d,2025-02-18T18:12:08.000Z,2025-02-18T19:50:14.000Z,0
68261e8a135f2cb0d06b16f5,Ma4c,Ma4c,,,20,done,682328e4b838d475ecd54f9d,2025-02-18T22:24:30.000Z,2025-02-18T21:55:47.000Z,0
68261e8a135f2cb0d06b16f6,Ma4c,Ma4c,,,20,done,682328e4b838d475ecd54f9d,2025-02-18T22:24:30.000Z,2025-02-18T22:02:53.000Z,0
68261e8a135f2cb0d06b16f7,Ma4c,Ma4c,,,50,done,682328e4b838d475ecd54f9d,2025-02-18T23:05:11.000Z,2025-02-18T23:21:16.000Z,0
68261e8a135f2cb0d06b16f8,Ma4c,Ma4c,,,40,done,682328e4b838d475ecd54f9d,2025-02-19T00:36:10.000Z,2025-02-18T23:56:20.000Z,0
68261e8a135f2cb0d06b16f9,fy2,fy2,,,50,done,682328e4b838d475ecd54f9d,2025-02-19T18:54:06.000Z,2025-02-19T18:58:23.000Z,0
68261e8a135f2cb0d06b16fa,fy2,fy2,,,25,done,682328e4b838d475ecd54f9d,2025-02-19T20:01:32.000Z,2025-02-19T19:40:10.000Z,0
68261e8a135f2cb0d06b16fb,fy2,fy2,,,25,done,682328e4b838d475ecd54f9d,2025-02-19T20:01:32.000Z,2025-02-20T12:26:18.000Z,0
68261e8a135f2cb0d06b16fc,fy2,fy2,,,25,done,682328e4b838d475ecd54f9d,2025-02-19T20:01:32.000Z,2025-02-20T12:46:29.000Z,0
68261e8a135f2cb0d06b16fd,fy2,fy2,,,50,done,682328e4b838d475ecd54f9d,2025-02-20T13:57:14.000Z,2025-02-20T13:49:34.000Z,0
68261e8a135f2cb0d06b16fe,fy2,fy2,,,50,done,682328e4b838d475ecd54f9d,2025-02-20T18:45:05.000Z,2025-02-20T18:49:58.000Z,0
68261e8a135f2cb0d06b16ff,Software Engineering - DERTS,WP4,,,200,done,682328e4b838d475ecd54f91,2025-02-20T20:05:51.000Z,2025-02-20T19:05:55.000Z,0
68261e8a135f2cb0d06b1700,fy2,fy2,,,50,done,682328e4b838d475ecd54f9d,2025-02-20T20:20:28.000Z,2025-02-20T20:49:34.000Z,0
68261e8a135f2cb0d06b1701,fy2,fy2,,,133,done,682328e4b838d475ecd54f9d,2025-02-20T21:55:53.000Z,2025-02-20T23:18:34.000Z,0
68261e8a135f2cb0d06b1702,GA,GA,,,50,done,682328e4b838d475ecd54f9d,2025-02-21T18:10:07.000Z,2025-02-21T18:21:06.000Z,0
68261e8a135f2cb0d06b1703,GA,GA,,,50,done,682328e4b838d475ecd54f9d,2025-02-21T19:24:02.000Z,2025-02-21T19:18:05.000Z,0
68261e8a135f2cb0d06b1704,GA,GA,,,40,done,682328e4b838d475ecd54f9d,2025-02-21T20:21:59.000Z,2025-02-21T20:02:16.000Z,0
68261e8a135f2cb0d06b1705,GA,GA,,,40,done,682328e4b838d475ecd54f9d,2025-02-21T20:21:59.000Z,2025-02-21T22:09:20.000Z,0
68261e8a135f2cb0d06b1706,GA,GA,,,40,done,682328e4b838d475ecd54f9d,2025-02-21T20:21:59.000Z,2025-02-22T12:00:40.000Z,0
68261e8a135f2cb0d06b1707,Sv3,Sv3,,,50,done,682328e4b838d475ecd54f9d,2025-02-22T13:04:11.000Z,2025-02-22T13:04:26.000Z,0
68261e8a135f2cb0d06b1708,Sv3,Sv3,,,30,done,682328e4b838d475ecd54f9d,2025-02-22T15:00:33.000Z,2025-02-22T14:29:51.000Z,0
68261e8a135f2cb0d06b1709,Ma4c,Ma4c,,,50,done,682328e4b838d475ecd54f9d,2025-02-22T16:45:19.000Z,2025-02-22T16:36:27.000Z,0
68261e8a135f2cb0d06b170a,Ma4c,Ma4c,,,50,done,682328e4b838d475ecd54f9d,2025-02-22T19:39:28.000Z,2025-02-22T20:11:25.000Z,0
68261e8a135f2cb0d06b170b,Ma4c,Ma4c,,,50,done,682328e4b838d475ecd54f9d,2025-02-22T21:44:55.000Z,2025-02-22T21:36:08.000Z,0
68261e8a135f2cb0d06b170c,Software Engineering - DERTS,WP4,,,300,done,682328e4b838d475ecd54f91,2025-02-21T23:34:12.000Z,2025-02-22T22:34:15.000Z,0
68261e8a135f2cb0d06b170d,GA,GA,,,50,done,682328e4b838d475ecd54f9d,2025-02-23T13:59:12.000Z,2025-02-23T14:27:57.000Z,0
68261e8a135f2cb0d06b170e,GA,GA,,,20,done,682328e4b838d475ecd54f9d,2025-02-23T15:30:33.000Z,2025-02-23T14:52:23.000Z,0
68261e8a135f2cb0d06b170f,GA,GA,,,35,done,682328e4b838d475ecd54f9d,2025-02-23T21:23:26.000Z,2025-02-23T21:03:14.000Z,0
68261e8a135f2cb0d06b1710,religion,religion,,,40,done,682328e4b838d475ecd54f9d,2025-02-23T22:04:16.000Z,2025-02-23T21:47:39.000Z,0
68261e8a135f2cb0d06b1711,Software Engineering - SQT,Literature,,,50,done,682328e4b838d475ecd54f91,2025-02-24T06:18:00.000Z,2025-02-24T05:18:01.000Z,0
68261e8a135f2cb0d06b1712,Software Engineering - SQT,Literature,,,60,done,682328e4b838d475ecd54f91,2025-02-24T08:30:11.000Z,2025-02-24T07:30:14.000Z,0
68261e8a135f2cb0d06b1713,religion,religion,,,41,done,682328e4b838d475ecd54f9d,2025-02-23T22:04:16.000Z,2025-02-24T13:49:03.000Z,0
68261e8a135f2cb0d06b1714,GA,GA,,,25,done,682328e4b838d475ecd54f9d,2025-02-24T14:49:29.000Z,2025-02-24T14:22:39.000Z,0
68261e8a135f2cb0d06b1715,Software Engineering - SQT,Literature,,,50,done,682328e4b838d475ecd54f91,2025-02-24T17:40:25.000Z,2025-02-24T16:40:26.000Z,0
68261e8a135f2cb0d06b1716,GA,GA,,,24,done,682328e4b838d475ecd54f9d,2025-02-24T14:49:29.000Z,2025-02-24T18:03:10.000Z,0
68261e8a135f2cb0d06b1717,GA,GA,,,50,done,682328e4b838d475ecd54f9d,2025-02-24T19:03:45.000Z,2025-02-24T19:22:26.000Z,0
68261e8a135f2cb0d06b1718,GA,GA,,,30,done,682328e4b838d475ecd54f9d,2025-02-24T20:22:46.000Z,2025-02-24T19:52:19.000Z,0
68261e8a135f2cb0d06b1719,GA,GA,,,35,done,682328e4b838d475ecd54f9d,2025-02-24T21:09:14.000Z,2025-02-24T20:58:44.000Z,0
68261e8a135f2cb0d06b171a,Software Engineering - SQT,Assignment 3,,,50,done,682328e4b838d475ecd54f91,2025-02-25T13:03:05.000Z,2025-02-25T12:03:08.000Z,0
68261e8a135f2cb0d06b171b,Software Engineering - SQT,Assignment 3,,,45,done,682328e4b838d475ecd54f91,2025-02-25T17:19:04.000Z,2025-02-25T16:19:06.000Z,0
68261e8a135f2cb0d06b171c,GA,GA,,,39,done,682328e4b838d475ecd54f9d,2025-02-24T21:09:14.000Z,2025-02-25T16:32:55.000Z,0
68261e8a135f2cb0d06b171d,Ma4c,Ma4c,,,50,done,682328e4b838d475ecd54f9d,2025-02-25T17:41:05.000Z,2025-02-25T18:01:48.000Z,0
68261e8a135f2cb0d06b171e,Ma4c,Ma4c,,,40,done,682328e4b838d475ecd54f9d,2025-02-25T19:26:38.000Z,2025-02-25T19:11:49.000Z,0
68261e8a135f2cb0d06b171f,fy2,fy2,,,45,done,682328e4b838d475ecd54f9d,2025-02-25T20:32:02.000Z,2025-02-25T20:45:49.000Z,0
68261e8a135f2cb0d06b1720,Sv3,Sv3,,,15,done,682328e4b838d475ecd54f9d,2025-02-25T22:16:43.000Z,2025-02-25T21:16:48.000Z,0
68261e8a135f2cb0d06b1721,Software Engineering - SQT,Assignment 3,,,60,done,682328e4b838d475ecd54f91,2025-02-26T14:10:46.000Z,2025-02-26T13:10:49.000Z,0
68261e8a135f2cb0d06b1722,Software Engineering - SQT,Assignment 3,,,50,done,682328e4b838d475ecd54f91,2025-02-26T20:22:09.000Z,2025-02-26T19:22:12.000Z,0
68261e8a135f2cb0d06b1723,Ma4c,Ma4c,,,50,done,682328e4b838d475ecd54f9d,2025-02-27T05:36:37.000Z,2025-02-27T05:27:23.000Z,0
68261e8a135f2cb0d06b1724,Ma4c,Ma4c,,,30,done,682328e4b838d475ecd54f9d,2025-02-27T06:28:10.000Z,2025-02-27T05:58:23.000Z,0
68261e8a135f2cb0d06b1725,mikro,mikro,,,10,done,682328e4b838d475ecd54f9d,2025-02-27T11:05:26.000Z,2025-02-27T10:16:13.000Z,0
68261e8a135f2cb0d06b1726,mikro,mikro,,,11,done,682328e4b838d475ecd54f9d,2025-02-27T11:05:26.000Z,2025-02-27T16:40:59.000Z,0
68261e8a135f2cb0d06b1727,Software Engineering - SQT,Literature,,,200,done,682328e4b838d475ecd54f91,2025-02-27T18:06:24.000Z,2025-02-27T17:06:26.000Z,0
68261e8a135f2cb0d06b1728,Software Engineering - SQT,Assignment 3,,,120,done,682328e4b838d475ecd54f91,2025-02-27T18:06:45.000Z,2025-02-27T17:06:48.000Z,0
68261e8a135f2cb0d06b1729,fy2,fy2,,,50,done,682328e4b838d475ecd54f9d,2025-02-27T17:52:14.000Z,2025-02-27T17:43:44.000Z,0
68261e8a135f2cb0d06b172a,fy2,fy2,,,50,done,682328e4b838d475ecd54f9d,2025-02-27T19:28:21.000Z,2025-02-27T19:37:10.000Z,0
68261e8a135f2cb0d06b172b,fy2,fy2,,,15,done,682328e4b838d475ecd54f9d,2025-02-27T21:25:34.000Z,2025-02-27T20:40:35.000Z,0
68261e8a135f2cb0d06b172c,fy2,fy2,,,15,done,682328e4b838d475ecd54f9d,2025-02-27T21:25:34.000Z,2025-03-01T10:10:47.000Z,0
68261e8a135f2cb0d06b172d,fy2,fy2,,,15,done,682328e4b838d475ecd54f9d,2025-02-27T21:25:34.000Z,2025-03-01T10:13:12.000Z,0
68261e8a135f2cb0d06b172e,Ma4c,Ma4c,,,50,done,682328e4b838d475ecd54f9d,2025-03-01T11:26:48.000Z,2025-03-01T11:32:57.000Z,0
68261e8a135f2cb0d06b172f,Ma4c,Ma4c,,,50,done,682328e4b838d475ecd54f9d,2025-03-01T12:33:35.000Z,2025-03-01T13:01:13.000Z,0
68261e8a135f2cb0d06b1730,Ma4c,Ma4c,,,50,done,682328e4b838d475ecd54f9d,2025-03-01T14:24:26.000Z,2025-03-01T14:59:04.000Z,0
68261e8a135f2cb0d06b1731,Biologi 2,Biologi 2,,,50,done,682328e4b838d475ecd54f9d,2025-03-01T19:40:48.000Z,2025-03-01T20:08:39.000Z,0
68261e8a135f2cb0d06b1732,Software Engineering - SQT,Assignment 3,,,90,done,682328e4b838d475ecd54f91,2025-03-01T22:02:23.000Z,2025-03-01T21:02:25.000Z,0
68261e8a135f2cb0d06b1733,Software Engineering - DERTS,WP5,,,120,done,682328e4b838d475ecd54f91,2025-03-01T22:02:50.000Z,2025-03-01T21:02:52.000Z,0
68261e8a135f2cb0d06b1734,Quran,Bayyinah,,,150,done,682328e4b838d475ecd54f91,2025-03-01T22:03:40.000Z,2025-03-01T21:03:43.000Z,0
68261e8a135f2cb0d06b1735,Biologi 2,Biologi 2,,,50,done,682328e4b838d475ecd54f9d,2025-03-01T21:55:43.000Z,2025-03-01T21:45:44.000Z,0
68261e8a135f2cb0d06b1736,Biologi 2,Biologi 2,,,50,done,682328e4b838d475ecd54f9d,2025-03-01T21:55:43.000Z,2025-03-01T22:16:49.000Z,0
68261e8a135f2cb0d06b1737,mikro,mikro,,,15,done,682328e4b838d475ecd54f9d,2025-03-01T23:17:02.000Z,2025-03-01T22:31:08.000Z,0
68261e8a135f2cb0d06b1738,mikro,mikro,,,14,done,682328e4b838d475ecd54f9d,2025-03-01T23:17:02.000Z,2025-03-02T11:28:36.000Z,0
68261e8a135f2cb0d06b1739,Software Engineering - DERTS,WP5,,,120,done,682328e4b838d475ecd54f91,2025-03-02T21:15:03.000Z,2025-03-02T20:15:06.000Z,0
68261e8a135f2cb0d06b173a,Quran,Bayyinah,,,45,done,682328e4b838d475ecd54f91,2025-03-02T21:15:25.000Z,2025-03-02T20:15:28.000Z,0
68261e8a135f2cb0d06b173b,Software Engineering - SQT,Assignment 3,,,30,done,682328e4b838d475ecd54f91,2025-03-02T21:16:12.000Z,2025-03-02T20:16:14.000Z,0
68261e8a135f2cb0d06b173c,Software Engineering - SQT,Literature,,,180,done,682328e4b838d475ecd54f91,2025-03-03T16:09:11.000Z,2025-03-03T15:09:13.000Z,0
68261e8a135f2cb0d06b173d,Biologi 2,Biologi 2,,,15,done,682328e4b838d475ecd54f9d,2025-03-03T20:04:27.000Z,2025-03-03T19:04:30.000Z,0
68261e8a135f2cb0d06b173e,Biologi 2,Biologi 2,,,20,done,682328e4b838d475ecd54f9d,2025-03-03T20:05:01.000Z,2025-03-03T19:29:19.000Z,0
68261e8a135f2cb0d06b173f,Biologi 2,Biologi 2,,,21,done,682328e4b838d475ecd54f9d,2025-03-03T20:05:01.000Z,2025-03-04T03:44:12.000Z,0
68261e8a135f2cb0d06b1740,fy2,fy2,,,50,done,682328e4b838d475ecd54f9d,2025-03-04T04:46:43.000Z,2025-03-04T04:43:19.000Z,0
68261e8a135f2cb0d06b1741,fy2,fy2,,,50,done,682328e4b838d475ecd54f9d,2025-03-04T06:00:48.000Z,2025-03-04T05:55:45.000Z,0
68261e8a135f2cb0d06b1742,Software Engineering - SQT,Literature,,,90,done,682328e4b838d475ecd54f91,2025-03-04T11:21:44.000Z,2025-03-04T10:21:47.000Z,0
68261e8a135f2cb0d06b1743,Ma4c,Ma4c,,,60,done,682328e4b838d475ecd54f9d,2025-03-04T15:39:23.000Z,2025-03-04T15:09:24.000Z,0
68261e8a135f2cb0d06b1744,Biologi 2,Biologi 2,,,20,done,682328e4b838d475ecd54f9d,2025-03-04T19:39:52.000Z,2025-03-04T18:55:00.000Z,0
68261e8a135f2cb0d06b1745,Biologi 2,Biologi 2,,,15,done,682328e4b838d475ecd54f9d,2025-03-04T19:39:52.000Z,2025-03-05T03:43:52.000Z,0
68261e8a135f2cb0d06b1746,fy2,fy2,,,50,done,682328e4b838d475ecd54f9d,2025-03-05T04:49:51.000Z,2025-03-05T04:39:52.000Z,0
68261e8a135f2cb0d06b1747,fy2,fy2,,,15,done,682328e4b838d475ecd54f9d,2025-03-05T05:43:36.000Z,2025-03-05T05:02:21.000Z,0
68261e8a135f2cb0d06b1748,Ma4c,Ma4c,,,45,done,682328e4b838d475ecd54f9d,2025-03-05T12:17:20.000Z,2025-03-05T12:51:29.000Z,0
68261e8a135f2cb0d06b1749,Software Engineering - DERTS,WP6,,,150,done,682328e4b838d475ecd54f91,2025-03-05T19:23:01.000Z,2025-03-05T18:23:03.000Z,0
68261e8a135f2cb0d06b174a,Quran,Bayyinah,,,120,done,682328e4b838d475ecd54f91,2025-03-05T21:35:46.000Z,2025-03-05T20:35:48.000Z,0
68261e8a135f2cb0d06b174b,Ma4c,Ma4c,,,67,done,682328e4b838d475ecd54f9d,2025-03-05T12:17:20.000Z,2025-03-06T03:58:21.000Z,0
68261e8a135f2cb0d06b174c,fy2,fy2,,,60,done,682328e4b838d475ecd54f9d,2025-03-06T05:00:28.000Z,2025-03-06T04:50:30.000Z,0
68261e8a135f2cb0d06b174d,Ma4c,Ma4c,,,20,done,682328e4b838d475ecd54f9d,2025-03-06T10:43:37.000Z,2025-03-06T18:19:49.000Z,0
68261e8a135f2cb0d06b174e,Biologi 2,Biologi 2,,,30,done,682328e4b838d475ecd54f9d,2025-03-06T19:21:24.000Z,2025-03-06T19:03:29.000Z,0
68261e8a135f2cb0d06b174f,Software Engineering - SQT,Assignment 4,,,45,done,682328e4b838d475ecd54f91,2025-03-06T21:19:31.000Z,2025-03-06T20:19:33.000Z,0
68261e8a135f2cb0d06b1750,Software Engineering - SQT,Assignment 4,,,70,done,682328e4b838d475ecd54f91,2025-03-06T21:20:01.000Z,2025-03-06T20:20:03.000Z,0
68261e8a135f2cb0d06b1751,Software Engineering - DERTS,WP7,,,70,done,682328e4b838d475ecd54f91,2025-03-06T21:20:35.000Z,2025-03-06T20:20:38.000Z,0
68261e8a135f2cb0d06b1752,Biologi 2,Biologi 2,,,29,done,682328e4b838d475ecd54f9d,2025-03-06T19:21:24.000Z,2025-03-07T04:45:14.000Z,0
68261e8a135f2cb0d06b1753,fy2,fy2,,,45,done,682328e4b838d475ecd54f9d,2025-03-07T05:45:45.000Z,2025-03-07T06:11:17.000Z,0
68261e8a135f2cb0d06b1754,Software Engineering - SDM,Home Exam,,,400,done,682328e4b838d475ecd54f91,2025-03-08T01:49:12.000Z,2025-03-08T00:49:16.000Z,0
68261e8a135f2cb0d06b1755,fy2,fy2,,,45,done,682328e4b838d475ecd54f9d,2025-03-07T05:45:45.000Z,2025-03-08T08:57:51.000Z,0
68261e8a135f2cb0d06b1756,Ma4c,Ma4c,,,60,done,682328e4b838d475ecd54f9d,2025-03-08T10:04:23.000Z,2025-03-08T10:08:39.000Z,0
68261e8a135f2cb0d06b1757,Ma4c,Ma4c,,,15,done,682328e4b838d475ecd54f9d,2025-03-08T21:38:55.000Z,2025-03-08T20:53:14.000Z,0
68261e8a135f2cb0d06b1758,Biologi 2,Biologi 2,,,50,done,682328e4b838d475ecd54f9d,2025-03-08T21:55:14.000Z,2025-03-08T21:48:03.000Z,0
68261e8a135f2cb0d06b1759,Biologi 2,Biologi 2,,,50,done,682328e4b838d475ecd54f9d,2025-03-08T21:55:14.000Z,2025-03-08T22:55:58.000Z,0
68261e8a135f2cb0d06b175a,Biologi 2,Biologi 2,,,50,done,682328e4b838d475ecd54f9d,2025-03-08T23:56:10.000Z,2025-03-08T23:46:48.000Z,0
68261e8a135f2cb0d06b175b,fy2,fy2,,,50,done,682328e4b838d475ecd54f9d,2025-03-09T02:15:55.000Z,2025-03-09T01:45:32.000Z,0
68261e8a135f2cb0d06b175c,fy2,fy2,,,30,done,682328e4b838d475ecd54f9d,2025-03-09T02:15:55.000Z,2025-03-09T14:13:06.000Z,0
68261e8a135f2cb0d06b175d,Biologi 2,Biologi 2,,,10,done,682328e4b838d475ecd54f9d,2025-03-09T15:20:48.000Z,2025-03-09T14:30:48.000Z,0
68261e8a135f2cb0d06b175e,Software Engineering - SDM,Home Exam,,,120,done,682328e4b838d475ecd54f91,2025-03-09T22:58:16.000Z,2025-03-09T21:58:19.000Z,0
68261e8a135f2cb0d06b175f,Software Engineering - SDM,Home Exam,,,120,done,682328e4b838d475ecd54f91,2025-03-09T22:58:32.000Z,2025-03-09T21:58:34.000Z,0
68261e8a135f2cb0d06b1760,Quran,Bayyinah,,,120,done,682328e4b838d475ecd54f91,2025-03-09T22:58:51.000Z,2025-03-09T21:58:52.000Z,0
68261e8a135f2cb0d06b1761,Biologi 2,Biologi 2,,,131,done,682328e4b838d475ecd54f9d,2025-03-09T18:39:33.000Z,2025-03-09T22:28:35.000Z,0
68261e8a135f2cb0d06b1762,Biologi 2,Biologi 2,,,50,done,682328e4b838d475ecd54f9d,2025-03-09T23:39:32.000Z,2025-03-09T23:36:47.000Z,0
68261e8a135f2cb0d06b1763,fy2,fy2,,,40,done,682328e4b838d475ecd54f9d,2025-03-10T01:37:16.000Z,2025-03-10T01:29:55.000Z,0
68261e8a135f2cb0d06b1764,Software Engineering - DERTS,Exam Preparation,,,210,done,682328e4b838d475ecd54f91,2025-03-10T15:51:28.000Z,2025-03-10T14:51:35.000Z,0
68261e8a135f2cb0d06b1765,fy2,fy2,,,50,done,682328e4b838d475ecd54f9d,2025-03-10T19:11:06.000Z,2025-03-10T19:56:42.000Z,0
68261e8a135f2cb0d06b1766,fy2,fy2,,,10,done,682328e4b838d475ecd54f9d,2025-03-10T21:11:47.000Z,2025-03-10T21:00:49.000Z,0
68261e8a135f2cb0d06b1767,Software Engineering - DERTS,Exam Preparation,,,240,done,682328e4b838d475ecd54f91,2025-03-10T22:59:20.000Z,2025-03-10T21:59:24.000Z,0
68261e8a135f2cb0d06b1768,fy2,fy2,,,9,done,682328e4b838d475ecd54f9d,2025-03-10T21:11:47.000Z,2025-03-11T09:13:35.000Z,0
68261e8a135f2cb0d06b1769,Ma4c,Ma4c,,,20,done,682328e4b838d475ecd54f9d,2025-03-11T10:14:33.000Z,2025-03-11T09:37:38.000Z,0
68261e8a135f2cb0d06b176a,Software Engineering - DERTS,Exam Preparation,,,60,done,682328e4b838d475ecd54f91,2025-03-11T11:14:17.000Z,2025-03-11T10:14:21.000Z,0
68261e8a135f2cb0d06b176b,Biologi 2,Biologi 2,,,41,done,682328e4b838d475ecd54f9d,2025-03-11T15:18:55.000Z,2025-03-11T15:42:28.000Z,0
68261e8a135f2cb0d06b176c,Biologi 2,Biologi 2,,,40,done,682328e4b838d475ecd54f9d,2025-03-11T16:43:14.000Z,2025-03-11T15:43:16.000Z,0
68261e8a135f2cb0d06b176d,Software Engineering - SDM,Home Exam,,,45,done,682328e4b838d475ecd54f91,2025-03-11T20:42:02.000Z,2025-03-11T19:42:06.000Z,0
68261e8a135f2cb0d06b176e,Biologi 2,Biologi 2,,,50,done,682328e4b838d475ecd54f9d,2025-03-11T20:13:33.000Z,2025-03-11T21:04:32.000Z,0
68261e8a135f2cb0d06b176f,Biologi 2,Biologi 2,,,10,done,682328e4b838d475ecd54f9d,2025-03-11T22:10:24.000Z,2025-03-11T21:20:19.000Z,0
68261e8a135f2cb0d06b1770,Biologi 2,Biologi 2,,,10,done,682328e4b838d475ecd54f9d,2025-03-11T22:10:24.000Z,2025-03-12T10:04:20.000Z,0
68261e8a135f2cb0d06b1771,Ma4c,Ma4c,,,10,done,682328e4b838d475ecd54f9d,2025-03-12T11:04:48.000Z,2025-03-12T11:35:11.000Z,0
68261e8a135f2cb0d06b1772,Software Engineering - DERTS,Exam Preparation,,,165,done,682328e4b838d475ecd54f91,2025-03-12T17:06:42.000Z,2025-03-12T16:06:46.000Z,0
68261e8a135f2cb0d06b1773,Software Engineering - DERTS,Exam Preparation,,,150,done,682328e4b838d475ecd54f91,2025-03-13T00:23:51.000Z,2025-03-12T23:23:55.000Z,0
68261e8a135f2cb0d06b1774,Ma4c,Ma4c,,,90,done,682328e4b838d475ecd54f9d,2025-03-12T11:04:48.000Z,2025-03-13T08:18:51.000Z,0
68261e8a135f2cb0d06b1775,Biologi 2,Biologi 2,,,50,done,682328e4b838d475ecd54f9d,2025-03-13T09:31:43.000Z,2025-03-13T09:03:35.000Z,0
68261e8a135f2cb0d06b1776,Biologi 2,Biologi 2,,,50,done,682328e4b838d475ecd54f9d,2025-03-13T12:18:30.000Z,2025-03-13T12:43:25.000Z,0
68261e8a135f2cb0d06b1777,Software Engineering - DERTS,Exam Preparation,,,90,done,682328e4b838d475ecd54f91,2025-03-13T14:16:30.000Z,2025-03-13T13:16:35.000Z,0
68261e8a135f2cb0d06b1778,Biologi 2,Biologi 2,,,50,done,682328e4b838d475ecd54f9d,2025-03-13T13:44:07.000Z,2025-03-13T13:59:25.000Z,0
68261e8a135f2cb0d06b1779,Software Engineering - DERTS,Exam Preparation,,,90,done,682328e4b838d475ecd54f91,2025-03-13T16:47:11.000Z,2025-03-13T15:47:17.000Z,0
68261e8a135f2cb0d06b177a,Software Engineering - SQT,Assignment 4,,,180,done,682328e4b838d475ecd54f91,2025-03-14T00:31:36.000Z,2025-03-13T23:31:38.000Z,0
68261e8a135f2cb0d06b177b,Biologi 2,Biologi 2,,,51,done,682328e4b838d475ecd54f9d,2025-03-13T13:44:07.000Z,2025-03-14T04:15:57.000Z,0
68261e8a135f2cb0d06b177c,Biologi 2,Biologi 2,,,50,done,682328e4b838d475ecd54f9d,2025-03-14T05:25:31.000Z,2025-03-14T06:25:11.000Z,0
68261e8a135f2cb0d06b177d,Biologi 2,Biologi 2,,,25,done,682328e4b838d475ecd54f9d,2025-03-14T07:27:07.000Z,2025-03-14T06:52:50.000Z,0
68261e8a135f2cb0d06b177e,Ma4c,Ma4c,,,50,done,682328e4b838d475ecd54f9d,2025-03-14T07:55:24.000Z,2025-03-14T07:55:42.000Z,0
68261e8a135f2cb0d06b177f,Software Engineering - SQT,Exam Preparation,,,150,done,682328e4b838d475ecd54f91,2025-03-14T19:59:56.000Z,2025-03-14T19:00:01.000Z,0
68261e8a135f2cb0d06b1780,Software Engineering - SQT,Exam Preparation,,,150,done,682328e4b838d475ecd54f91,2025-03-14T22:49:12.000Z,2025-03-14T21:49:17.000Z,0
68261e8a135f2cb0d06b1781,Software Engineering - SQT,Exam Preparation,,,120,done,682328e4b838d475ecd54f91,2025-03-15T01:39:44.000Z,2025-03-15T00:39:47.000Z,0
68261e8a135f2cb0d06b1782,Ma4c,Ma4c,,,50,done,682328e4b838d475ecd54f9d,2025-03-14T07:55:24.000Z,2025-03-15T12:55:38.000Z,0
68261e8a135f2cb0d06b1783,Biologi 2,Biologi 2,,,50,done,682328e4b838d475ecd54f9d,2025-03-15T14:04:41.000Z,2025-03-15T14:19:52.000Z,0
68261e8a135f2cb0d06b1784,Software Engineering - SQT,Exam Preparation,,,70,done,682328e4b838d475ecd54f91,2025-03-15T17:04:50.000Z,2025-03-15T16:04:53.000Z,0
68261e8a135f2cb0d06b1785,Software Engineering - SQT,Exam Preparation,,,165,done,682328e4b838d475ecd54f91,2025-03-15T22:45:26.000Z,2025-03-15T21:45:28.000Z,0
68261e8a135f2cb0d06b1786,Biologi 2,Biologi 2,,,50,done,682328e4b838d475ecd54f9d,2025-03-15T14:04:41.000Z,2025-03-15T22:42:15.000Z,0
68261e8a135f2cb0d06b1787,Biologi 2,Biologi 2,,,60,done,682328e4b838d475ecd54f9d,2025-03-15T23:46:34.000Z,2025-03-15T23:37:40.000Z,0
68261e8a135f2cb0d06b1788,Software Engineering - SQT,Exam Preparation,,,70,done,682328e4b838d475ecd54f91,2025-03-16T01:19:17.000Z,2025-03-16T00:19:22.000Z,0
68261e8a135f2cb0d06b1789,Biologi 2,Biologi 2,,,177,done,682328e4b838d475ecd54f9d,2025-03-16T01:11:15.000Z,2025-03-16T03:31:41.000Z,0
68261e8a135f2cb0d06b178a,Ma4c,Ma4c,,,40,done,682328e4b838d475ecd54f9d,2025-03-16T04:34:53.000Z,2025-03-16T04:16:00.000Z,0
68261e8a135f2cb0d06b178b,religion,religion,,,25,done,682328e4b838d475ecd54f9d,2025-03-16T22:32:42.000Z,2025-03-16T21:59:06.000Z,0
68261e8a135f2cb0d06b178c,religion,religion,,,24,done,682328e4b838d475ecd54f9d,2025-03-16T22:32:42.000Z,2025-03-16T22:00:35.000Z,0
68261e8a135f2cb0d06b178d,religion,religion,,,50,done,682328e4b838d475ecd54f9d,2025-03-16T23:02:13.000Z,2025-03-16T23:37:42.000Z,0
68261e8a135f2cb0d06b178e,religion,religion,,,50,done,682328e4b838d475ecd54f9d,2025-03-17T00:38:53.000Z,2025-03-17T01:06:26.000Z,0
68261e8a135f2cb0d06b178f,religion,religion,,,10,done,682328e4b838d475ecd54f9d,2025-03-17T02:07:38.000Z,2025-03-17T01:17:12.000Z,0
68261e8a135f2cb0d06b1790,Sv3,Sv3,,,15,done,682328e4b838d475ecd54f9d,2025-03-17T02:24:17.000Z,2025-03-17T18:16:40.000Z,0
68261e8a135f2cb0d06b1791,Software Engineering - SQT,Exam Preparation,,,200,done,682328e4b838d475ecd54f91,2025-03-17T20:04:52.000Z,2025-03-17T19:04:55.000Z,0
68261e8a135f2cb0d06b1792,Ma4c,Ma4c,,,50,done,682328e4b838d475ecd54f9d,2025-03-17T19:20:22.000Z,2025-03-17T19:20:46.000Z,0
68261e8a135f2cb0d06b1793,Ma4c,Ma4c,,,25,done,682328e4b838d475ecd54f9d,2025-03-18T10:09:07.000Z,2025-03-18T14:29:02.000Z,0
68261e8a135f2cb0d06b1794,Biologi 2,Biologi 2,,,35,done,682328e4b838d475ecd54f9d,2025-03-18T15:30:54.000Z,2025-03-18T15:29:59.000Z,0
68261e8a135f2cb0d06b1795,Biologi 2,Biologi 2,,,50,done,682328e4b838d475ecd54f9d,2025-03-18T19:29:22.000Z,2025-03-18T20:57:43.000Z,0
68261e8a135f2cb0d06b1796,Biologi 2,Biologi 2,,,25,done,682328e4b838d475ecd54f9d,2025-03-18T22:08:58.000Z,2025-03-18T21:33:20.000Z,0
68261e8a135f2cb0d06b1797,Biologi 2,Biologi 2,,,24,done,682328e4b838d475ecd54f9d,2025-03-18T22:08:58.000Z,2025-03-19T10:03:58.000Z,0
68261e8a135f2cb0d06b16de,Sv3,Sv3,,,50,done,682328e4b838d475ecd54f9d,2025-02-10T12:06:10.000Z,2025-02-10T14:37:34.000Z,0
68261e8a135f2cb0d06b16df,Sv3,Sv3,,,50,done,682328e4b838d475ecd54f9d,2025-02-10T15:38:53.000Z,2025-02-10T14:38:55.000Z,0
68261e8a135f2cb0d06b179a,Biologi 2,Biologi 2,,,35,done,682328e4b838d475ecd54f9d,2025-03-19T22:13:44.000Z,2025-03-19T21:48:44.000Z,0
68261e8a135f2cb0d06b179b,Quran,Bayyinah,,,150,done,682328e4b838d475ecd54f91,2025-03-20T22:16:26.000Z,2025-03-20T21:16:31.000Z,0
68261e8a135f2cb0d06b179c,Biologi 2,Biologi 2,,,34,done,682328e4b838d475ecd54f9d,2025-03-19T22:13:44.000Z,2025-03-21T03:17:53.000Z,0
68261e8a135f2cb0d06b179d,Biologi 2,Biologi 2,,,50,done,682328e4b838d475ecd54f9d,2025-03-21T04:20:15.000Z,2025-03-21T04:20:57.000Z,0
68261e8a135f2cb0d06b179e,Biologi 2,Biologi 2,,,10,done,682328e4b838d475ecd54f9d,2025-03-21T05:44:53.000Z,2025-03-21T04:55:00.000Z,0
68261e8a135f2cb0d06b179f,Quran,Bayyinah,,,120,done,682328e4b838d475ecd54f91,2025-03-21T21:35:23.000Z,2025-03-21T20:35:26.000Z,0
68261e8a135f2cb0d06b17a0,Quran,Bayyinah,,,135,done,682328e4b838d475ecd54f91,2025-03-23T03:49:57.000Z,2025-03-23T02:50:00.000Z,0
68261e8a135f2cb0d06b17a1,Biologi 2,Biologi 2,,,10,done,682328e4b838d475ecd54f9d,2025-03-21T05:44:53.000Z,2025-03-24T15:15:14.000Z,0
68261e8a135f2cb0d06b17a2,Biologi 2,Biologi 2,,,50,done,682328e4b838d475ecd54f9d,2025-03-24T16:54:31.000Z,2025-03-24T19:43:20.000Z,0
68261e8a135f2cb0d06b17a3,Biologi 2,Biologi 2,,,30,done,682328e4b838d475ecd54f9d,2025-03-24T20:44:07.000Z,2025-03-24T21:00:13.000Z,0
68261e8a135f2cb0d06b17a4,Biologi 2,Biologi 2,,,50,done,682328e4b838d475ecd54f9d,2025-03-24T22:00:31.000Z,2025-03-24T21:51:41.000Z,0
68261e8a135f2cb0d06b17a5,Biologi 2,Biologi 2,,,50,done,682328e4b838d475ecd54f9d,2025-03-25T15:44:42.000Z,2025-03-25T15:55:49.000Z,0
68261e8a135f2cb0d06b17a6,Biologi 2,Biologi 2,,,50,done,682328e4b838d475ecd54f9d,2025-03-25T20:02:17.000Z,2025-03-25T20:26:39.000Z,0
68261e8a135f2cb0d06b17a7,Biologi 2,Biologi 2,,,50,done,682328e4b838d475ecd54f9d,2025-03-25T21:27:09.000Z,2025-03-25T21:22:59.000Z,0
68261e8a135f2cb0d06b17a8,Biologi 2,Biologi 2,,,50,done,682328e4b838d475ecd54f9d,2025-03-25T21:27:09.000Z,2025-03-25T22:06:13.000Z,0
68261e8a135f2cb0d06b17a9,Biologi 2,Biologi 2,,,35,done,682328e4b838d475ecd54f9d,2025-03-26T00:01:58.000Z,2025-03-25T23:02:00.000Z,0
68261e8a135f2cb0d06b17aa,eng7,eng7,,,50,done,682328e4b838d475ecd54f9d,2025-03-26T11:45:16.000Z,2025-03-26T11:44:11.000Z,0
68261e8a135f2cb0d06b17ab,Biologi 2,Biologi 2,,,50,done,682328e4b838d475ecd54f9d,2025-03-26T12:55:49.000Z,2025-03-26T12:59:42.000Z,0
68261e8a135f2cb0d06b17ac,Biologi 2,Biologi 2,,,40,done,682328e4b838d475ecd54f9d,2025-03-26T14:09:42.000Z,2025-03-26T13:52:46.000Z,0
68261e8a135f2cb0d06b17ad,Biologi 2,Biologi 2,,,25,done,682328e4b838d475ecd54f9d,2025-03-26T20:38:20.000Z,2025-03-26T21:59:21.000Z,0
68261e8a135f2cb0d06b17ae,Biologi 2,Biologi 2,,,24,done,682328e4b838d475ecd54f9d,2025-03-26T20:38:20.000Z,2025-03-26T22:02:16.000Z,0
68261e8a135f2cb0d06b17af,Biologi 2,Biologi 2,,,50,done,682328e4b838d475ecd54f9d,2025-03-26T23:22:01.000Z,2025-03-26T23:37:16.000Z,0
68261e8a135f2cb0d06b17b0,Biologi 2,Biologi 2,,,15,done,682328e4b838d475ecd54f9d,2025-03-27T00:39:15.000Z,2025-03-26T23:50:11.000Z,0
68261e8a135f2cb0d06b17b1,eng7,eng7,,,10,done,682328e4b838d475ecd54f9d,2025-03-27T00:53:31.000Z,2025-03-26T23:53:33.000Z,0
68261e8a135f2cb0d06b17b2,Biologi 2,Biologi 2,,,50,done,682328e4b838d475ecd54f9d,2025-03-27T11:56:12.000Z,2025-03-27T12:24:37.000Z,0
68261e8a135f2cb0d06b17b3,Biologi 2,Biologi 2,,,50,done,682328e4b838d475ecd54f9d,2025-03-27T13:27:44.000Z,2025-03-27T13:31:03.000Z,0
68261e8a135f2cb0d06b17b4,Biologi 2,Biologi 2,,,40,done,682328e4b838d475ecd54f9d,2025-03-27T14:31:52.000Z,2025-03-27T19:36:23.000Z,0
68261e8a135f2cb0d06b17b5,Biologi 2,Biologi 2,,,20,done,682328e4b838d475ecd54f9d,2025-03-27T21:23:18.000Z,2025-03-27T21:22:18.000Z,0
68261e8a135f2cb0d06b17b6,Biologi 2,Biologi 2,,,59,done,682328e4b838d475ecd54f9d,2025-03-27T21:23:18.000Z,2025-03-28T13:43:16.000Z,0
68261e8a135f2cb0d06b17b7,Biologi 2,Biologi 2,,,50,done,682328e4b838d475ecd54f9d,2025-03-28T15:02:12.000Z,2025-03-28T15:44:49.000Z,0
68261e8a135f2cb0d06b17b8,Biologi 2,Biologi 2,,,25,done,682328e4b838d475ecd54f9d,2025-03-28T16:45:12.000Z,2025-03-28T16:11:47.000Z,0
68261e8a135f2cb0d06b17b9,Biologi 2,Biologi 2,,,20,done,682328e4b838d475ecd54f9d,2025-03-28T20:40:23.000Z,2025-03-29T00:01:23.000Z,0
68261e8a135f2cb0d06b17ba,Biologi 2,Biologi 2,,,50,done,682328e4b838d475ecd54f9d,2025-03-29T12:36:59.000Z,2025-03-29T13:17:18.000Z,0
68261e8a135f2cb0d06b17bb,Biologi 2,Biologi 2,,,50,done,682328e4b838d475ecd54f9d,2025-03-29T14:18:07.000Z,2025-03-29T15:00:41.000Z,0
68261e8a135f2cb0d06b17bc,Biologi 2,Biologi 2,,,317,done,682328e4b838d475ecd54f9d,2025-03-29T16:01:56.000Z,2025-03-29T20:23:03.000Z,0
68261e8a135f2cb0d06b17bd,Biologi 2,Biologi 2,,,50,done,682328e4b838d475ecd54f9d,2025-03-29T21:40:13.000Z,2025-03-29T21:16:34.000Z,0
68261e8a135f2cb0d06b17be,Biologi 2,Biologi 2,,,30,done,682328e4b838d475ecd54f9d,2025-03-29T22:25:55.000Z,2025-03-29T21:55:09.000Z,0
68261e8a135f2cb0d06b17bf,Biologi 2,Biologi 2,,,29,done,682328e4b838d475ecd54f9d,2025-03-29T22:25:55.000Z,2025-03-29T22:40:48.000Z,0
68261e8a135f2cb0d06b17c0,Biologi 2,Biologi 2,,,50,done,682328e4b838d475ecd54f9d,2025-03-29T23:41:15.000Z,2025-03-30T00:18:22.000Z,0
68261e8a135f2cb0d06b17c1,Biologi 2,Biologi 2,,,50,done,682328e4b838d475ecd54f9d,2025-03-29T23:41:15.000Z,2025-03-30T00:46:26.000Z,0
68261e8a135f2cb0d06b17c2,Biologi 2,Biologi 2,,,50,done,682328e4b838d475ecd54f9d,2025-03-30T01:47:12.000Z,2025-03-30T01:22:48.000Z,0
68261e8a135f2cb0d06b17c3,religion,religion,,,50,done,682328e4b838d475ecd54f9d,2025-03-30T14:03:16.000Z,2025-03-30T12:33:43.000Z,0
68261e8a135f2cb0d06b17c4,religion,religion,,,30,done,682328e4b838d475ecd54f9d,2025-03-30T17:28:46.000Z,2025-03-30T15:28:48.000Z,0
68261e8a135f2cb0d06b17c5,religion,religion,,,40,done,682328e4b838d475ecd54f9d,2025-03-30T17:28:46.000Z,2025-03-30T16:35:03.000Z,0
68261e8a135f2cb0d06b17c6,religion,religion,,,50,done,682328e4b838d475ecd54f9d,2025-03-30T19:54:55.000Z,2025-03-30T17:55:00.000Z,0
68261e8a135f2cb0d06b17c7,religion,religion,,,50,done,682328e4b838d475ecd54f9d,2025-03-30T21:07:14.000Z,2025-03-30T19:57:16.000Z,0
68261e8a135f2cb0d06b17c8,religion,religion,,,20,done,682328e4b838d475ecd54f9d,2025-03-30T23:00:51.000Z,2025-03-30T21:20:08.000Z,0
68261e8a135f2cb0d06b17c9,Software Engineering - CPS,Setup,,,600,done,682328e4b838d475ecd54f91,2025-04-01T14:45:23.000Z,2025-04-01T12:45:27.000Z,0
68261e8a135f2cb0d06b17ca,Biologi 2,Biologi 2,,,50,done,682328e4b838d475ecd54f9d,2025-04-01T16:25:10.000Z,2025-04-01T15:19:53.000Z,0
68261e8a135f2cb0d06b17cb,Biologi 2,Biologi 2,,,50,done,682328e4b838d475ecd54f9d,2025-04-01T17:49:13.000Z,2025-04-01T17:10:55.000Z,0
68261e8a135f2cb0d06b17cc,eng7,eng7,,,25,done,682328e4b838d475ecd54f9d,2025-04-01T19:50:04.000Z,2025-04-01T19:41:18.000Z,0
68261e8a135f2cb0d06b17cd,eng7,eng7,,,25,done,682328e4b838d475ecd54f9d,2025-04-01T19:50:04.000Z,2025-04-02T11:35:25.000Z,0
68261e8a135f2cb0d06b17ce,GA,GA,,,50,done,682328e4b838d475ecd54f9d,2025-04-02T13:38:42.000Z,2025-04-02T12:42:04.000Z,0
68261e8a135f2cb0d06b17cf,GA,GA,,,50,done,682328e4b838d475ecd54f9d,2025-04-02T14:42:56.000Z,2025-04-02T13:57:57.000Z,0
68261e8a135f2cb0d06b17d0,GA,GA,,,50,done,682328e4b838d475ecd54f9d,2025-04-02T15:58:09.000Z,2025-04-02T14:51:54.000Z,0
68261e8a135f2cb0d06b17d1,GA,GA,,,50,done,682328e4b838d475ecd54f9d,2025-04-02T15:58:09.000Z,2025-04-02T17:11:13.000Z,0
68261e8a135f2cb0d06b17d2,GA,GA,,,50,done,682328e4b838d475ecd54f9d,2025-04-02T19:13:36.000Z,2025-04-02T18:04:20.000Z,0
68261e8a135f2cb0d06b17d3,GA,GA,,,50,done,682328e4b838d475ecd54f9d,2025-04-02T20:04:51.000Z,2025-04-02T18:55:20.000Z,0
68261e8a135f2cb0d06b17d4,GA,GA,,,40,done,682328e4b838d475ecd54f9d,2025-04-02T20:56:19.000Z,2025-04-02T19:40:59.000Z,0
68261e8a135f2cb0d06b17d5,GA,GA,,,39,done,682328e4b838d475ecd54f9d,2025-04-02T20:56:19.000Z,2025-04-03T07:44:02.000Z,0
68261e8a135f2cb0d06b17d6,eng7,eng7,,,30,done,682328e4b838d475ecd54f9d,2025-04-03T09:44:27.000Z,2025-04-03T15:04:46.000Z,0
68261e8a135f2cb0d06b17d7,Sv3,Sv3,,,50,done,682328e4b838d475ecd54f9d,2025-04-03T17:18:32.000Z,2025-04-03T17:27:12.000Z,0
68261e8a135f2cb0d06b17d8,Sv3,Sv3,,,40,done,682328e4b838d475ecd54f9d,2025-04-03T19:29:52.000Z,2025-04-03T19:58:55.000Z,0
68261e8a135f2cb0d06b17d9,Sv3,Sv3,,,39,done,682328e4b838d475ecd54f9d,2025-04-03T19:29:52.000Z,2025-04-03T20:01:44.000Z,0
68261e8a135f2cb0d06b17da,Sv3,Sv3,,,35,done,682328e4b838d475ecd54f9d,2025-04-03T22:03:13.000Z,2025-04-03T20:39:19.000Z,0
68261e8a135f2cb0d06b17db,Software Engineering - CPS,Setup,,,300,done,682328e4b838d475ecd54f91,2025-04-02T09:18:58.000Z,2025-04-02T07:19:00.000Z,0
68261e8a135f2cb0d06b17dc,Software Engineering - CPS,Setup,,,165,done,682328e4b838d475ecd54f91,2025-04-04T09:21:09.000Z,2025-04-04T07:21:12.000Z,0
68261e8a135f2cb0d06b17dd,Sv3,Sv3,,,34,done,682328e4b838d475ecd54f9d,2025-04-03T22:03:13.000Z,2025-04-04T11:33:52.000Z,0
68261e8a135f2cb0d06b17de,Sv3,Sv3,,,50,done,682328e4b838d475ecd54f9d,2025-04-04T13:34:18.000Z,2025-04-04T12:36:45.000Z,0
68261e8a135f2cb0d06b17df,Sv3,Sv3,,,10,done,682328e4b838d475ecd54f9d,2025-04-04T14:37:22.000Z,2025-04-04T13:01:29.000Z,0
68261e8a135f2cb0d06b17e0,Software Engineering - CPS,Pipeline,,,210,done,682328e4b838d475ecd54f91,2025-04-04T20:04:57.000Z,2025-04-04T18:05:00.000Z,0
68261e8a135f2cb0d06b17e1,Sv3,Sv3,,,9,done,682328e4b838d475ecd54f9d,2025-04-04T14:37:22.000Z,2025-04-06T04:48:02.000Z,0
68261e8a135f2cb0d06b17e2,Sv3,Sv3,,,50,done,682328e4b838d475ecd54f9d,2025-04-06T06:52:10.000Z,2025-04-06T06:18:59.000Z,0
68261e8a135f2cb0d06b17e3,Sv3,Sv3,,,50,done,682328e4b838d475ecd54f9d,2025-04-06T08:19:17.000Z,2025-04-06T07:08:43.000Z,0
68261e8a135f2cb0d06b17e4,Software Engineering - CPS,CI/CD,,,180,done,682328e4b838d475ecd54f91,2025-04-06T09:25:17.000Z,2025-04-06T07:25:21.000Z,0
68261e8a135f2cb0d06b17e5,Sv3,Sv3,,,50,done,682328e4b838d475ecd54f9d,2025-04-06T10:16:59.000Z,2025-04-06T10:51:55.000Z,0
68261e8a135f2cb0d06b17e6,Sv3,Sv3,,,50,done,682328e4b838d475ecd54f9d,2025-04-06T13:24:11.000Z,2025-04-06T12:31:44.000Z,0
68261e8a135f2cb0d06b17e7,Sv3,Sv3,,,50,done,682328e4b838d475ecd54f9d,2025-04-06T16:49:44.000Z,2025-04-06T15:41:51.000Z,0
68261e8a135f2cb0d06b17e8,Sv3,Sv3,,,50,done,682328e4b838d475ecd54f9d,2025-04-06T19:11:46.000Z,2025-04-06T18:02:58.000Z,0
68261e8a135f2cb0d06b17e9,Software Engineering - CPS,OpenCV,,,200,done,682328e4b838d475ecd54f91,2025-04-06T22:52:27.000Z,2025-04-06T20:52:30.000Z,0
68261e8a135f2cb0d06b17ea,Sv3,Sv3,,,50,done,682328e4b838d475ecd54f9d,2025-04-07T13:28:07.000Z,2025-04-07T17:30:30.000Z,0
68261e8a135f2cb0d06b17eb,Sv3,Sv3,,,50,done,682328e4b838d475ecd54f9d,2025-04-07T21:35:01.000Z,2025-04-07T19:35:04.000Z,0
68261e8a135f2cb0d06b17ec,Sv3,Sv3,,,10,done,682328e4b838d475ecd54f9d,2025-04-07T21:35:31.000Z,2025-04-07T20:00:11.000Z,0
68261e8a135f2cb0d06b17ed,Sv3,Sv3,,,60,done,682328e4b838d475ecd54f9d,2025-04-07T22:01:01.000Z,2025-04-08T14:06:51.000Z,0
68261e8a135f2cb0d06b17ee,Sv3,Sv3,,,60,done,682328e4b838d475ecd54f9d,2025-04-08T19:50:52.000Z,2025-04-08T17:50:54.000Z,0
68261e8a135f2cb0d06b17ef,Sv3,Sv3,,,60,done,682328e4b838d475ecd54f9d,2025-04-08T19:51:10.000Z,2025-04-08T17:51:13.000Z,0
68261e8a135f2cb0d06b17f0,Biologi 2,Biologi 2,,,50,done,682328e4b838d475ecd54f9d,2025-04-09T16:21:53.000Z,2025-04-09T15:30:42.000Z,0
68261e8a135f2cb0d06b17f1,Biologi 2,Biologi 2,,,50,done,682328e4b838d475ecd54f9d,2025-04-09T18:47:23.000Z,2025-04-09T18:08:44.000Z,0
68261e8a135f2cb0d06b17f2,Biologi 2,Biologi 2,,,50,done,682328e4b838d475ecd54f9d,2025-04-09T20:10:22.000Z,2025-04-09T19:57:08.000Z,0
68261e8a135f2cb0d06b17f3,Software Engineering - CPS,Assignments,,,300,done,682328e4b838d475ecd54f91,2025-04-10T15:56:38.000Z,2025-04-10T13:56:41.000Z,0
68261e8a135f2cb0d06b17f4,Software Engineering - CPS,Assignments,,,240,done,682328e4b838d475ecd54f91,2025-04-10T15:57:04.000Z,2025-04-10T13:57:06.000Z,0
68261e8a135f2cb0d06b17f5,Software Engineering - CPS,Assignments,,,150,done,682328e4b838d475ecd54f91,2025-04-10T15:57:23.000Z,2025-04-10T13:57:25.000Z,0
68261e8a135f2cb0d06b17f6,Software Engineering - CPS,Assignments,,,120,done,682328e4b838d475ecd54f91,2025-04-10T15:57:43.000Z,2025-04-10T13:57:45.000Z,0
68261e8a135f2cb0d06b17f7,Biologi 2,Biologi 2,,,49,done,682328e4b838d475ecd54f9d,2025-04-09T20:10:22.000Z,2025-04-10T14:51:15.000Z,0
68261e8a135f2cb0d06b17f8,Biologi 2,Biologi 2,,,50,done,682328e4b838d475ecd54f9d,2025-04-10T17:17:38.000Z,2025-04-10T16:29:27.000Z,0
68261e8a135f2cb0d06b17f9,Biologi 2,Biologi 2,,,50,done,682328e4b838d475ecd54f9d,2025-04-10T19:28:42.000Z,2025-04-10T18:19:52.000Z,0
68261e8a135f2cb0d06b17fa,Biologi 2,Biologi 2,,,134,done,682328e4b838d475ecd54f9d,2025-04-10T20:20:42.000Z,2025-04-10T20:35:23.000Z,0
68261e8a135f2cb0d06b17fb,Biologi 2,Biologi 2,,,30,done,682328e4b838d475ecd54f9d,2025-04-10T22:41:50.000Z,2025-04-10T21:12:14.000Z,0
68261e8a135f2cb0d06b17fc,Biologi 2,Biologi 2,,,45,done,682328e4b838d475ecd54f9d,2025-04-10T23:12:32.000Z,2025-04-10T21:59:45.000Z,0
68261e8a135f2cb0d06b17fd,Biologi 2,Biologi 2,,,45,done,682328e4b838d475ecd54f9d,2025-04-10T23:12:32.000Z,2025-04-13T08:23:15.000Z,0
68261e8a135f2cb0d06b17fe,Biologi 2,Biologi 2,,,30,done,682328e4b838d475ecd54f9d,2025-04-13T10:23:42.000Z,2025-04-13T08:53:44.000Z,0
68261e8a135f2cb0d06b17ff,Biologi 2,Biologi 2,,,30,done,682328e4b838d475ecd54f9d,2025-04-13T12:00:54.000Z,2025-04-13T10:30:55.000Z,0
68261e8a135f2cb0d06b1800,Biologi 2,Biologi 2,,,30,done,682328e4b838d475ecd54f9d,2025-04-13T12:58:01.000Z,2025-04-13T11:27:07.000Z,0
68261e8a135f2cb0d06b1801,Web Development,Techtonic,,,370,done,682328e4b838d475ecd54f91,2025-04-13T14:17:17.000Z,2025-04-13T12:17:20.000Z,0
68261e8a135f2cb0d06b1802,Biologi 2,Biologi 2,,,30,done,682328e4b838d475ecd54f9d,2025-04-13T14:06:09.000Z,2025-04-13T13:02:13.000Z,0
68261e8a135f2cb0d06b1803,Biologi 2,Biologi 2,,,30,done,682328e4b838d475ecd54f9d,2025-04-13T15:17:07.000Z,2025-04-13T16:53:36.000Z,0
68261e8a135f2cb0d06b1804,Biologi 2,Biologi 2,,,30,done,682328e4b838d475ecd54f9d,2025-04-13T19:24:23.000Z,2025-04-13T17:58:13.000Z,0
68261e8a135f2cb0d06b1805,Biologi 2,Biologi 2,,,30,done,682328e4b838d475ecd54f9d,2025-04-13T20:29:04.000Z,2025-04-13T19:57:39.000Z,0
68261e8a135f2cb0d06b1806,Biologi 2,Biologi 2,,,30,done,682328e4b838d475ecd54f9d,2025-04-14T13:34:18.000Z,2025-04-14T16:41:00.000Z,0
68261e8a135f2cb0d06b1807,Biologi 2,Biologi 2,,,191,done,682328e4b838d475ecd54f9d,2025-04-14T18:55:20.000Z,2025-04-14T20:15:19.000Z,0
68261e8a135f2cb0d06b1808,Biologi 2,Biologi 2,,,15,done,682328e4b838d475ecd54f9d,2025-04-14T22:37:21.000Z,2025-04-14T21:08:21.000Z,0
68261e8a135f2cb0d06b1809,GA,GA,,,50,done,682328e4b838d475ecd54f9d,2025-04-14T23:22:53.000Z,2025-04-14T22:28:51.000Z,0
68261e8a135f2cb0d06b180a,GA,GA,,,30,done,682328e4b838d475ecd54f9d,2025-04-15T02:19:20.000Z,2025-04-15T00:19:23.000Z,0
68261e8a135f2cb0d06b180b,eng7,eng7,,,60,done,682328e4b838d475ecd54f9d,2025-04-15T18:09:52.000Z,2025-04-15T16:09:54.000Z,0
68261e8a135f2cb0d06b180c,eng7,eng7,,,60,done,682328e4b838d475ecd54f9d,2025-04-15T19:51:21.000Z,2025-04-15T17:51:24.000Z,0
68261e8a135f2cb0d06b180d,fy2,fy2,,,5,done,682328e4b838d475ecd54f9d,2025-04-15T21:51:18.000Z,2025-04-15T19:56:19.000Z,0
68261e8a135f2cb0d06b180e,fy2,fy2,,,5,done,682328e4b838d475ecd54f9d,2025-04-15T21:51:18.000Z,2025-04-16T11:10:50.000Z,0
68261e8a135f2cb0d06b180f,Biologi 2,Biologi 2,,,50,done,682328e4b838d475ecd54f9d,2025-04-16T13:18:05.000Z,2025-04-16T12:23:47.000Z,0
68261e8a135f2cb0d06b1810,Biologi 2,Biologi 2,,,50,done,682328e4b838d475ecd54f9d,2025-04-16T14:42:39.000Z,2025-04-16T13:52:11.000Z,0
68261e8a135f2cb0d06b1811,eng7,eng7,,,60,done,682328e4b838d475ecd54f9d,2025-04-16T17:25:20.000Z,2025-04-16T18:19:25.000Z,0
68261e8a135f2cb0d06b1812,eng7,eng7,,,60,done,682328e4b838d475ecd54f9d,2025-04-16T21:58:48.000Z,2025-04-16T19:58:51.000Z,0
68261e8a135f2cb0d06b1813,eng7,eng7,,,40,done,682328e4b838d475ecd54f9d,2025-04-16T21:58:48.000Z,2025-04-16T19:59:05.000Z,0
68261e8a135f2cb0d06b1814,eng7,eng7,,,30,done,682328e4b838d475ecd54f9d,2025-04-16T23:05:46.000Z,2025-04-16T21:05:52.000Z,0
68261e8a135f2cb0d06b1815,Web Development,Techtonic,,,360,done,682328e4b838d475ecd54f91,2025-04-17T09:31:42.000Z,2025-04-17T07:31:45.000Z,0
68261e8a135f2cb0d06b1816,fy2,fy2,,,60,done,682328e4b838d475ecd54f9d,2025-04-17T21:56:33.000Z,2025-04-17T19:56:36.000Z,0
68261e8a135f2cb0d06b1817,fy2,fy2,,,60,done,682328e4b838d475ecd54f9d,2025-04-17T21:56:45.000Z,2025-04-17T19:56:49.000Z,0
68261e8a135f2cb0d06b1818,fy2,fy2,,,60,done,682328e4b838d475ecd54f9d,2025-04-17T21:57:07.000Z,2025-04-17T19:57:10.000Z,0
68261e8a135f2cb0d06b1819,fy2,fy2,,,60,done,682328e4b838d475ecd54f9d,2025-04-17T21:57:28.000Z,2025-04-17T19:57:32.000Z,0
68261e8a135f2cb0d06b181a,Software Engineering - DERTS,Exam Preparation,,,60,done,682328e4b838d475ecd54f91,2025-04-18T04:24:55.000Z,2025-04-18T02:24:58.000Z,0
68261e8a135f2cb0d06b181b,fy2,fy2,,,40,done,682328e4b838d475ecd54f9d,2025-04-17T21:57:28.000Z,2025-04-18T07:05:50.000Z,0
68261e8a135f2cb0d06b181c,fy2,fy2,,,60,done,682328e4b838d475ecd54f9d,2025-04-18T10:20:39.000Z,2025-04-18T08:20:42.000Z,0
68261e8a135f2cb0d06b181d,fy2,fy2,,,20,done,682328e4b838d475ecd54f9d,2025-04-18T12:11:10.000Z,2025-04-18T10:30:16.000Z,0
68261e8a135f2cb0d06b181e,fy2,fy2,,,60,done,682328e4b838d475ecd54f9d,2025-04-18T14:00:13.000Z,2025-04-18T13:06:20.000Z,0
68261e8a135f2cb0d06b181f,fy2,fy2,,,60,done,682328e4b838d475ecd54f9d,2025-04-18T16:01:49.000Z,2025-04-18T15:10:31.000Z,0
68261e8a135f2cb0d06b1820,fy2,fy2,,,30,done,682328e4b838d475ecd54f9d,2025-04-18T19:27:34.000Z,2025-04-18T17:58:29.000Z,0
68261e8a135f2cb0d06b1821,fy2,fy2,,,60,done,682328e4b838d475ecd54f9d,2025-04-18T19:58:58.000Z,2025-04-18T18:59:57.000Z,0
68261e8a135f2cb0d06b1822,fy2,fy2,,,20,done,682328e4b838d475ecd54f9d,2025-04-18T21:35:23.000Z,2025-04-18T19:59:15.000Z,0
68261e8a135f2cb0d06b1823,fy2,fy2,,,20,done,682328e4b838d475ecd54f9d,2025-04-18T21:35:23.000Z,2025-04-18T20:30:19.000Z,0
68261e8a135f2cb0d06b1824,eng7,eng7,,,50,done,682328e4b838d475ecd54f9d,2025-04-18T22:36:24.000Z,2025-04-19T00:43:02.000Z,0
68261e8a135f2cb0d06b1825,eng7,eng7,,,120,done,682328e4b838d475ecd54f9d,2025-04-19T02:43:33.000Z,2025-04-19T00:43:35.000Z,0
68261e8a135f2cb0d06b1826,eng7,eng7,,,30,done,682328e4b838d475ecd54f9d,2025-04-19T02:43:49.000Z,2025-04-19T00:43:51.000Z,0
68261e8a135f2cb0d06b1827,eng7,eng7,,,40,done,682328e4b838d475ecd54f9d,2025-04-19T02:43:49.000Z,2025-04-19T11:57:07.000Z,0
68261e8a135f2cb0d06b1828,Sv3,Sv3,,,60,done,682328e4b838d475ecd54f9d,2025-04-19T14:57:53.000Z,2025-04-19T12:57:55.000Z,0
68261e8a135f2cb0d06b1829,Sv3,Sv3,,,40,done,682328e4b838d475ecd54f9d,2025-04-19T14:57:53.000Z,2025-04-20T00:00:01.000Z,0
68261e8a135f2cb0d06b182a,Sv3,Sv3,,,60,done,682328e4b838d475ecd54f9d,2025-04-20T02:00:24.000Z,2025-04-20T00:00:27.000Z,0
68261e8a135f2cb0d06b182b,Sv3,Sv3,,,40,done,682328e4b838d475ecd54f9d,2025-04-20T02:00:24.000Z,2025-04-20T18:38:20.000Z,0
68261e8a135f2cb0d06b182c,Sv3,Sv3,,,120,done,682328e4b838d475ecd54f9d,2025-04-20T21:55:28.000Z,2025-04-20T19:55:31.000Z,0
68261e8a135f2cb0d06b182d,Sv3,Sv3,,,25,done,682328e4b838d475ecd54f9d,2025-04-20T21:55:51.000Z,2025-04-20T19:55:55.000Z,0
68261e8a135f2cb0d06b182e,Sv3,Sv3,,,40,done,682328e4b838d475ecd54f9d,2025-04-20T21:55:51.000Z,2025-04-20T21:51:30.000Z,0
68261e8a135f2cb0d06b182f,Sv3,Sv3,,,75,done,682328e4b838d475ecd54f9d,2025-04-20T23:51:51.000Z,2025-04-20T21:51:54.000Z,0
68261e8a135f2cb0d06b1830,Biologi 2,Biologi 2,,,180,done,682328e4b838d475ecd54f9d,2025-04-21T21:54:54.000Z,2025-04-21T19:54:58.000Z,0
68261e8a135f2cb0d06b1831,Biologi 2,Biologi 2,,,5,done,682328e4b838d475ecd54f9d,2025-04-21T21:55:41.000Z,2025-04-21T19:55:42.000Z,0
68261e8a135f2cb0d06b1832,Software Engineering - CPS,Assignments,,,50,done,682328e4b838d475ecd54f91,2025-04-22T09:53:32.000Z,2025-04-22T07:53:36.000Z,0
68261e8a135f2cb0d06b1833,Software Engineering - CPS,Assignments,,,240,done,682328e4b838d475ecd54f91,2025-04-22T09:53:53.000Z,2025-04-22T07:53:59.000Z,0
68261e8a135f2cb0d06b1834,Biologi 2,Biologi 2,,,40,done,682328e4b838d475ecd54f9d,2025-04-21T21:55:41.000Z,2025-04-22T12:50:47.000Z,0
68261e8a135f2cb0d06b1835,Biologi 2,Biologi 2,,,60,done,682328e4b838d475ecd54f9d,2025-04-22T14:51:13.000Z,2025-04-22T14:51:13.000Z,0
68261e8a135f2cb0d06b1836,Biologi 2,Biologi 2,,,60,done,682328e4b838d475ecd54f9d,2025-04-22T21:41:14.000Z,2025-04-22T19:41:17.000Z,0
68261e8a135f2cb0d06b1837,Biologi 2,Biologi 2,,,120,done,682328e4b838d475ecd54f9d,2025-04-22T21:41:54.000Z,2025-04-22T19:41:57.000Z,0
68261e8a135f2cb0d06b1838,Reading,"Muslim, Actually!",,,90,done,682328e4b838d475ecd54f91,2025-04-22T22:49:38.000Z,2025-04-22T20:49:41.000Z,0
68261e8a135f2cb0d06b1839,Biologi 2,Biologi 2,,,40,done,682328e4b838d475ecd54f9d,2025-04-22T21:41:54.000Z,2025-04-22T22:00:35.000Z,0
68261e8a135f2cb0d06b183a,Biologi 2,Biologi 2,,,80,done,682328e4b838d475ecd54f9d,2025-04-23T00:01:02.000Z,2025-04-22T22:01:04.000Z,0
68261e8a135f2cb0d06b183b,Web Development,Techtonic,,,120,done,682328e4b838d475ecd54f91,2025-04-23T07:38:06.000Z,2025-04-23T05:38:10.000Z,0
68261e8a135f2cb0d06b183c,Biologi 2,Biologi 2,,,20,done,682328e4b838d475ecd54f9d,2025-04-23T18:14:04.000Z,2025-04-23T16:14:06.000Z,0
68261e8a135f2cb0d06b183d,fy2,fy2,,,50,done,682328e4b838d475ecd54f9d,2025-04-23T21:57:10.000Z,2025-04-23T19:57:13.000Z,0
68261e8a135f2cb0d06b183e,fy2,fy2,,,30,done,682328e4b838d475ecd54f9d,2025-04-23T23:08:38.000Z,2025-04-23T21:08:41.000Z,0
68261e8a135f2cb0d06b183f,Ma4c,Ma4c,,,35,done,682328e4b838d475ecd54f9d,2025-04-23T23:46:30.000Z,2025-04-23T21:46:33.000Z,0
68261e8a135f2cb0d06b1840,Ma4c,Ma4c,,,40,done,682328e4b838d475ecd54f9d,2025-04-23T23:46:30.000Z,2025-04-25T11:53:17.000Z,0
68261e8a135f2cb0d06b1841,fy2,fy2,,,50,done,682328e4b838d475ecd54f9d,2025-04-25T14:02:13.000Z,2025-04-25T13:47:43.000Z,0
68261e8a135f2cb0d06b1842,fy2,fy2,,,50,done,682328e4b838d475ecd54f9d,2025-04-25T14:02:13.000Z,2025-04-25T13:52:49.000Z,0
68261e8a135f2cb0d06b1843,fy2,fy2,,,50,done,682328e4b838d475ecd54f9d,2025-04-25T15:53:45.000Z,2025-04-25T13:53:47.000Z,0
68261e8a135f2cb0d06b1844,fy2,fy2,,,50,done,682328e4b838d475ecd54f9d,2025-04-25T15:55:12.000Z,2025-04-25T14:48:57.000Z,0
68261e8a135f2cb0d06b1845,fy2,fy2,,,50,done,682328e4b838d475ecd54f9d,2025-04-25T15:55:12.000Z,2025-04-26T09:44:21.000Z,0
68261e8a135f2cb0d06b1846,fy2,fy2,,,50,done,682328e4b838d475ecd54f9d,2025-04-25T15:55:12.000Z,2025-04-26T13:41:49.000Z,0
68261e8a135f2cb0d06b1847,Sv3,Sv3,,,45,done,682328e4b838d475ecd54f9d,2025-04-26T15:42:16.000Z,2025-04-26T13:42:30.000Z,0
68261e8a135f2cb0d06b1848,Sv3,Sv3,,,40,done,682328e4b838d475ecd54f9d,2025-04-26T15:42:16.000Z,2025-04-27T01:23:35.000Z,0
68261e8a135f2cb0d06b1849,fy2,fy2,,,260,done,682328e4b838d475ecd54f9d,2025-04-27T04:07:30.000Z,2025-04-27T02:07:35.000Z,0
68261e8a135f2cb0d06b184a,Ma4c,Ma4c,,,70,done,682328e4b838d475ecd54f9d,2025-04-27T20:47:05.000Z,2025-04-27T18:47:08.000Z,0
68261e8a135f2cb0d06b184b,Ma4c,Ma4c,,,40,done,682328e4b838d475ecd54f9d,2025-04-27T20:47:05.000Z,2025-04-27T23:04:44.000Z,0
68261e8a135f2cb0d06b184c,Sv3,Sv3,,,30,done,682328e4b838d475ecd54f9d,2025-04-28T01:04:58.000Z,2025-04-27T23:05:02.000Z,0
68261e8a135f2cb0d06b184d,fy2,fy2,,,20,done,682328e4b838d475ecd54f9d,2025-04-28T01:14:49.000Z,2025-04-27T23:14:52.000Z,0
68261e8a135f2cb0d06b184e,fy2,fy2,,,40,done,682328e4b838d475ecd54f9d,2025-04-28T01:14:49.000Z,2025-04-28T16:14:33.000Z,0
68261e8a135f2cb0d06b184f,fy2,fy2,,,75,done,682328e4b838d475ecd54f9d,2025-04-29T15:28:39.000Z,2025-04-29T13:28:40.000Z,0
68261e8a135f2cb0d06b1850,fy2,fy2,,,45,done,682328e4b838d475ecd54f9d,2025-04-29T15:29:03.000Z,2025-04-29T15:58:13.000Z,0
68261e8a135f2cb0d06b1851,fy2,fy2,,,50,done,682328e4b838d475ecd54f9d,2025-04-29T19:13:11.000Z,2025-04-29T18:40:15.000Z,0
68261e8a135f2cb0d06b1852,fy2,fy2,,,50,done,682328e4b838d475ecd54f9d,2025-04-29T19:13:11.000Z,2025-04-29T19:28:11.000Z,0
68261e8a135f2cb0d06b1853,fy2,fy2,,,30,done,682328e4b838d475ecd54f9d,2025-04-29T21:28:32.000Z,2025-04-29T19:28:36.000Z,0
68261e8a135f2cb0d06b1854,Biologi 2,Biologi 2,,,30,done,682328e4b838d475ecd54f9d,2025-04-29T21:59:36.000Z,2025-04-29T19:59:38.000Z,0
68261e8a135f2cb0d06b1855,Biologi 2,Biologi 2,,,40,done,682328e4b838d475ecd54f9d,2025-04-29T21:59:36.000Z,2025-04-29T20:09:44.000Z,0
68261e8a135f2cb0d06b1856,Biologi 2,Biologi 2,,,10,done,682328e4b838d475ecd54f9d,2025-04-29T22:10:04.000Z,2025-04-29T20:10:06.000Z,0
68261e8a135f2cb0d06b1857,Ma4c,Ma4c,,,45,done,682328e4b838d475ecd54f9d,2025-04-29T23:51:31.000Z,2025-04-29T21:51:34.000Z,0
68261e8a135f2cb0d06b1858,Web Development,Techtonic,,,120,done,682328e4b838d475ecd54f91,2025-04-30T05:48:04.000Z,2025-04-30T03:48:06.000Z,0
68261e8a135f2cb0d06b1859,Software Engineering - CPS,Assignments,,,90,done,682328e4b838d475ecd54f91,2025-04-30T05:48:18.000Z,2025-04-30T03:48:21.000Z,0
68261e8a135f2cb0d06b185a,Ma4c,Ma4c,,,40,done,682328e4b838d475ecd54f9d,2025-04-29T23:51:31.000Z,2025-05-01T08:27:27.000Z,0
68261e8a135f2cb0d06b185b,Ma4c,Ma4c,,,130,done,682328e4b838d475ecd54f9d,2025-05-01T10:28:30.000Z,2025-05-01T08:28:33.000Z,0
68261e8a135f2cb0d06b1798,eng7,eng7,,,5,done,682328e4b838d475ecd54f9d,2025-03-19T11:05:33.000Z,2025-03-19T18:16:42.000Z,0
68261e8a135f2cb0d06b1799,Biologi 2,Biologi 2,,,50,done,682328e4b838d475ecd54f9d,2025-03-19T19:24:25.000Z,2025-03-19T19:16:48.000Z,0
68261e8a135f2cb0d06b185e,fy2,fy2,,,50,done,682328e4b838d475ecd54f9d,2025-05-01T13:51:21.000Z,2025-05-01T16:39:01.000Z,0
68261e8a135f2cb0d06b185f,fy2,fy2,,,50,done,682328e4b838d475ecd54f9d,2025-05-01T20:39:30.000Z,2025-05-01T19:56:52.000Z,0
68261e8a135f2cb0d06b1860,fy2,fy2,,,50,done,682328e4b838d475ecd54f9d,2025-05-01T20:39:30.000Z,2025-05-01T20:32:35.000Z,0
68261e8a135f2cb0d06b1861,Software Engineering - CPS,Assignments,,,250,done,682328e4b838d475ecd54f91,2025-05-01T05:21:39.000Z,2025-05-01T03:21:43.000Z,0
68261e8a135f2cb0d06b1862,Software Engineering - CPS,Assignments,,,380,done,682328e4b838d475ecd54f91,2025-04-30T05:22:02.000Z,2025-04-30T03:22:06.000Z,0
68261e8a135f2cb0d06b1863,Ma4c,Ma4c,,,50,done,682328e4b838d475ecd54f9d,2025-05-01T22:35:05.000Z,2025-05-02T07:29:22.000Z,0
68261e8a135f2cb0d06b1864,mikro,mikro,,,190,done,682328e4b838d475ecd54f9d,2025-05-02T21:48:47.000Z,2025-05-02T19:48:51.000Z,0
68261e8a135f2cb0d06b1865,Ma4c,Ma4c,,,165,done,682328e4b838d475ecd54f9d,2025-05-03T02:01:35.000Z,2025-05-03T00:01:39.000Z,0
68261e8a135f2cb0d06b1866,Ma4c,Ma4c,,,40,done,682328e4b838d475ecd54f9d,2025-05-03T02:01:35.000Z,2025-05-03T13:16:49.000Z,0
68261e8a135f2cb0d06b1867,mikro,mikro,,,50,done,682328e4b838d475ecd54f9d,2025-05-03T15:17:16.000Z,2025-05-03T14:53:46.000Z,0
68261e8a135f2cb0d06b1868,mikro,mikro,,,25,done,682328e4b838d475ecd54f9d,2025-05-03T16:54:41.000Z,2025-05-03T19:32:42.000Z,0
68261e8a135f2cb0d06b1869,mikro,mikro,,,25,done,682328e4b838d475ecd54f9d,2025-05-03T16:54:41.000Z,2025-05-03T22:38:23.000Z,0
68261e8a135f2cb0d06b186a,mikro,mikro,,,15,done,682328e4b838d475ecd54f9d,2025-05-04T00:38:42.000Z,2025-05-03T22:38:45.000Z,0
68261e8a135f2cb0d06b186b,mikro,mikro,,,50,done,682328e4b838d475ecd54f9d,2025-05-04T13:21:46.000Z,2025-05-04T12:14:18.000Z,0
68261e8a135f2cb0d06b186c,mikro,mikro,,,50,done,682328e4b838d475ecd54f9d,2025-05-04T14:31:12.000Z,2025-05-04T14:49:58.000Z,0
68261e8a135f2cb0d06b186d,mikro,mikro,,,25,done,682328e4b838d475ecd54f9d,2025-05-04T16:53:22.000Z,2025-05-04T14:53:24.000Z,0
68261e8a135f2cb0d06b186e,mikro,mikro,,,50,done,682328e4b838d475ecd54f9d,2025-05-04T18:44:03.000Z,2025-05-04T17:59:02.000Z,0
68261e8a135f2cb0d06b186f,mikro,mikro,,,30,done,682328e4b838d475ecd54f9d,2025-05-04T20:36:56.000Z,2025-05-04T19:55:05.000Z,0
68261e8a135f2cb0d06b1870,mikro,mikro,,,32,done,682328e4b838d475ecd54f9d,2025-05-04T20:36:56.000Z,2025-05-04T20:05:20.000Z,0
68261e8a135f2cb0d06b1871,mikro,mikro,,,50,done,682328e4b838d475ecd54f9d,2025-05-04T23:20:42.000Z,2025-05-04T22:17:55.000Z,0
68261e8a135f2cb0d06b1872,mikro,mikro,,,5,done,682328e4b838d475ecd54f9d,2025-05-05T00:24:14.000Z,2025-05-04T22:27:58.000Z,0
68261e8a135f2cb0d06b1873,Web Development,Techtonic,,,600,done,682328e4b838d475ecd54f91,2025-05-05T13:20:04.000Z,2025-05-05T11:20:06.000Z,0
68261e8a135f2cb0d06b1874,mikro,mikro,,,30,done,682328e4b838d475ecd54f9d,2025-05-05T14:35:41.000Z,2025-05-05T16:10:19.000Z,0
68261e8a135f2cb0d06b1875,mikro,mikro,,,198,done,682328e4b838d475ecd54f9d,2025-05-05T14:35:41.000Z,2025-05-05T16:25:14.000Z,0
68261e8a135f2cb0d06b1876,mikro,mikro,,,65,done,682328e4b838d475ecd54f9d,2025-05-05T23:48:25.000Z,2025-05-05T21:48:29.000Z,0
68261e8a135f2cb0d06b1877,Software Engineering - CPS,Assignments,,,180,done,682328e4b838d475ecd54f91,2025-05-06T08:46:19.000Z,2025-05-06T06:46:24.000Z,0
68261e8a135f2cb0d06b1878,mikro,mikro,,,40,done,682328e4b838d475ecd54f9d,2025-05-05T23:48:25.000Z,2025-05-06T15:36:50.000Z,0
68261e8a135f2cb0d06b1879,fy2,fy2,,,50,done,682328e4b838d475ecd54f9d,2025-05-06T18:16:03.000Z,2025-05-06T17:57:38.000Z,0
68261e8a135f2cb0d06b187a,Software Engineering - CPS,Assignments,,,660,done,682328e4b838d475ecd54f91,2025-05-06T20:49:40.000Z,2025-05-06T18:49:42.000Z,0
68261e8a135f2cb0d06b187b,fy2,fy2,,,50,done,682328e4b838d475ecd54f9d,2025-05-06T20:16:12.000Z,2025-05-06T19:47:39.000Z,0
68261e8a135f2cb0d06b187c,Web Development,Techtonic,,,180,done,682328e4b838d475ecd54f91,2025-05-07T17:31:39.000Z,2025-05-07T15:31:41.000Z,0
68261e8a135f2cb0d06b187d,fy2,fy2,,,50,done,682328e4b838d475ecd54f9d,2025-05-06T20:16:12.000Z,2025-05-08T06:02:58.000Z,0
68261e8a135f2cb0d06b187e,Ma4c,Ma4c,,,25,done,682328e4b838d475ecd54f9d,2025-05-08T08:03:17.000Z,2025-05-08T06:54:10.000Z,0
68261e8a135f2cb0d06b187f,fy2,fy2,,,135,done,682328e4b838d475ecd54f9d,2025-05-08T16:32:56.000Z,2025-05-08T14:33:00.000Z,0
68261e8a135f2cb0d06b1880,fy2,fy2,,,120,done,682328e4b838d475ecd54f9d,2025-05-08T21:57:39.000Z,2025-05-08T19:57:41.000Z,0
68261e8a135f2cb0d06b1881,fy2,fy2,,,120,done,682328e4b838d475ecd54f9d,2025-05-09T21:00:58.000Z,2025-05-09T19:01:03.000Z,0
68261e8a135f2cb0d06b1882,fy2,fy2,,,40,done,682328e4b838d475ecd54f9d,2025-05-09T21:00:58.000Z,2025-05-10T04:32:15.000Z,0
68261e8a135f2cb0d06b1883,fy2,fy2,,,30,done,682328e4b838d475ecd54f9d,2025-05-10T06:43:51.000Z,2025-05-10T05:14:47.000Z,0
68261e8a135f2cb0d06b1884,fy2,fy2,,,60,done,682328e4b838d475ecd54f9d,2025-05-10T07:54:04.000Z,2025-05-10T07:29:46.000Z,0
68261e8a135f2cb0d06b1885,fy2,fy2,,,50,done,682328e4b838d475ecd54f9d,2025-05-10T09:58:40.000Z,2025-05-10T09:10:48.000Z,0
68261e8a135f2cb0d06b1886,fy2,fy2,,,50,done,682328e4b838d475ecd54f9d,2025-05-10T11:43:24.000Z,2025-05-10T12:14:57.000Z,0
68261e8a135f2cb0d06b1887,fy2,fy2,,,50,done,682328e4b838d475ecd54f9d,2025-05-10T15:29:48.000Z,2025-05-10T13:29:51.000Z,0
68261e8a135f2cb0d06b1888,fy2,fy2,,,50,done,682328e4b838d475ecd54f9d,2025-05-10T15:30:16.000Z,2025-05-10T14:44:02.000Z,0
68261e8a135f2cb0d06b1889,fy2,fy2,,,50,done,682328e4b838d475ecd54f9d,2025-05-10T16:50:20.000Z,2025-05-10T15:58:32.000Z,0
68261e8a135f2cb0d06b188a,fy2,fy2,,,50,done,682328e4b838d475ecd54f9d,2025-05-10T20:10:04.000Z,2025-05-10T19:40:11.000Z,0
68261e8a135f2cb0d06b188b,fy2,fy2,,,10,done,682328e4b838d475ecd54f9d,2025-05-10T21:40:48.000Z,2025-05-10T19:49:45.000Z,0
68261e8a135f2cb0d06b188c,religion,religion,,,60,done,682328e4b838d475ecd54f9d,2025-05-11T10:08:10.000Z,2025-05-11T08:08:14.000Z,0
68261e8a135f2cb0d06b188d,religion,religion,,,120,done,682328e4b838d475ecd54f9d,2025-05-11T10:08:10.000Z,2025-05-11T08:17:35.000Z,0
68261e8a135f2cb0d06b188e,religion,religion,,,60,done,682328e4b838d475ecd54f9d,2025-05-11T10:26:50.000Z,2025-05-11T10:28:41.000Z,0
68261e8a135f2cb0d06b188f,religion,religion,,,50,done,682328e4b838d475ecd54f9d,2025-05-11T12:54:03.000Z,2025-05-11T12:03:33.000Z,0
68261e8a135f2cb0d06b1890,fy2,fy2,,,35,done,682328e4b838d475ecd54f9d,2025-05-11T14:25:51.000Z,2025-05-11T13:16:49.000Z,0
68261e8a135f2cb0d06b1891,religion,religion,,,40,done,682328e4b838d475ecd54f9d,2025-05-11T17:43:08.000Z,2025-05-11T16:32:01.000Z,0
68261e8a135f2cb0d06b1892,fy2,fy2,,,50,done,682328e4b838d475ecd54f9d,2025-05-11T19:45:49.000Z,2025-05-11T18:36:07.000Z,0
68261e8a135f2cb0d06b1893,fy2,fy2,,,55,done,682328e4b838d475ecd54f9d,2025-05-11T20:50:36.000Z,2025-05-11T19:45:36.000Z,0
68261e8a135f2cb0d06b1894,fy2,fy2,,,10,done,682328e4b838d475ecd54f9d,2025-05-11T21:46:07.000Z,2025-05-11T19:56:08.000Z,0
68261e8a135f2cb0d06b1895,fy2,fy2,,,10,done,682328e4b838d475ecd54f9d,2025-05-11T21:46:07.000Z,2025-05-11T20:07:31.000Z,0
68261e8a135f2cb0d06b1896,fy2,fy2,,,50,done,682328e4b838d475ecd54f9d,2025-05-11T22:07:47.000Z,2025-05-11T21:09:26.000Z,0
68261e8a135f2cb0d06b1897,eng7,eng7,,,50,done,682328e4b838d475ecd54f9d,2025-05-12T07:33:56.000Z,2025-05-12T06:30:57.000Z,0
68261e8a135f2cb0d06b1898,eng7,eng7,,,25,done,682328e4b838d475ecd54f9d,2025-05-12T08:31:17.000Z,2025-05-12T07:08:30.000Z,0
68261e8a135f2cb0d06b1899,eng7,eng7,,,23,done,682328e4b838d475ecd54f9d,2025-05-12T08:31:17.000Z,2025-05-12T10:44:11.000Z,0
68261e8a135f2cb0d06b189a,fy2,fy2,,,50,done,682328e4b838d475ecd54f9d,2025-05-12T12:55:33.000Z,2025-05-12T11:55:24.000Z,0
68261e8a135f2cb0d06b189b,fy2,fy2,,,20,done,682328e4b838d475ecd54f9d,2025-05-12T14:01:13.000Z,2025-05-12T12:31:34.000Z,0
68261e8a135f2cb0d06b189c,fy2,fy2,,,30,done,682328e4b838d475ecd54f9d,2025-05-12T14:34:18.000Z,2025-05-12T13:46:24.000Z,0
68261e8a135f2cb0d06b189d,fy2,fy2,,,45,done,682328e4b838d475ecd54f9d,2025-05-12T15:49:02.000Z,2025-05-12T14:52:44.000Z,0
68261e8a135f2cb0d06b189e,fy2,fy2,,,50,done,682328e4b838d475ecd54f9d,2025-05-12T20:20:11.000Z,2025-05-12T19:40:52.000Z,0
68261e8a135f2cb0d06b189f,fy2,fy2,,,15,done,682328e4b838d475ecd54f9d,2025-05-12T21:41:02.000Z,2025-05-12T19:56:03.000Z,0
68261e8a135f2cb0d06b18a0,fy2,fy2,,,15,done,682328e4b838d475ecd54f9d,2025-05-12T21:41:02.000Z,2025-05-13T14:09:57.000Z,0
68261e8a135f2cb0d06b18a1,fy2,fy2,,,15,done,682328e4b838d475ecd54f9d,2025-05-12T21:41:02.000Z,2025-05-13T14:36:01.000Z,0
68261e8a135f2cb0d06b18a2,fy2,fy2,,,15,done,682328e4b838d475ecd54f9d,2025-05-12T21:41:02.000Z,2025-05-13T15:41:20.000Z,0
68261e8a135f2cb0d06b18a3,eng7,eng7,,,55,done,682328e4b838d475ecd54f9d,2025-05-13T17:41:43.000Z,2025-05-13T16:39:04.000Z,0
68261e8a135f2cb0d06b18a4,fy2,fy2,,,50,done,682328e4b838d475ecd54f9d,2025-05-13T19:11:52.000Z,2025-05-13T18:24:30.000Z,0
68261e8a135f2cb0d06b18a5,fy2,fy2,,,50,done,682328e4b838d475ecd54f9d,2025-05-13T20:44:24.000Z,2025-05-13T19:49:39.000Z,0
68261e8a135f2cb0d06b18a6,fy2,fy2,,,51,done,682328e4b838d475ecd54f9d,2025-05-13T20:44:24.000Z,2025-05-13T20:05:50.000Z,0
68261e8a135f2cb0d06b18a7,Software Engineering - CPS,Assignments,,,120,done,682328e4b838d475ecd54f91,2025-05-13T22:13:55.000Z,2025-05-13T20:13:58.000Z,0
68261e8a135f2cb0d06b18a8,Web Development,Techtonic,,,180,done,682328e4b838d475ecd54f91,2025-05-13T22:14:11.000Z,2025-05-13T20:14:13.000Z,0
68261e8a135f2cb0d06b18a9,fy2,fy2,,,50,done,682328e4b838d475ecd54f9d,2025-05-13T22:06:04.000Z,2025-05-13T21:03:40.000Z,0
68261e8a135f2cb0d06b18aa,fy2,fy2,,,50,done,682328e4b838d475ecd54f9d,2025-05-14T00:10:48.000Z,2025-05-14T10:10:22.000Z,0
68261e8a135f2cb0d06b18ab,fy2,fy2,,,120,done,682328e4b838d475ecd54f9d,2025-05-14T12:10:45.000Z,2025-05-14T19:58:24.000Z,0
68261e8a135f2cb0d06b18ac,fy2,fy2,,,300,done,682328e4b838d475ecd54f9d,2025-05-14T21:58:57.000Z,2025-05-14T19:59:00.000Z,0
68261e8a135f2cb0d06b18ad,fy2,fy2,,,35,done,682328e4b838d475ecd54f9d,2025-05-14T22:34:53.000Z,2025-05-14T20:34:58.000Z,0
68261e8a135f2cb0d06b18ae,Web Development,Techtonic,,,120,done,682328e4b838d475ecd54f91,2025-05-15T17:02:20.000Z,2025-05-15T15:02:25.000Z,0
68261e8a135f2cb0d06b185c,fy2,fy2,,,50,done,682328e4b838d475ecd54f9d,2025-05-01T10:36:12.000Z,2025-05-01T09:28:29.000Z,0
68261e8a135f2cb0d06b185d,fy2,fy2,,,50,done,682328e4b838d475ecd54f9d,2025-05-01T12:23:23.000Z,2025-05-01T11:49:56.000Z,0
688f6f5b4c1f3988fe9732d0,Biology,Heart,vessels,exam perpartion,1,done,688f6ee74c1f3988fe9732c8,2025-08-03T14:16:59.462Z,2025-08-03T14:18:40.778Z,0
68c7be1e9dbe8fdb0a4f6c15,Software Engineering for AI Systems,NumPy,Self-study,"Inrtoduction into numpy and array slicing, manipluation and creation",120,done,682328e4b838d475ecd54f91,2025-09-15T07:19:58.313Z,2025-09-15T07:45:44.763Z,0
68c7be629dbe8fdb0a4f6c18,Software Engineering for AI Systems,NumPy,Self-study,Writing Jupyter notes on NumPy,120,done,682328e4b838d475ecd54f91,2025-09-15T07:21:06.383Z,2025-09-15T17:02:19.242Z,0
68c7bfd99dbe8fdb0a4f6c1b,Software Engineering for AI Systems,NumPy,Self-study,Familiarizing myself with numpy and doing Lab1 questions,120,done,682328e4b838d475ecd54f91,2025-09-14T07:27:21.883Z,2025-09-14T17:01:43.842Z,0
68c7c0159dbe8fdb0a4f6c1e,Software Engineering - Change Management,Literature,reading,reading compulsory articles,120,done,682328e4b838d475ecd54f91,2025-09-14T07:28:21.540Z,2025-09-14T17:01:19.220Z,0
68c7c0499dbe8fdb0a4f6c21,Software Engineering - Change Management,Assignment1,assignment,Doing the first assignment,120,done,682328e4b838d475ecd54f91,2025-09-14T07:29:13.267Z,2025-09-14T15:38:13.742Z,0
68c832d89dbe8fdb0a4f6c35,Software Engineering - Change Management,Assignment1,assignment,Doing the first assignment,180,done,682328e4b838d475ecd54f91,2025-09-15T15:38:00.652Z,2025-09-15T15:38:31.852Z,0
68c84a839dbe8fdb0a4f6c76,Software Engineering - Change Management,Literature,reading,reading compulsory articles,71,done,682328e4b838d475ecd54f91,2025-09-15T17:18:59.991Z,2025-09-15T19:03:42.490Z,0
68c91cca9dbe8fdb0a4f6c86,Software Engineering for AI Systems,Lab2,assignment,understanding linear and multi-linear regression,77,done,682328e4b838d475ecd54f91,2025-09-16T08:16:10.296Z,2025-09-16T10:50:51.381Z,0
68c91ce69dbe8fdb0a4f6c89,Software Engineering for AI Systems,Lab2,assignment,understanding linear and multi-linear regression,140,done,682328e4b838d475ecd54f91,2025-09-16T08:16:38.812Z,2025-09-16T16:42:42.642Z,0
68c91d139dbe8fdb0a4f6c8c,Software Engineering - Change Management,Literature,self-study,go through third lecture and do necessary reading,75,done,682328e4b838d475ecd54f91,2025-09-16T08:17:23.340Z,2025-09-18T09:33:02.820Z,0
68c91dba9dbe8fdb0a4f6c8f,Software Engineering - Change Management,Assignment2,assignment,go through second assignment,53,done,682328e4b838d475ecd54f91,2025-09-16T08:20:10.964Z,2025-09-18T17:26:58.778Z,0
68ca7b869dbe8fdb0a4f6cad,Software Engineering for AI Systems,Lab2,assignment,understanding linear and multi-linear regression,340,done,682328e4b838d475ecd54f91,2025-09-17T09:12:38.234Z,2025-09-17T20:19:48.821Z,0
68ca7b9d9dbe8fdb0a4f6cb0,Software Engineering for AI Systems,Lab2,assignment,understanding linear and multi-linear regression,120,done,682328e4b838d475ecd54f91,2025-09-17T09:13:01.464Z,2025-09-17T11:13:47.932Z,0
68cc7fe61012bbb160ac65a6,حوار مع صديقي الملحد,reading,reading,reading,420,done,682328e4b838d475ecd54f91,2025-08-18T21:55:50.036Z,2025-08-18T21:59:37.402Z,0
68cc800c1012bbb160ac65a9,لأنك الله,reading,reading,reading,300,done,682328e4b838d475ecd54f91,2025-08-15T21:56:28.729Z,2025-08-16T21:58:56.843Z,0
68cc81fb1012bbb160ac65cd,Bayyinah,Quran,quran,Ayah of Hijab Course,120,done,682328e4b838d475ecd54f91,2025-09-18T22:04:43.678Z,2025-09-18T22:04:50.469Z,0
68cd6dc01012bbb160ac65e7,Software Engineering for AI Systems,Vectors,self-study,figuring out vectors,75,done,682328e4b838d475ecd54f91,2025-09-19T14:50:40.454Z,2025-09-19T16:10:05.642Z,0
68cd9af480645db60d526102,Software Engineering for AI Systems,Matrices,self-study,figuring out vectors and matrices,90,done,682328e4b838d475ecd54f91,2025-09-19T18:03:32.083Z,2025-09-19T20:31:50.339Z,0
68cd9b0f80645db60d526105,Software Engineering for AI Systems,Matrices,self-study,figuring out vectors and matrices,70,done,682328e4b838d475ecd54f91,2025-09-19T18:03:59.107Z,2025-09-19T18:04:05.999Z,0
68ce4de880645db60d526134,Software Engineering for AI Systems,Lab3,self-study,understand the use of regression in Machine Learning,120,done,682328e4b838d475ecd54f91,2025-09-20T06:47:04.436Z,2025-09-20T20:46:52.263Z,0
68ce4e0a80645db60d526137,Software Engineering for AI Systems,Lab3,self-study,understand the use of regression in Machine Learning,30,done,682328e4b838d475ecd54f91,2025-09-20T06:47:38.303Z,2025-09-20T07:12:54.827Z,0
68ce4e2b80645db60d52613d,Software Engineering for AI Systems,Lab3,self-study,understand the use of regression in Machine Learning,60,done,682328e4b838d475ecd54f91,2025-09-20T06:48:11.206Z,2025-09-20T09:06:56.191Z,0
68ce4e3b80645db60d526140,Software Engineering for AI Systems,Lab3,self-study,understand the use of regression in Machine Learning,98,done,682328e4b838d475ecd54f91,2025-09-20T06:48:27.580Z,2025-09-20T17:03:32.038Z,0
68cec6a280645db60d52615b,Software Engineering for AI Systems,Lab3,self-study,understand the use of regression in Machine Learning	,70,done,682328e4b838d475ecd54f91,2025-09-20T15:22:10.008Z,2025-09-20T15:22:15.533Z,0
68cec6f280645db60d526168,Quran,Surah Al Anbyaa,memorizing,memorizing the first page and a half of surah Al Anbyaa,40,done,682328e4b838d475ecd54f91,2025-09-20T15:23:30.800Z,2025-09-20T15:23:38.880Z,0
68cfb3ead6871702b1aaa421,Software Engineering for AI Systems,Lab3,self-study,Understanding the implementation of linear regression in NumPy,90,done,682328e4b838d475ecd54f91,2025-09-21T08:14:34.461Z,2025-09-21T09:46:52.412Z,0
68cfb400d6871702b1aaa424,Software Engineering for AI Systems,Lab3,self-study,Understanding the implementation of linear regression in NumPy,62,done,682328e4b838d475ecd54f91,2025-09-21T08:14:56.247Z,2025-09-21T16:48:13.938Z,0
68cfb427d6871702b1aaa427,Software Engineering for AI Systems,Lab3,self-study,Understanding Lab3's objective,165,done,682328e4b838d475ecd54f91,2025-09-21T08:15:35.083Z,2025-09-21T20:24:20.076Z,0
68cfb45cd6871702b1aaa42a,Software Engineering for AI Systems,Lab3,self-study,Understanding Lab3 and solving the exercises,90,done,682328e4b838d475ecd54f91,2025-09-21T08:16:28.361Z,2025-09-22T10:39:53.803Z,0
68d111dad6871702b1aaa451,Writing,Romanticizing,writing,Describe the concept of romanitcizing life,45,done,682328e4b838d475ecd54f91,2025-09-22T09:07:38.442Z,2025-09-22T09:07:43.322Z,0
68d12d55d6871702b1aaa46b,Software Engineering for AI Systems,Lab3,self-study,Understanding Lab3 and solving the exercises,120,done,682328e4b838d475ecd54f91,2025-09-23T11:04:53.286Z,2025-09-23T20:43:18.215Z,0
68d12d65d6871702b1aaa46e,Software Engineering for AI Systems,Lab3,self-study,Understanding Lab3 and solving the exercises,90,done,682328e4b838d475ecd54f91,2025-09-23T11:05:09.305Z,2025-09-23T20:43:03.327Z,0
68d12d73d6871702b1aaa471,Software Engineering for AI Systems,Lab3,self-study,Understanding Lab3 and solving the exercises,90,done,682328e4b838d475ecd54f91,2025-09-22T11:05:23.904Z,2025-09-22T13:38:53.927Z,0
68d1d279d6871702b1aaa491,Software Engineering for AI Systems,Lab3,self-study,Understanding Lab3 and solving the exercises,62,done,682328e4b838d475ecd54f91,2025-09-23T22:49:29.584Z,2025-09-23T22:51:20.202Z,0
68d3f000d6871702b1aaa4f8,Software Engineering for AI Systems,Lab3,self-study,Understanding Lab3 and solving the exercises,75,done,682328e4b838d475ecd54f91,2025-09-24T13:20:00.096Z,2025-09-24T13:20:06.384Z,0
68d4009dd6871702b1aaa510,Software Engineering for AI Systems,Lab3,self-study,Understanding Lab3 and solving the exercises,60,done,682328e4b838d475ecd54f91,2025-09-24T14:30:53.857Z,2025-09-24T14:31:13.248Z,0
68d42c8cd6871702b1aaa527,Software Engineering for AI Systems,Lab4,self-study,Understanding Lab4 and solving the exercises - Logistic Regression,75,done,682328e4b838d475ecd54f91,2025-09-24T17:38:20.094Z,2025-09-24T17:38:26.625Z,0
68d44cbbd6871702b1aaa539,Software Engineering for AI Systems,Lab4,self-study,Understanding Lab4 and solving the exercises,150,done,682328e4b838d475ecd54f91,2025-09-24T19:55:39.904Z,2025-09-24T19:56:12.801Z,0
68d51068d6871702b1aaa551,Software Engineering for AI Systems,Lab4,self-study,Understanding Lab4 and solving the exercises,150,done,682328e4b838d475ecd54f91,2025-09-25T09:50:32.812Z,2025-09-25T09:50:38.715Z,0
68d58488d6871702b1aaa563,Software Engineering for AI Systems,Lab4,self-study	,Understanding Lab4 and solving the exercises,150,done,682328e4b838d475ecd54f91,2025-09-25T18:06:00.797Z,2025-09-25T18:06:07.372Z,0
68d5ab84d6871702b1aaa575,Business,Soria,design,Brainstorming and design of a logo,90,done,682328e4b838d475ecd54f91,2025-09-25T20:52:20.689Z,2025-09-25T20:52:28.096Z,0
68d69c99d6871702b1aaa587,Software Engineering - Change Management,Literature,reading,reading obligatory articles,40,done,682328e4b838d475ecd54f91,2025-09-26T14:00:57.783Z,2025-09-26T14:01:02.954Z,0
68d6a460d6871702b1aaa594,Business,Soria,design,Brainstorming and design of a log and a name,60,done,682328e4b838d475ecd54f91,2025-09-26T14:34:08.013Z,2025-09-26T14:34:12.126Z,0
68d6bd61d6871702b1aaa5a6,Software Engineering - Change Management,Literature,reading,reading obligatory articles,90,done,682328e4b838d475ecd54f91,2025-09-26T16:20:49.495Z,2025-09-26T16:20:54.322Z,0
68d6bd9bd6871702b1aaa5b8,Software Engineering - Change Management,Literature,reading,reading obligatory articles,75,done,682328e4b838d475ecd54f91,2025-09-26T16:21:47.463Z,2025-09-26T19:54:52.831Z,0
68d6c0cad6871702b1aaa5bb,Software Engineering - Change Management,Literature,reading,reading obligatory articles,30,done,682328e4b838d475ecd54f91,2025-09-26T16:35:22.335Z,2025-09-26T17:05:59.162Z,0
68d78b9cd6871702b1aaa5d5,Software Engineering - Change Management,Literature,reading,Obligatory articles,60,done,682328e4b838d475ecd54f91,2025-09-27T07:00:44.851Z,2025-09-27T10:38:58.611Z,0
68d78bbcd6871702b1aaa5d8,Software Engineering - Change Management,Literature,reading,Obligatory articles,75,done,682328e4b838d475ecd54f91,2025-09-27T07:01:16.954Z,2025-09-27T08:45:21.507Z,0
68d7db21d6871702b1aaa5ef,Software Engineering - Change Management,Literature,reading,Obligatory articles,80,done,682328e4b838d475ecd54f91,2025-09-27T12:40:01.547Z,2025-09-27T17:57:59.725Z,0
68d7db30d6871702b1aaa5f2,Software Engineering - Change Management,Literature,reading,Obligatory articles,69,done,682328e4b838d475ecd54f91,2025-09-27T12:40:16.388Z,2025-09-27T13:53:32.076Z,0
68d85024d6871702b1aaa611,Quran,Surah Al Zumar,memorizing,memorizing a part of Surah Al Azumar,30,done,682328e4b838d475ecd54f91,2025-09-27T20:59:16.005Z,2025-09-27T20:59:21.984Z,0
68d8ec29d6871702b1aaa640,Web Development,Techtonic,web-development,Working on the timoria feature branch,90,done,682328e4b838d475ecd54f91,2025-09-28T08:04:57.617Z,2025-09-28T08:05:08.322Z,0
68d90b86d6871702b1aaa6f6,Web Development,Techtonic,web-development,Working on the timoria feature branch,110,done,682328e4b838d475ecd54f91,2025-09-28T10:18:46.227Z,2025-09-28T10:18:50.809Z,0
68de8501d6871702b1aaa70f,Software Engineering - Thesis,Thesis Topic Research,self-study,Going through the list of thesis topics,90,done,682328e4b838d475ecd54f91,2025-10-02T13:58:25.871Z,2025-10-02T13:58:30.505Z,0
68dfc63ed6871702b1aaa721,Software Engineering - Thesis,Thesis,meeting,Meeting with Jawad to discuss the thesis topics,60,done,682328e4b838d475ecd54f91,2025-10-03T12:49:02.808Z,2025-10-03T12:49:07.346Z,0
68dfc666d6871702b1aaa72e,Software Engineering - Thesis,Thesis,meeting,Meeting with Jawad and Rebecka to discuss the thesis topics,90,done,682328e4b838d475ecd54f91,2025-10-03T12:49:42.292Z,2025-10-03T12:49:47.871Z,0
68e2b6a52c3f525028cddcfe,Web Development,Sams cafe,web-development,Setting up the project,90,done,682328e4b838d475ecd54f91,2025-10-05T18:19:17.398Z,2025-10-05T18:19:22.540Z,0
68e2b6d22c3f525028cddd0b,Web Development,Sams cafe,web-development,Setting up the project,30,done,682328e4b838d475ecd54f91,2025-10-05T18:20:02.598Z,2025-10-05T21:37:34.112Z,0
68e3628d2c3f525028cddd1d,Software Engineering - Thesis,project ideas,brainstorming,Brainstorming for Groupware project idea,120,done,682328e4b838d475ecd54f91,2025-10-06T06:32:45.129Z,2025-10-06T08:03:06.721Z,0
68e379232c3f525028cddd29,Software Engineering - Change Management,Literature,reading,Reading/annotating printed articles,30,done,682328e4b838d475ecd54f91,2025-10-06T08:09:07.894Z,2025-10-06T10:06:26.032Z,0
68e3bbeb2c3f525028cddd44,Software Engineering - Thesis,project ideas,meeting,Brainstorming for project ideas with the team,80,done,682328e4b838d475ecd54f91,2025-10-06T12:54:03.338Z,2025-10-06T12:54:08.262Z,0
68e3bcf52c3f525028cddd58,Software Engineering - Change Management,Literature,reading,Reading/annotating printed articles,40,done,682328e4b838d475ecd54f91,2025-10-06T12:58:29.296Z,2025-10-06T13:56:35.243Z,0
68e3db7d2c3f525028cddd65,Software Engineering - Change Management,Literature,reading,Reading/annotating printed articles,55,done,682328e4b838d475ecd54f91,2025-10-06T15:08:45.727Z,2025-10-06T16:08:31.330Z,0
68e3ff6f2c3f525028cddd77,Software Engineering - Change Management,Literature,reading,Reading/annotating printed articles,35,done,682328e4b838d475ecd54f91,2025-10-06T17:42:07.114Z,2025-10-06T18:29:05.546Z,0
68e4137f2c3f525028cddd88,Software Engineering - Change Management,Literature,reading,Reading/annotating printed articles,60,done,682328e4b838d475ecd54f91,2025-10-06T19:07:43.327Z,2025-10-06T20:14:35.366Z,0
68e4dc97a7f4a82cf23d10a7,Software Engineering - Change Management,Literature,reading,Reading Explaining Development and CHange in Organizations,75,done,682328e4b838d475ecd54f91,2025-10-07T09:25:43.401Z,2025-10-07T11:11:40.090Z,0
68e4dd03a7f4a82cf23d10af,Software Engineering for AI Systems,Lab6,self-study,Exploring Artificial Nueral Networks,36,done,682328e4b838d475ecd54f91,2025-10-07T09:27:31.607Z,2025-10-07T16:27:39.528Z,0
68e4dd3ca7f4a82cf23d10b2,Software Engineering for AI Systems,Lab6,self-study,Exploring Artificial Nueral Networks,29,done,682328e4b838d475ecd54f91,2025-10-07T09:28:28.088Z,2025-10-07T12:47:16.190Z,0
68e53f9ca7f4a82cf23d10d0,Software Engineering for AI Systems,Lab6,self-study	,Exploring Artificial Nueral Networks,120,done,682328e4b838d475ecd54f91,2025-10-07T16:28:12.393Z,2025-10-07T19:48:41.467Z,0
68e53fb1a7f4a82cf23d10d3,Software Engineering for AI Systems,Lab6,self-study,Exploring Artificial Nueral Networks,90,done,682328e4b838d475ecd54f91,2025-10-07T16:28:33.445Z,2025-10-07T18:08:40.053Z,0
68e60168a7f4a82cf23d10fe,Software Engineering for AI Systems,Lab6,self-study,Learning about nueral networks,25,done,682328e4b838d475ecd54f91,2025-10-08T06:15:04.915Z,2025-10-08T15:02:31.188Z,0
68e60178a7f4a82cf23d1101,Software Engineering for AI Systems,Lab6,self-study,Learning about nueral networks,90,done,682328e4b838d475ecd54f91,2025-10-08T06:15:20.810Z,2025-10-08T09:10:42.142Z,0
68e60197a7f4a82cf23d1104,Software Engineering for AI Systems,Lab6,self-study,Learning about nueral networks,60,done,682328e4b838d475ecd54f91,2025-10-08T06:15:51.303Z,2025-10-08T07:37:55.311Z,0
68ea49b1a7f4a82cf23d113a,Software Engineering for AI Systems,Lab6,self-study,Solve Lab6 exercises,90,done,682328e4b838d475ecd54f91,2025-10-11T12:12:33.558Z,2025-10-11T17:25:23.842Z,0
68ea4a41a7f4a82cf23d113d,Software Engineering for AI Systems,Lab6,self-study,Solve Lab6 exercises,90,done,682328e4b838d475ecd54f91,2025-10-11T12:14:57.525Z,2025-10-11T15:50:44.108Z,0
68ea6050a7f4a82cf23d1154,Software Engineering for AI Systems,Lab6,self-study,Solve Lab6 exercises,80,done,682328e4b838d475ecd54f91,2025-10-11T13:49:04.796Z,2025-10-11T13:49:08.229Z,0
68eb66daa7f4a82cf23d118b,Software Engineering for AI Systems,Lab7,self-study,Solving Lab7 exercises,45,done,682328e4b838d475ecd54f91,2025-10-12T08:29:14.961Z,2025-10-12T10:50:50.841Z,0
68eb670ba7f4a82cf23d1194,Software Engineering for AI Systems,Lab7,self-study,Solving Lab7 exercises,120,done,682328e4b838d475ecd54f91,2025-10-12T08:30:03.661Z,2025-10-12T10:00:45.408Z,0
68eb95aaa7f4a82cf23d11e3,Software Engineering for AI Systems,Lab7,meeting,Meeting with the team to solve Assignment 3,170,done,682328e4b838d475ecd54f91,2025-10-12T11:48:58.349Z,2025-10-12T13:38:45.382Z,0
68ebe2b9a7f4a82cf23d11f5,Software Engineering for AI Systems,Lab7,self-study,Solving Lab7 exercises,60,done,682328e4b838d475ecd54f91,2025-10-12T17:17:45.351Z,2025-10-12T18:48:10.640Z,0
68ec9b94a7f4a82cf23d120c,Software Engineering for AI Systems,Lab7,self-study,Trying to understand and construct Convolutional Neural Networks,52,done,682328e4b838d475ecd54f91,2025-10-13T06:26:28.324Z,2025-10-13T07:57:46.338Z,0
68ec9bc6a7f4a82cf23d1212,Software Engineering for AI Systems,Lab7,self-study,Trying to understand and construct Convolutional Neural Networks,42,done,682328e4b838d475ecd54f91,2025-10-13T06:27:18.551Z,2025-10-13T09:13:57.352Z,0
68ec9bd7a7f4a82cf23d1215,Software Engineering for AI Systems,Lab7,meeting,Trying to understand and construct Convolutional Neural Networks,69,done,682328e4b838d475ecd54f91,2025-10-13T06:27:35.072Z,2025-10-13T10:55:03.387Z,0
68ecec1ca7f4a82cf23d1251,Software Engineering for AI Systems,Lab7,meeting,Trying to understand and construct Convolutional Neural Networks,160,done,682328e4b838d475ecd54f91,2025-10-13T12:10:04.036Z,2025-10-13T13:40:46.467Z,0
68ee109fa7f4a82cf23d1267,Bayyinah,Ayah of Hijab,taking-notes,Taking notes on the Ayah of Hijab Course starting from the beginning,40,done,682328e4b838d475ecd54f91,2025-10-14T08:58:07.563Z,2025-10-14T10:42:17.387Z,0
68ee10b1a7f4a82cf23d126a,Bayyinah,Ayah of Hijab,taking-notes,Taking notes on the Ayah of Hijab Course starting from the beginning,60,done,682328e4b838d475ecd54f91,2025-10-14T08:58:25.086Z,2025-10-14T09:59:47.853Z,0
68ef73008f7391357dffd0f7,Software Engineering for AI Systems,Lab7,meeting,Meeting to get lab7 done,260,done,682328e4b838d475ecd54f91,2025-10-15T10:10:08.408Z,2025-10-15T11:40:30.080Z,0
68f12a688f7391357dffd111,Web Development,kirby-gaming,programming,"Adding edit, delete and save buttons to customer cards",150,done,682328e4b838d475ecd54f91,2025-10-16T17:24:56.573Z,2025-10-16T17:25:00.455Z,0
68f12e178f7391357dffd11e,Software Engineering for AI Systems,Lab9,self-study,Exploring lab 9,90,done,682328e4b838d475ecd54f91,2025-10-16T17:40:39.943Z,2025-10-16T19:11:31.877Z,0
68f1edc70a0d3e9b867f9198,Software Engineering for AI Systems,lab9,meeting,Solving the exercises,130,done,682328e4b838d475ecd54f91,2025-10-17T07:18:31.471Z,2025-10-17T15:34:42.657Z,0
68f1edda0a0d3e9b867f919b,Software Engineering for AI Systems,lab9,self-study,Exploring lab9,135,done,682328e4b838d475ecd54f91,2025-10-17T07:18:50.443Z,2025-10-17T09:50:05.307Z,0
68f28acc0a0d3e9b867f91be,Software Engineering for AI Systems,lab9,self-study,Solving the exercises,80,done,682328e4b838d475ecd54f91,2025-10-17T18:28:28.504Z,2025-10-17T20:01:07.390Z,0
68f354a90a0d3e9b867f91da,Software Engineering for AI Systems,Lab9,self-study,solving the rest of lab9,45,done,682328e4b838d475ecd54f91,2025-10-18T08:49:45.829Z,2025-10-18T10:20:42.841Z,0
68f39c0a0a0d3e9b867f91e7,Software Engineering for AI Systems,Lab9,self-study,solving the rest of lab9,60,done,682328e4b838d475ecd54f91,2025-10-18T13:54:18.761Z,2025-10-18T13:54:23.832Z,0
68f3b22c0a0d3e9b867f91f9,Software Engineering for AI Systems,Lab10,self-study,solving lab10 exercises,75,done,682328e4b838d475ecd54f91,2025-10-18T15:28:44.965Z,2025-10-18T15:28:48.860Z,0
68f3cede0a0d3e9b867f920b,Software Engineering for AI Systems,Lab9,meeting,Discussing lab9 ,90,done,682328e4b838d475ecd54f91,2025-10-18T17:31:10.837Z,2025-10-18T19:02:43.279Z,0
68f4a9b60a0d3e9b867f921e,Bayyinah,Ayah of Hijab,taking-notes,Taking notes on the Ayah of Hijab Course- lecture 3,150,done,682328e4b838d475ecd54f91,2025-10-19T09:04:54.629Z,2025-10-19T11:05:44.083Z,0
68f4ddd50a0d3e9b867f9243,Software Engineering for AI Systems,Lab10,self-study,Do the rest of the tasks in Lab10,51,done,682328e4b838d475ecd54f91,2025-10-19T12:47:17.858Z,2025-10-19T13:38:50.638Z,0
68f4fb520a0d3e9b867f9255,Software Engineering for AI Systems,Lab10,self-study,Do the rest of the tasks in Lab10,50,done,682328e4b838d475ecd54f91,2025-10-19T14:53:06.545Z,2025-10-19T16:23:44.131Z,0
68f5354c0a0d3e9b867f9267,When Breath Becomes Air,Reading,reading,read pages 88-127,50,done,682328e4b838d475ecd54f91,2025-10-19T19:00:28.064Z,2025-10-19T19:00:32.971Z,0
68f6137c0a0d3e9b867f9279,Software Engineering - Change Management,Assignemnt 3,self-study,Starting assignment 3,74,done,682328e4b838d475ecd54f91,2025-10-20T10:48:28.284Z,2025-10-20T15:28:32.162Z,0
68f67d860a0d3e9b867f9285,Quran,Surah Al Nur,reading,Readin surah Al Nur,45,done,682328e4b838d475ecd54f91,2025-10-20T18:20:54.271Z,2025-10-20T18:21:01.083Z,0
68f733750a0d3e9b867f9294,Software Engineering - Change Management,Assignment3,meeting,doing A3,240,done,682328e4b838d475ecd54f91,2025-10-21T07:17:09.160Z,2025-10-21T12:53:45.322Z,0
68f7338a0a0d3e9b867f9297,Software Engineering - Change Management,Assignment3,self-study,doing A3,60,done,682328e4b838d475ecd54f91,2025-10-21T07:17:30.204Z,2025-10-21T10:32:27.929Z,0
68f733990a0d3e9b867f929a,Software Engineering - Change Management,Assignment3,self-study,doing A3,60,done,682328e4b838d475ecd54f91,2025-10-21T07:17:45.469Z,2025-10-21T08:29:01.765Z,0
68f7f53f0a0d3e9b867f92c5,Software Engineering - Change Management,Assignment3,meeting,doing A3,140,done,682328e4b838d475ecd54f91,2025-10-21T21:03:59.012Z,2025-10-21T21:04:11.558Z,0
68f896970a0d3e9b867f92dd,Software Engineering for AI Systems,exam prep,exam-study,Taking notes on the improtant topics in preparartion for the exam,11,done,682328e4b838d475ecd54f91,2025-10-22T08:32:23.066Z,2025-10-22T12:06:01.447Z,0
68f897660a0d3e9b867f92e0,Software Engineering for AI Systems,exam prep,exam-study,Taking notes on the improtant topics in preparartion for the exam,51,done,682328e4b838d475ecd54f91,2025-10-22T08:35:50.072Z,2025-10-22T10:35:43.477Z,0
68f897750a0d3e9b867f92e3,Software Engineering for AI Systems,exam prep,exam-study,Taking notes on the improtant topics in preparartion for the exam,40,done,682328e4b838d475ecd54f91,2025-10-22T08:36:05.383Z,2025-10-22T09:40:21.536Z,0
68f90dc20a0d3e9b867f930e,Software Engineering for AI Systems,Lab9,meeting,going through the labs and submitting them,105,done,682328e4b838d475ecd54f91,2025-10-22T17:00:50.486Z,2025-10-22T17:00:55.225Z,0
68f93eb60a0d3e9b867f9320,Software Engineering for AI Systems,exam prep,exam-study,Taking notes on the improtant topics in preparartion for the exam,120,done,682328e4b838d475ecd54f91,2025-10-22T20:29:42.014Z,2025-10-22T20:29:50.958Z,0
68f950b70a0d3e9b867f9332,When Breath Becomes Air,Reading,reading,reading until page 164,45,done,682328e4b838d475ecd54f91,2025-10-22T21:46:31.993Z,2025-10-22T21:46:38.278Z,0
68f9f03b0a0d3e9b867f9347,Software Engineering for AI Systems,exam prep,exam-study,Doing past exams,50,done,682328e4b838d475ecd54f91,2025-10-23T09:07:07.858Z,2025-10-23T18:17:34.141Z,0
68f9f0490a0d3e9b867f934a,Software Engineering for AI Systems,exam prep,exam-study,Doing past exams,90,done,682328e4b838d475ecd54f91,2025-10-23T09:07:21.438Z,2025-10-23T13:11:37.269Z,0
68f9f0570a0d3e9b867f934d,Software Engineering for AI Systems,exam prep,exam-study,Doing past exams,84,done,682328e4b838d475ecd54f91,2025-10-23T09:07:35.422Z,2025-10-23T10:32:08.142Z,0
68fa7c010a0d3e9b867f9370,When Breath Becomes Air,Reading,reading,reading until page 191,40,done,682328e4b838d475ecd54f91,2025-10-23T19:03:29.311Z,2025-10-23T19:03:35.368Z,0
68fb20400a0d3e9b867f938f,Software Engineering for AI Systems,exam prep,exam-study,studying for the exam,79,done,682328e4b838d475ecd54f91,2025-10-24T06:44:16.646Z,2025-10-24T21:44:10.036Z,0
68fb204f0a0d3e9b867f9392,Software Engineering for AI Systems,exam prep,exam-study,studying for the exam,90,done,682328e4b838d475ecd54f91,2025-10-24T06:44:31.020Z,2025-10-24T20:04:52.893Z,0
68fb205e0a0d3e9b867f9395,Software Engineering for AI Systems,exam prep,exam-study,studying for the exam,90,done,682328e4b838d475ecd54f91,2025-10-24T06:44:46.109Z,2025-10-24T08:21:47.229Z,0
68fc82089359a780cc96ecef,Software Engineering for AI Systems,exam prep,exam-study,Studying for the SEAIS exam,65,done,682328e4b838d475ecd54f91,2025-10-25T07:53:44.532Z,2025-10-25T15:02:02.751Z,0
68fc82239359a780cc96ecf2,Software Engineering for AI Systems,exam prep,exam-study,Studying for the SEAIS exam,34,done,682328e4b838d475ecd54f91,2025-10-25T07:54:11.797Z,2025-10-25T12:35:59.497Z,0
68fc82409359a780cc96ecf5,Software Engineering for AI Systems,exam prep,exam-study,Studying for the SEAIS exam,83,done,682328e4b838d475ecd54f91,2025-10-25T07:54:40.486Z,2025-10-25T10:24:01.544Z,0
68fc82599359a780cc96ecf8,Software Engineering for AI Systems,exam prep,exam-study,Studying for the SIAIS exam,44,done,682328e4b838d475ecd54f91,2025-10-25T07:55:05.851Z,2025-10-25T08:39:29.334Z,0
68fde0b59359a780cc96ed23,Software Engineering for AI Systems,exam prep,exam-study,Studying for the exam,45,done,682328e4b838d475ecd54f91,2025-10-26T08:49:57.511Z,2025-10-26T14:19:34.987Z,0
68fde0cd9359a780cc96ed26,Software Engineering for AI Systems,exam prep,exam-study,Studying for the exam,50,done,682328e4b838d475ecd54f91,2025-10-26T08:50:21.021Z,2025-10-26T13:07:25.513Z,0
68fde0da9359a780cc96ed29,Software Engineering for AI Systems,exam prep,exam-study,Studying for the exam,120,done,682328e4b838d475ecd54f91,2025-10-26T08:50:34.844Z,2025-10-26T10:22:40.521Z,0
68fe3ff79359a780cc96ed50,Software Engineering for AI Systems,exam prep,exam-study,Studying for the exam,60,done,682328e4b838d475ecd54f91,2025-10-26T15:36:23.782Z,2025-10-26T15:36:27.098Z,0
68fe79f89359a780cc96ed6a,Software Engineering for AI Systems,exam prep,exam-study,Studying for the exam,120,done,682328e4b838d475ecd54f91,2025-10-26T19:43:52.127Z,2025-10-26T21:14:40.771Z,0
68ff3f0b9359a780cc96ed82,Software Engineering for AI Systems,exam prep,exam-study,Studying for the exams,90,done,682328e4b838d475ecd54f91,2025-10-27T09:44:43.982Z,2025-10-27T20:21:17.407Z,0
68ff3f239359a780cc96ed85,Software Engineering for AI Systems,exam prep,exam-study,Studying for the exam,70,done,682328e4b838d475ecd54f91,2025-10-27T09:45:07.193Z,2025-10-27T11:15:40.625Z,0
68ff58939359a780cc96ed97,Software Engineering - Thesis,Thesis topic,meeting,deciding on the topic of the thesis,220,done,682328e4b838d475ecd54f91,2025-10-27T11:33:39.602Z,2025-10-27T13:04:40.613Z,0
6901b4939359a780cc96edc2,Software Engineering for AI Systems,exam prep,exam-study,Studying for the exam,80,done,682328e4b838d475ecd54f91,2025-10-28T06:30:43.921Z,2025-10-28T06:32:17.037Z,0
6901b4a99359a780cc96edc5,Software Engineering for AI Systems,exam prep,exam-study,Studying for the exam,70,done,682328e4b838d475ecd54f91,2025-10-28T06:31:05.850Z,2025-10-28T06:32:11.513Z,0
6901b4c79359a780cc96edc8,Software Engineering for AI Systems,exam prep,exam-study,Studying for the exam,120,done,682328e4b838d475ecd54f91,2025-10-28T06:31:35.529Z,2025-10-28T06:32:05.776Z,0
6901b4da9359a780cc96edcb,Software Engineering for AI Systems,exam prep,exam-study,Studying for the exam,40,done,682328e4b838d475ecd54f91,2025-10-28T06:31:54.352Z,2025-10-28T06:32:00.435Z,0
6901b5359359a780cc96edf6,Software Engineering for AI Systems,exam prep,exam-study,Studying for the exam,90,done,682328e4b838d475ecd54f91,2025-10-29T06:33:25.951Z,2025-10-29T06:33:31.746Z,0
69038b319359a780cc96ee18,Software Engineering - Thesis,Thesis topic,meeting,Deciding on thesis topic,210,done,682328e4b838d475ecd54f91,2025-10-29T15:58:41.213Z,2025-10-29T15:58:45.912Z,0
69038ba49359a780cc96ee2c,Software Engineering - Change Management,exam prep,exam-study,Writing the home exam,110,done,682328e4b838d475ecd54f91,2025-10-30T16:00:36.869Z,2025-10-30T21:03:44.034Z,0
69038bbd9359a780cc96ee2f,Software Engineering - Change Management,exam prep,exam-study,Writing the home exam,25,done,682328e4b838d475ecd54f91,2025-10-30T16:01:01.945Z,2025-10-30T16:56:57.259Z,0
690398ec9359a780cc96ee3c,Software Engineering - Change Management,exam prep,exam-study,Writing the home exam,90,done,682328e4b838d475ecd54f91,2025-10-30T16:57:16.924Z,2025-10-30T18:27:42.736Z,0
690468d49359a780cc96ee5d,Software Engineering - Change Management,exam prep,exam-study,Writing the home exam,105,done,682328e4b838d475ecd54f91,2025-10-31T07:44:20.118Z,2025-10-31T09:24:21.394Z,0
